runtimeMinutes,profitable,release_year,has_us_cert,cert_G_PG,cert_PG-13,cert_R_NC-17,cert_NR,lang_en,lang_fr,lang_hi,lang_other,country_FR,country_GB,country_IN,country_US,country_other,month_1,month_2,month_3,month_4,month_5,month_6,month_7,month_8,month_9,month_10,month_11,month_12,genre_Adventure,genre_Fantasy,genre_Animation,genre_Drama,genre_Horror,genre_Action,genre_Comedy,genre_History,genre_Western,genre_Thriller,genre_Crime,genre_Sci-Fi,genre_Mystery,genre_Music,genre_Romance,genre_Family,genre_War,keywords_freq_max,budget_4root,keywords_freq_sum_sqrt,keywords_count_sqrt,production_companies_freq_sum_sqrt,production_companies_freq_max_sqrt,production_companies_count_log
-0.27586206896551724,1,0.4000000000000057,0,0,0,0,1,0,0,0,1,0,0,0,0,1,0.0,0.0,0.0,0.0,0.0,0.0,1.0,0.0,0.0,0.0,0.0,0.0,0,0,0,0,0,1,1,0,0,0,0,0,0,0,0,0,0,-0.16778523489932887,-0.20041781736976136,-0.5432568729581231,-0.5973579848037531,-0.1565449347162588,-0.05962431082057667,-0.32192809488736235
1.5172413793103448,1,0.20000000000001705,0,0,0,0,1,0,0,1,0,0,0,1,0,0,0.0,0.0,0.0,0.0,0.0,0.0,0.0,1.0,0.0,0.0,0.0,0.0,0,0,0,1,0,0,1,0,0,0,0,0,0,0,1,0,0,-0.13422818791946312,-0.6407256888209075,-0.4928961153940979,-0.33313313904221287,-0.27300404985656557,-0.46159098629542233,0.26303440583379395
-0.4827586206896552,0,0.10000000000002274,1,0,1,0,0,1,0,0,0,0,0,0,1,0,0.0,0.0,0.0,0.0,0.0,0.0,0.0,0.0,0.0,0.0,0.0,1.0,0,0,0,1,0,0,0,0,0,0,0,0,0,0,1,0,0,-0.0738255033557047,0.5121886671559032,-0.12582808502335943,0.0,0.7631112597443181,0.5902452854112349,0.4854268271702419
0.20689655172413793,0,0.6000000000000227,1,0,0,1,0,1,0,0,0,0,0,0,1,0,0.0,0.0,0.0,0.0,0.0,0.0,0.0,0.0,0.0,0.0,1.0,0.0,0,0,0,1,0,0,0,0,0,0,0,0,0,0,0,0,0,0.7651006711409396,0.02588138400841265,0.6126031529644477,0.45836890322464535,0.19475272581557548,0.29807298457586645,0.26303440583379395
-0.27586206896551724,1,0.9000000000000057,0,0,0,0,1,0,1,0,0,1,0,0,0,0,0.0,0.0,0.0,0.0,0.0,0.0,0.0,0.0,0.0,0.0,1.0,0.0,0,0,0,1,0,0,1,0,0,0,0,0,0,1,0,0,0,0.0,-0.5435437894252269,-0.3235668700463594,-0.2153165603828081,-0.03656705672767457,0.20748041370096285,-0.736965594166206
0.20689655172413793,0,0.20000000000001705,0,0,0,0,1,0,1,0,0,1,0,0,0,0,0.0,0.0,0.0,0.0,0.0,0.0,0.0,0.0,0.0,1.0,0.0,0.0,0,0,0,1,0,0,0,0,0,0,1,0,0,0,0,0,1,-0.2684563758389262,0.22007978243893608,-0.43488040245666615,0.19466105017012347,0.4600592805655788,0.20748041370096285,0.8479969065549505
0.5517241379310345,0,0.10000000000002274,1,0,0,1,0,1,0,0,0,0,0,0,1,0,0.0,0.0,0.0,0.0,0.0,0.0,1.0,0.0,0.0,0.0,0.0,0.0,0,0,0,1,0,0,0,0,0,1,1,0,0,0,0,0,0,0.22818791946308717,0.3514468174589396,0.15098964152194116,0.19466105017012347,-0.9320941296030667,-0.9231819725908447,-1.3219280948873624
0.06896551724137931,0,0.5,1,0,0,1,0,0,0,0,1,0,0,0,0,1,0.0,0.0,0.0,0.0,0.0,0.0,1.0,0.0,0.0,0.0,0.0,0.0,0,0,0,1,1,0,0,0,0,0,0,1,0,0,0,0,0,0.34228187919463077,-0.7846718166855144,-0.021374457447631966,0.0,-0.35403388971568844,-0.2703937395026851,0.26303440583379395
1.9655172413793103,1,0.0,1,0,0,1,0,1,0,0,0,0,0,0,1,0,0.0,0.0,0.0,0.0,0.0,0.0,0.0,0.0,0.0,0.0,0.0,1.0,0,0,0,1,0,0,0,0,1,0,0,0,1,0,0,0,0,-0.1476510067114094,0.6567429505681271,-0.3235668700463594,0.3736703603919092,-0.44845423396059875,-0.4071075610119756,-0.32192809488736235
1.6206896551724137,1,0.9000000000000057,0,0,0,0,1,0,0,1,0,0,0,1,0,0,0.0,1.0,0.0,0.0,0.0,0.0,0.0,0.0,0.0,0.0,0.0,0.0,0,0,0,1,0,1,0,0,0,1,0,0,0,0,0,0,0,-0.44295302013422816,-0.8713044396696138,-1.4070699871624215,-2.039507733308835,-0.3836980347548376,-0.31255449400748914,-0.736965594166206
-0.20689655172413793,0,0.8000000000000114,1,0,0,1,0,1,0,0,0,0,0,0,1,0,0.0,0.0,0.0,0.0,0.0,0.0,0.0,0.0,1.0,0.0,0.0,0.0,0,0,0,1,0,0,1,1,0,0,0,0,0,0,0,0,0,0.7651006711409396,0.24848959461539918,0.6076710988622878,1.6654420532534049,-0.325819435233824,-0.157719918514846,-0.32192809488736235
2.0,1,0.8000000000000114,1,0,0,1,0,1,0,0,0,0,0,0,1,0,0.0,0.0,1.0,0.0,0.0,0.0,0.0,0.0,0.0,0.0,0.0,0.0,0,0,0,0,0,1,0,0,0,1,1,0,0,0,0,0,0,0.832214765100671,1.0829171270718088,0.8935504718046708,0.7717596693105655,1.0196618763312426,1.1794650380972311,0.0
-0.3448275862068966,0,0.20000000000001705,1,0,1,0,0,1,0,0,0,0,0,0,1,0,0.0,0.0,0.0,0.0,0.0,0.0,0.0,0.0,0.0,0.0,0.0,1.0,0,0,0,1,0,0,0,0,0,0,0,0,0,0,1,0,0,-0.24161073825503357,0.2695284153278356,-0.8340811894016062,-0.45971183619556405,-0.27300404985656557,-0.4071075610119756,-0.32192809488736235
-0.27586206896551724,0,1.0,1,0,1,0,0,0,1,0,0,1,0,0,0,0,0.0,0.0,0.0,0.0,0.0,0.0,0.0,0.0,0.0,1.0,0.0,0.0,0,0,0,1,0,0,0,0,0,1,1,0,1,0,0,0,0,-0.046979865771812096,-0.5602958728301602,-0.5432568729581231,-0.7496097847521995,0.01775576934642723,0.23079549314771114,0.26303440583379395
-0.896551724137931,0,0.4000000000000057,1,0,0,1,0,1,0,0,0,0,0,0,1,0,0.0,0.0,0.0,0.0,0.0,0.0,0.0,0.0,0.0,1.0,0.0,0.0,0,0,0,1,0,0,1,0,0,0,1,0,0,0,0,0,0,-0.44295302013422816,-0.582495706322902,-1.4070699871624215,-2.039507733308835,-0.5664967330375806,-0.46159098629542233,-0.32192809488736235
0.27586206896551724,0,0.0,1,0,0,1,0,1,0,0,0,0,0,0,1,0,0.0,0.0,0.0,0.0,0.0,0.0,0.0,0.0,0.0,1.0,0.0,0.0,0,0,0,1,1,0,0,0,0,0,0,0,1,0,1,0,0,0.34228187919463077,0.8164751569748516,0.2827097958462844,0.45836890322464535,0.01775576934642723,0.10896685056689351,-0.736965594166206
-0.10344827586206896,1,0.0,1,0,0,1,0,1,0,0,0,0,0,0,1,0,0.0,0.0,0.0,0.0,0.0,0.0,1.0,0.0,0.0,0.0,0.0,0.0,0,0,0,1,0,0,0,0,0,1,0,0,1,0,0,0,0,-0.13422818791946312,-0.5109356414615643,-0.03218629127367543,0.8447917637013288,0.30770696263625097,0.6421492205550592,-0.32192809488736235
-0.13793103448275862,1,0.8000000000000114,1,0,1,0,0,1,0,0,0,0,0,0,1,0,0.0,0.0,0.0,0.0,0.0,0.0,1.0,0.0,0.0,0.0,0.0,0.0,0,0,0,0,1,0,0,0,0,1,0,0,0,0,0,0,0,0.832214765100671,-0.09703259835542173,0.595287815686827,0.3736703603919092,0.6719579378896411,0.6421492205550592,-0.32192809488736235
-0.06896551724137931,0,0.5,1,0,0,1,0,1,0,0,0,0,0,0,1,0,1.0,0.0,0.0,0.0,0.0,0.0,0.0,0.0,0.0,0.0,0.0,0.0,0,0,0,0,0,1,0,0,0,1,0,0,0,0,0,0,0,1.0805369127516775,0.6844643185362139,0.4294218846263985,-0.7496097847521995,0.9140822264296563,0.8495918482279355,0.6780719051126377
0.2413793103448276,0,0.20000000000001705,1,0,1,0,0,1,0,0,0,0,0,0,1,0,0.0,0.0,0.0,0.0,0.0,0.0,0.0,0.0,0.0,1.0,0.0,0.0,0,0,0,1,0,0,0,0,0,0,0,0,0,0,0,0,0,-0.2348993288590604,-0.13230379834538808,-0.5607094419924123,-0.5973579848037531,-0.018100638189351426,-0.12368293201134385,0.26303440583379395
-0.3103448275862069,0,0.30000000000001137,1,0,1,0,0,1,0,0,0,0,0,0,1,0,0.0,0.0,0.0,0.0,0.0,0.0,1.0,0.0,0.0,0.0,0.0,0.0,1,0,0,0,0,1,0,0,0,1,0,0,0,0,0,0,0,-0.3624161073825503,1.4353366479305136,-0.9184234985770382,0.0,1.2614902497898497,1.3263342348286624,0.4854268271702419
-0.06896551724137931,1,0.4000000000000057,1,1,0,0,0,1,0,0,0,0,0,0,1,0,0.0,0.0,0.0,0.0,0.0,0.0,0.0,0.0,1.0,0.0,0.0,0.0,0,0,0,1,0,0,0,1,0,0,0,0,0,0,0,1,0,0.7651006711409396,0.24445189556535332,0.33489363420573676,0.3736703603919092,-0.09440525778300253,-0.1933425405422934,-0.32192809488736235
-0.3103448275862069,0,0.8000000000000114,1,0,0,1,0,1,0,0,0,0,0,0,1,0,0.0,0.0,0.0,0.0,0.0,0.0,0.0,0.0,0.0,0.0,1.0,0.0,0,1,0,0,0,0,1,0,0,0,0,0,0,0,0,0,0,-0.14093959731543623,-0.32212437995968624,-0.1375291694074079,0.3736703603919092,0.34749675837613486,0.44222257845083546,-0.32192809488736235
-0.6551724137931034,0,0.30000000000001137,0,0,0,0,1,1,0,0,0,0,0,0,1,0,0.0,0.0,0.0,0.0,0.0,1.0,0.0,0.0,0.0,0.0,0.0,0.0,0,0,0,0,1,1,1,0,0,0,0,0,0,0,0,0,0,0.34228187919463077,-0.7876223394372924,0.16687241318798832,0.19466105017012347,-0.9320941296030667,-0.9231819725908447,-0.32192809488736235
0.8620689655172413,0,0.10000000000002274,0,0,0,0,1,0,0,1,0,0,0,1,0,0,0.0,0.0,0.0,0.0,0.0,1.0,0.0,0.0,0.0,0.0,0.0,0.0,0,0,0,0,0,0,0,0,0,1,1,0,1,0,0,0,0,-0.3758389261744966,-0.510435921832445,-1.0916500350834346,-1.3945587590305173,-0.2481240298807802,-0.05962431082057667,0.0
1.6551724137931034,0,0.9000000000000057,0,0,0,0,1,0,0,1,0,0,0,1,0,0,0.0,0.0,0.0,0.0,0.0,0.0,0.0,0.0,0.0,0.0,0.0,1.0,0,0,0,1,0,1,0,0,0,1,1,0,0,0,0,0,0,-0.03355704697986583,0.034558495258195765,-0.5666074967421031,-1.1274121468458216,-0.3836980347548376,-0.31255449400748914,0.0
0.3793103448275862,1,0.20000000000001705,1,0,0,1,0,1,0,0,0,0,0,0,1,0,0.0,1.0,0.0,0.0,0.0,0.0,0.0,0.0,0.0,0.0,0.0,0.0,0,0,0,0,0,1,0,0,0,1,1,0,0,0,0,0,0,0.832214765100671,0.5683890355536972,0.641946188555413,0.7717596693105655,0.2941568170729958,0.2760665882784065,-0.32192809488736235
0.2413793103448276,0,0.6000000000000227,1,0,1,0,0,1,0,0,0,0,0,0,1,0,0.0,0.0,0.0,0.0,0.0,0.0,0.0,0.0,0.0,0.0,1.0,0.0,0,0,0,0,0,1,1,0,0,0,1,0,0,0,0,0,0,-0.2885906040268456,1.5906584891807638,-0.7305695567266767,-0.5973579848037531,-0.17839578835790348,-0.157719918514846,-0.32192809488736235
1.2758620689655173,1,0.10000000000002274,0,0,0,0,1,0,0,1,0,0,0,1,0,0,0.0,0.0,0.0,0.0,0.0,0.0,0.0,1.0,0.0,0.0,0.0,0.0,0,0,0,1,0,0,0,0,0,1,1,0,0,0,0,0,0,-0.44295302013422816,-0.4328892244453412,-1.4070699871624215,-1.3945587590305173,-0.2481240298807802,-0.31255449400748914,-0.32192809488736235
-0.2413793103448276,0,1.0,1,0,0,1,0,1,0,0,0,0,0,0,1,0,0.0,0.0,0.0,0.0,0.0,0.0,0.0,1.0,0.0,0.0,0.0,0.0,0,0,0,0,0,0,1,0,0,0,0,0,0,0,1,0,0,-0.11409395973154363,-0.009913921746310927,-0.261092391640791,0.285888863509545,-0.2481240298807802,-0.31255449400748914,0.26303440583379395
1.793103448275862,1,0.8000000000000114,1,0,1,0,0,1,0,0,0,0,0,0,1,0,0.0,0.0,0.0,0.0,0.0,0.0,1.0,0.0,0.0,0.0,0.0,0.0,1,0,0,0,0,1,0,0,0,1,0,0,0,0,0,0,0,0.832214765100671,1.782400714671138,0.3744245828005023,0.6967790260802048,0.6297386331638595,0.8495918482279355,-0.32192809488736235
0.6206896551724138,0,0.8000000000000114,1,0,1,0,0,1,0,0,0,0,0,0,1,0,0.0,0.0,0.0,1.0,0.0,0.0,0.0,0.0,0.0,0.0,0.0,0.0,0,0,0,1,0,0,0,1,0,0,0,0,0,0,0,0,0,0.7651006711409396,0.28713530067138443,0.9950968009336099,0.19466105017012347,-0.41506133301186154,-0.4071075610119756,-0.736965594166206
0.41379310344827586,0,0.8000000000000114,1,0,1,0,0,1,0,0,0,0,0,0,1,0,0.0,0.0,0.0,0.0,0.0,0.0,1.0,0.0,0.0,0.0,0.0,0.0,0,1,0,1,0,0,1,0,0,0,0,0,0,0,0,0,0,-0.19463087248322147,1.4707171339416028,-0.2567597576788753,-0.33313313904221287,-0.03656705672767457,0.1344558448132036,-0.736965594166206
1.1379310344827587,0,0.4000000000000057,1,0,0,1,0,1,0,0,0,0,0,0,1,0,0.0,0.0,0.0,0.0,0.0,0.0,0.0,0.0,0.0,1.0,0.0,0.0,0,0,0,1,0,0,0,0,0,1,0,0,0,0,0,0,0,1.0805369127516775,0.26782313008999786,0.32917288436683706,-0.10466081047388179,-0.6154774966199021,-0.5234324523010943,-0.736965594166206
-0.3448275862068966,0,0.30000000000001137,1,0,1,0,0,1,0,0,0,0,0,0,1,0,0.0,0.0,1.0,0.0,0.0,0.0,0.0,0.0,0.0,0.0,0.0,0.0,1,0,1,0,0,0,1,0,0,0,0,0,0,0,0,0,0,-0.2550335570469799,0.4642199357324869,-0.3281677533231954,-0.2153165603828081,0.05230698717915964,-0.09103698790077436,0.0
-0.9655172413793104,0,0.10000000000002274,0,0,0,0,1,1,0,0,0,0,0,0,1,0,0.0,0.0,0.0,0.0,0.0,0.0,0.0,1.0,0.0,0.0,0.0,0.0,0,1,0,0,1,1,0,0,0,0,0,0,0,0,0,0,0,-0.20134228187919465,-0.6534858773484684,-0.38013702469758254,-0.45971183619556405,-0.9320941296030667,-0.9231819725908447,-0.32192809488736235
-0.41379310344827586,0,0.20000000000001705,1,0,0,1,0,1,0,0,0,0,0,0,1,0,0.0,0.0,1.0,0.0,0.0,0.0,0.0,0.0,0.0,0.0,0.0,0.0,0,0,0,1,0,1,0,0,0,1,0,0,0,0,0,0,0,1.0805369127516775,0.33841097951027654,0.24098039751264494,-0.2153165603828081,-0.325819435233824,-0.31255449400748914,0.4854268271702419
1.3103448275862069,0,0.6000000000000227,0,0,0,0,1,0,1,0,0,1,0,0,0,0,0.0,0.0,0.0,0.0,0.0,0.0,0.0,0.0,0.0,1.0,0.0,0.0,0,0,0,1,0,0,0,1,0,0,0,0,0,0,1,0,0,1.0805369127516775,0.10513766056215322,0.3348936342057365,-0.10466081047388179,0.22402635017168981,0.0,0.4854268271702419
-0.27586206896551724,0,0.0,1,0,1,0,0,1,0,0,0,0,0,0,1,0,0.0,0.0,0.0,0.0,0.0,0.0,0.0,0.0,0.0,1.0,0.0,0.0,0,0,0,1,0,0,0,0,0,0,0,0,0,0,1,0,0,-0.3288590604026846,-0.3690754012502286,-0.6741002542843467,-0.45971183619556405,0.1646980600933915,0.2760665882784065,0.0
-0.7586206896551724,0,0.700000000000017,1,0,0,1,0,1,0,0,0,0,0,0,1,0,0.0,0.0,0.0,0.0,0.0,0.0,0.0,0.0,0.0,0.0,0.0,1.0,0,0,0,1,0,0,0,0,0,1,0,0,0,0,1,0,0,0.2885906040268456,-0.6771367439689848,0.25301012201768636,1.311745441909603,0.7532265959499519,1.1794650380972311,0.0
0.034482758620689655,1,0.30000000000001137,1,0,0,1,0,1,0,0,0,0,0,0,1,0,0.0,0.0,0.0,0.0,0.0,0.0,1.0,0.0,0.0,0.0,0.0,0.0,0,1,0,0,0,0,1,0,0,0,0,1,0,0,0,0,0,-0.1476510067114094,-0.7023305213800084,0.038365818938879775,0.6196850107744367,-0.325819435233824,-0.3578507794449409,0.26303440583379395
1.5517241379310345,1,0.0,1,0,0,1,0,1,0,0,0,0,0,0,1,0,0.0,0.0,0.0,0.0,0.0,0.0,0.0,0.0,0.0,0.0,0.0,1.0,1,0,0,1,0,0,0,0,1,0,0,0,0,0,0,0,0,1.0805369127516775,1.5573956104280011,1.6769565584115942,1.883563721385586,0.5753025528872597,0.2760665882784065,1.0000000000000007
1.2413793103448276,1,0.10000000000002274,0,0,0,0,1,0,0,0,1,0,0,0,0,1,0.0,0.0,0.0,0.0,0.0,0.0,0.0,0.0,1.0,0.0,0.0,0.0,0,0,0,0,0,0,0,0,0,1,1,0,1,0,0,0,0,-0.3422818791946308,-1.373183238068429,-0.8887821186398424,0.3736703603919092,-0.9320941296030667,-0.9231819725908447,-0.736965594166206
0.27586206896551724,0,1.0,1,0,1,0,0,1,0,0,0,0,0,0,1,0,0.0,0.0,0.0,0.0,0.0,0.0,0.0,0.0,0.0,1.0,0.0,0.0,0,0,0,1,0,0,0,0,0,0,0,0,0,1,0,0,0,1.0805369127516775,0.5994149131230017,0.595287815686827,-0.45971183619556405,0.7827096609981056,0.9375507803116744,0.26303440583379395
0.2413793103448276,0,0.30000000000001137,1,0,0,1,0,1,0,0,0,0,0,0,1,0,0.0,0.0,0.0,0.0,0.0,0.0,0.0,0.0,1.0,0.0,0.0,0.0,0,0,0,0,0,0,0,0,0,1,1,0,0,0,0,0,0,1.0805369127516775,-0.3354591941025287,0.2973655757585426,-0.33313313904221287,-0.018100638189351426,-0.157719918514846,1.3785116232537302
0.4482758620689655,1,0.8000000000000114,1,0,1,0,0,0,0,0,1,0,0,0,0,1,0.0,0.0,0.0,0.0,0.0,0.0,0.0,0.0,0.0,0.0,1.0,0.0,0,0,0,0,1,1,0,0,0,0,0,1,0,0,0,0,0,0.48993288590604017,-0.12952963404284845,0.2560039569279757,0.9160197607056829,-0.2988608636367374,-0.12368293201134385,-0.32192809488736235
-0.3103448275862069,1,0.10000000000002274,1,0,1,0,0,1,0,0,0,0,0,0,1,0,1.0,0.0,0.0,0.0,0.0,0.0,0.0,0.0,0.0,0.0,0.0,0.0,0,0,0,0,0,1,1,0,0,0,0,0,0,0,0,0,0,0.832214765100671,0.5826406624138034,0.19506466734492314,-0.45971183619556405,0.9851147923262015,1.3263342348286624,0.0
0.8275862068965517,0,1.0,1,0,0,1,0,1,0,0,0,0,0,0,1,0,0.0,0.0,0.0,0.0,0.0,0.0,0.0,0.0,0.0,1.0,0.0,0.0,0,0,0,1,0,0,0,1,0,0,0,0,0,0,0,0,0,0.7651006711409396,-0.15686007884268272,0.3660278609431278,0.19466105017012347,-0.03656705672767457,-0.157719918514846,0.26303440583379395
0.5517241379310345,0,0.8000000000000114,1,0,1,0,0,1,0,0,0,0,0,0,1,0,0.0,0.0,0.0,0.0,0.0,1.0,0.0,0.0,0.0,0.0,0.0,0.0,1,0,0,0,0,1,0,0,0,0,0,1,0,0,0,0,0,0.48993288590604017,1.666251755198808,0.3434397049046979,0.0,0.905010051841306,0.8495918482279355,0.6780719051126377
-0.6896551724137931,0,0.0,1,0,0,1,0,1,0,0,0,0,0,0,1,0,0.0,0.0,0.0,0.0,1.0,0.0,0.0,0.0,0.0,0.0,0.0,0.0,0,0,0,0,1,0,0,0,0,0,0,1,1,0,0,0,0,-0.261744966442953,-0.5109356414615643,-0.5666074967421029,0.19466105017012347,0.5302954566588778,0.6421492205550592,0.6780719051126377
-0.4827586206896552,0,0.9000000000000057,1,0,0,1,0,1,0,0,0,0,0,0,1,0,0.0,0.0,0.0,0.0,0.0,0.0,0.0,1.0,0.0,0.0,0.0,0.0,0,0,0,0,1,0,0,0,0,1,0,0,0,0,0,0,0,0.395973154362416,-0.7021304376203816,0.865267537545911,0.3736703603919092,-0.2241178154456085,-0.12368293201134385,0.0
0.1724137931034483,0,0.30000000000001137,1,0,1,0,0,1,0,0,0,0,0,0,1,0,0.0,0.0,0.0,0.0,0.0,0.0,0.0,0.0,0.0,0.0,1.0,0.0,1,1,0,0,0,1,0,0,0,1,0,0,0,0,0,0,0,0.0,1.242026012774639,0.4375300559356092,0.8447917637013288,1.2690936846487004,1.1794650380972311,0.6780719051126377
-0.13793103448275862,1,0.8000000000000114,1,0,0,1,0,1,0,0,0,0,1,0,0,0,1.0,0.0,0.0,0.0,0.0,0.0,0.0,0.0,0.0,0.0,0.0,0.0,1,0,0,0,0,1,0,0,0,1,0,0,0,0,0,0,0,-0.16778523489932887,0.1426247182901423,-0.6153721907350752,-0.45971183619556405,0.03518566168186925,-0.09103698790077436,0.26303440583379395
-0.6551724137931034,1,0.10000000000002274,1,0,0,1,0,1,0,0,0,0,0,0,1,0,0.0,0.0,0.0,0.0,1.0,0.0,0.0,0.0,0.0,0.0,0.0,0.0,0,0,0,0,0,0,1,0,0,0,0,0,0,0,0,0,0,0.832214765100671,0.49366379898567125,0.24399604575224826,-0.2153165603828081,1.078691551507107,1.3263342348286624,0.0
0.06896551724137931,0,0.5,1,0,0,1,0,1,0,0,0,0,0,0,1,0,0.0,0.0,0.0,0.0,0.0,0.0,0.0,0.0,0.0,1.0,0.0,0.0,0,0,0,0,0,1,0,0,0,1,0,1,0,0,0,0,0,-0.046979865771812096,0.9312296387544837,0.2797633598069816,0.5402881638044359,0.14935755368439613,-0.09103698790077436,1.3785116232537302
0.27586206896551724,1,0.0,1,0,1,0,0,1,0,0,0,0,0,0,1,0,0.0,0.0,1.0,0.0,0.0,0.0,0.0,0.0,0.0,0.0,0.0,0.0,0,0,0,0,0,1,0,0,0,1,0,1,0,0,0,0,0,1.0805369127516775,1.3734852229203103,0.8848852038808394,0.6196850107744367,0.19475272581557548,0.2760665882784065,-0.32192809488736235
-1.206896551724138,0,0.10000000000002274,1,0,0,1,0,1,0,0,0,0,0,0,1,0,0.0,0.0,0.0,0.0,0.0,0.0,0.0,0.0,0.0,0.0,0.0,1.0,0,0,0,1,1,0,0,0,0,0,0,0,0,0,0,0,0,-0.2953020134228188,-1.3299104617948723,-0.6409175856128919,-0.5973579848037531,-0.9320941296030667,-0.9231819725908447,-0.736965594166206
0.8620689655172413,0,0.6000000000000227,1,0,1,0,0,0,0,0,1,0,0,0,0,1,0.0,0.0,0.0,1.0,0.0,0.0,0.0,0.0,0.0,0.0,0.0,0.0,1,0,0,0,0,1,0,0,0,0,0,0,0,0,0,0,0,-0.026845637583892613,-0.26839173920312964,-0.34677091062058646,-0.45971183619556405,-0.9320941296030667,-0.9231819725908447,-0.736965594166206
0.27586206896551724,1,0.0,1,0,0,1,0,1,0,0,0,0,1,0,0,0,0.0,0.0,0.0,0.0,0.0,0.0,0.0,0.0,0.0,1.0,0.0,0.0,0,0,0,1,0,0,1,0,0,0,0,0,0,0,1,0,0,-0.046979865771812096,-0.5986446737533193,-0.050397475413199555,0.6196850107744367,0.5973095079532761,0.46159098629542217,1.2630344058337943
0.2413793103448276,1,0.0,1,0,0,1,0,1,0,0,0,0,0,0,1,0,0.0,0.0,0.0,0.0,0.0,0.0,0.0,0.0,0.0,1.0,0.0,0.0,0,0,0,1,0,0,0,0,0,1,0,0,0,0,0,0,0,1.0805369127516775,-0.07476435593067499,0.622431304144813,0.45836890322464535,0.8307526761998298,0.46159098629542217,0.4854268271702419
-0.1724137931034483,0,0.20000000000001705,0,0,0,0,1,1,0,0,0,0,0,0,1,0,0.0,0.0,1.0,0.0,0.0,0.0,0.0,0.0,0.0,0.0,0.0,0.0,0,0,0,1,0,0,0,0,0,0,0,0,0,0,1,0,1,-0.3758389261744966,0.5683890355536972,-0.8086027063439648,-0.45971183619556405,-0.9320941296030667,-0.9231819725908447,-1.3219280948873624
-0.6896551724137931,0,0.5,1,1,0,0,0,1,0,0,0,0,0,0,1,0,0.0,0.0,1.0,0.0,0.0,0.0,0.0,0.0,0.0,0.0,0.0,0.0,1,1,1,0,0,0,1,0,0,0,0,0,0,1,0,1,0,0.832214765100671,1.1295671093924817,1.0218684533609212,1.1200840609177067,-0.2481240298807802,-0.05962431082057667,-1.3219280948873624
0.3793103448275862,0,0.700000000000017,0,0,0,0,1,0,0,0,1,0,0,0,0,1,0.0,0.0,0.0,0.0,0.0,0.0,0.0,0.0,1.0,0.0,0.0,0.0,0,0,0,0,1,1,0,0,0,1,1,0,0,0,0,0,0,-0.348993288590604,-0.35118808300839904,-0.9958126851139742,-0.7496097847521995,-0.5664967330375806,-0.46159098629542233,0.0
0.3793103448275862,0,0.0,1,0,0,1,0,1,0,0,0,0,0,0,1,0,0.0,0.0,0.0,0.0,0.0,0.0,0.0,0.0,0.0,1.0,0.0,0.0,0,0,0,1,0,0,0,1,0,0,0,0,0,0,0,0,0,0.7651006711409396,0.4025271570228527,0.5928019577416314,-0.2153165603828081,1.1839537877603266,1.3263342348286624,0.6780719051126377
-0.5517241379310345,0,0.9000000000000057,1,0,0,1,0,1,0,0,0,0,0,0,1,0,0.0,0.0,0.0,0.0,1.0,0.0,0.0,0.0,0.0,0.0,0.0,0.0,0,0,0,0,1,0,0,0,0,1,0,0,0,0,0,0,0,0.0,0.0552903100797105,-0.3420896557325782,-0.5973579848037531,-0.2988608636367374,-0.12368293201134385,-0.736965594166206
1.3448275862068966,1,0.8000000000000114,0,0,0,0,1,0,0,0,1,0,0,1,0,0,0.0,0.0,0.0,0.0,1.0,0.0,0.0,0.0,0.0,0.0,0.0,0.0,1,0,0,0,0,1,0,0,0,1,0,0,0,0,0,0,0,-0.44295302013422816,-0.7902937645896584,-1.4070699871624215,-1.3945587590305173,-0.5664967330375806,-0.5967878560467649,-0.736965594166206
1.3793103448275863,1,0.8000000000000114,1,0,0,1,0,0,1,0,0,1,0,0,0,0,0.0,0.0,0.0,0.0,0.0,0.0,0.0,1.0,0.0,0.0,0.0,0.0,0,0,0,0,0,0,0,0,0,1,1,0,1,0,0,0,0,0.2885906040268456,-0.49411807973763894,0.7507344805160306,0.9160197607056829,0.1019714635793437,0.20748041370096285,0.0
-0.41379310344827586,1,0.5,1,1,0,0,0,1,0,0,0,0,0,0,1,0,0.0,1.0,0.0,0.0,0.0,0.0,0.0,0.0,0.0,0.0,0.0,0.0,0,0,0,0,0,1,1,0,0,0,0,1,0,0,0,1,0,0.48993288590604017,1.0833566918051312,0.6002502961668663,0.45836890322464535,0.7631112597443181,0.8495918482279355,0.4854268271702419
1.1379310344827587,0,1.0,1,0,0,1,0,1,0,0,0,0,0,0,1,0,1.0,0.0,0.0,0.0,0.0,0.0,0.0,0.0,0.0,0.0,0.0,0.0,0,0,0,0,0,1,0,0,0,1,1,0,0,0,0,0,0,-0.2885906040268456,0.39073745074456007,-0.737963226052659,-0.45971183619556405,0.923110037508502,1.1794650380972311,0.26303440583379395
0.3103448275862069,1,0.20000000000001705,1,0,0,1,0,1,0,0,0,0,0,0,1,0,0.0,0.0,1.0,0.0,0.0,0.0,0.0,0.0,0.0,0.0,0.0,0.0,0,0,0,1,0,0,1,0,0,0,0,0,0,0,1,0,0,0.7651006711409396,-0.5244912626970895,0.9763864328878897,1.3732414552244092,0.11800444438775436,0.29807298457586645,-0.32192809488736235
0.7586206896551724,0,0.8000000000000114,1,0,1,0,0,1,0,0,0,0,0,0,1,0,0.0,0.0,0.0,0.0,0.0,0.0,0.0,0.0,1.0,0.0,0.0,0.0,1,0,0,0,0,1,0,0,0,0,0,1,0,0,0,0,0,-0.3221476510067114,0.9087282080735993,-0.49835391863114664,0.285888863509545,0.17982694289849213,-0.05962431082057667,0.0
1.6896551724137931,0,1.0,1,0,1,0,0,1,0,0,0,0,0,0,1,0,0.0,0.0,0.0,0.0,0.0,0.0,0.0,0.0,1.0,0.0,0.0,0.0,0,0,0,1,0,0,0,1,0,0,0,0,0,0,0,0,0,0.22818791946308717,-0.24466370553777556,0.4185549734137093,1.433648785372258,-0.6735777313074641,-0.5967878560467649,0.0
0.4482758620689655,1,0.30000000000001137,0,0,0,0,1,0,0,0,1,0,0,0,0,1,0.0,0.0,0.0,1.0,0.0,0.0,0.0,0.0,0.0,0.0,0.0,0.0,0,0,0,1,0,0,1,0,0,0,0,0,0,0,0,1,0,-0.2348993288590604,-0.5404522117467293,-0.851715854085623,-0.7496097847521995,1.0282035189173087,1.3263342348286624,0.6780719051126377
-0.27586206896551724,0,0.8000000000000114,1,0,0,1,0,1,0,0,0,0,0,0,1,0,0.0,0.0,0.0,0.0,0.0,0.0,0.0,0.0,0.0,0.0,1.0,0.0,0,0,0,0,0,0,1,0,0,0,0,0,0,0,1,0,0,0.2885906040268456,-0.7913574643365368,-0.28744022615397474,-0.9224233415693557,-0.9320941296030667,-0.9231819725908447,0.0
-0.4482758620689655,0,0.700000000000017,1,0,1,0,0,1,0,0,0,0,1,0,0,0,0.0,0.0,0.0,0.0,0.0,0.0,0.0,0.0,1.0,0.0,0.0,0.0,0,0,0,0,0,0,1,0,0,0,1,0,1,0,0,0,0,0.34228187919463077,0.4516059498448301,0.12847779269250603,-0.33313313904221287,0.6823402603061347,0.9375507803116744,-0.32192809488736235
-0.3448275862068966,0,0.0,1,0,1,0,0,1,0,0,0,0,0,0,1,0,0.0,0.0,0.0,0.0,0.0,0.0,1.0,0.0,0.0,0.0,0.0,0.0,0,0,0,1,0,0,1,0,0,0,0,0,0,1,0,0,0,-0.2550335570469799,0.09921355270703598,-0.6947514450308109,-0.45971183619556405,0.11800444438775436,-0.09103698790077436,0.0
0.1724137931034483,1,1.0,1,0,1,0,0,1,0,0,0,0,0,0,1,0,0.0,0.0,0.0,0.0,0.0,0.0,0.0,0.0,0.0,1.0,0.0,0.0,0,0,0,1,0,0,0,0,0,0,0,0,0,0,1,0,0,1.0805369127516775,0.21598803520324697,0.9847202220212453,1.433648785372258,0.1646980600933915,0.15934484576540012,0.26303440583379395
-0.5862068965517241,0,0.700000000000017,1,0,0,1,0,1,0,0,0,0,0,0,1,0,0.0,0.0,0.0,0.0,1.0,0.0,0.0,0.0,0.0,0.0,0.0,0.0,0,0,0,0,1,0,0,0,0,1,0,1,0,0,0,0,0,1.0805369127516775,-0.21873295193406941,0.380000479282952,0.19466105017012347,1.2538603679614966,1.3263342348286624,-0.32192809488736235
-0.3103448275862069,0,0.4000000000000057,1,0,0,1,0,0,0,0,1,0,0,0,0,1,0.0,0.0,0.0,0.0,0.0,0.0,0.0,1.0,0.0,0.0,0.0,0.0,0,0,0,1,0,0,0,0,0,1,1,0,0,0,0,0,1,-0.24832214765100669,-0.8987914284855754,-0.7160194957989827,-0.45971183619556405,0.22402635017168981,0.319689794753462,1.2630344058337943
-0.896551724137931,0,0.4000000000000057,1,1,0,0,0,1,0,0,0,0,0,0,1,0,0.0,0.0,1.0,0.0,0.0,0.0,0.0,0.0,0.0,0.0,0.0,0.0,1,1,1,0,0,0,1,0,0,0,0,0,0,0,0,1,0,-0.35570469798657717,1.2269225021925816,-0.7762300830044475,-0.7496097847521995,0.6509890353127565,0.8495918482279355,0.0
-0.9655172413793104,1,0.8000000000000114,1,1,0,0,0,1,0,0,0,0,0,0,1,0,0.0,0.0,0.0,0.0,0.0,0.0,0.0,0.0,0.0,0.0,0.0,1.0,1,0,1,0,0,0,1,0,0,0,0,0,0,0,0,1,0,-0.08053691275167789,0.8297991582911748,-0.2481430812324612,0.0,0.9140822264296563,1.3263342348286624,-0.736965594166206
-0.3793103448275862,0,0.10000000000002274,1,0,0,1,0,1,0,0,0,0,0,0,1,0,0.0,0.0,0.0,1.0,0.0,0.0,0.0,0.0,0.0,0.0,0.0,0.0,0,0,0,0,0,1,1,0,0,0,1,0,0,0,0,0,0,0.48993288590604017,-0.006687700117646254,0.38555903225994265,0.0,0.7029071326316836,0.5902452854112349,0.0
-0.2413793103448276,0,0.9000000000000057,1,0,0,1,0,1,0,0,0,0,0,0,1,0,0.0,0.0,1.0,0.0,0.0,0.0,0.0,0.0,0.0,0.0,0.0,0.0,0,0,0,0,0,0,0,0,0,1,1,0,0,0,1,0,0,0.34228187919463077,-0.3352076020944373,1.163167189764154,1.8301861123610714,0.6297386331638595,0.46159098629542217,0.0
-0.13793103448275862,0,1.0,1,0,0,1,0,1,0,0,0,0,0,0,1,0,0.0,0.0,1.0,0.0,0.0,0.0,0.0,0.0,0.0,0.0,0.0,0.0,0,1,0,0,1,0,1,0,0,0,0,0,0,0,0,0,0,-0.14093959731543623,-0.15686007884268272,-0.5432568729581231,0.45836890322464535,0.294156817072996,0.44222257845083546,0.26303440583379395
-0.3448275862068966,0,0.8000000000000114,1,1,0,0,0,1,0,0,0,0,0,0,1,0,0.0,0.0,0.0,0.0,0.0,1.0,0.0,0.0,0.0,0.0,0.0,0.0,0,1,1,0,0,0,1,0,0,0,0,0,0,0,1,1,0,0.48993288590604017,1.6903399094949538,0.07909028850206115,0.09954602329692071,-0.3836980347548376,-0.23079549314771128,-1.3219280948873624
0.13793103448275862,0,0.700000000000017,1,0,0,1,0,1,0,0,0,0,0,0,1,0,0.0,0.0,0.0,0.0,0.0,0.0,0.0,0.0,0.0,0.0,0.0,1.0,0,0,0,1,0,0,0,0,0,0,0,0,0,0,1,0,0,-0.09395973154362419,-0.16169390872639802,-0.13752916940740764,0.09954602329692071,0.6926562399661667,0.9375507803116744,-0.32192809488736235
-0.1724137931034483,0,0.30000000000001137,1,0,1,0,0,1,0,0,0,0,0,0,1,0,0.0,0.0,0.0,1.0,0.0,0.0,0.0,0.0,0.0,0.0,0.0,0.0,0,0,0,1,0,0,0,1,0,1,0,0,0,0,0,0,0,-0.15436241610738255,0.44550635147421813,0.2827097958462844,1.883563721385586,0.11800444438775436,0.319689794753462,0.0
-0.06896551724137931,1,0.5,1,0,1,0,0,1,0,0,0,0,0,0,1,0,0.0,1.0,0.0,0.0,0.0,0.0,0.0,0.0,0.0,0.0,0.0,0.0,1,1,0,0,1,0,0,0,0,0,0,0,1,0,0,0,0,-0.14093959731543623,-0.4074245231548465,-0.24385867879865664,0.285888863509545,1.062004244893531,1.0215354196458677,-0.32192809488736235
-0.5862068965517241,1,0.9000000000000057,1,0,0,0,1,1,0,0,0,0,0,0,0,1,0.0,0.0,0.0,0.0,1.0,0.0,0.0,0.0,0.0,0.0,0.0,0.0,0,0,0,1,1,0,0,0,0,1,0,0,0,0,0,0,0,0.34228187919463077,-1.240423599579287,0.4239964905801267,0.5402881638044359,-0.6735777313074641,-0.5967878560467649,-0.32192809488736235
0.20689655172413793,0,0.700000000000017,1,1,0,0,0,1,0,0,0,0,1,0,0,0,0.0,0.0,0.0,0.0,0.0,0.0,0.0,0.0,0.0,0.0,1.0,0.0,0,1,0,0,0,0,1,0,0,0,0,0,0,0,0,1,0,-0.03355704697986583,0.165691936949391,0.09573313968017547,0.9855710999281423,-0.03656705672767457,0.1344558448132036,-0.736965594166206
-0.4482758620689655,0,0.700000000000017,1,0,0,1,0,1,0,0,0,0,0,0,1,0,0.0,0.0,0.0,0.0,0.0,0.0,0.0,0.0,1.0,0.0,0.0,0.0,0,0,0,0,0,0,1,0,0,0,1,0,1,0,0,0,0,1.0805369127516775,0.04127018094898012,0.5089601883971738,0.3736703603919092,-0.2988608636367374,-0.12368293201134385,-1.3219280948873624
0.034482758620689655,1,0.30000000000001137,1,0,1,0,0,1,0,0,0,0,0,0,1,0,0.0,0.0,0.0,1.0,0.0,0.0,0.0,0.0,0.0,0.0,0.0,0.0,0,0,0,0,0,0,1,0,0,0,0,0,0,0,1,0,0,-0.03355704697986583,-0.14428703175729612,-0.2785892602690761,-0.5973579848037531,0.1019714635793437,0.29807298457586645,-0.32192809488736235
0.034482758620689655,0,0.10000000000002274,1,0,1,0,0,1,0,0,0,0,0,0,1,0,0.0,1.0,0.0,0.0,0.0,0.0,0.0,0.0,0.0,0.0,0.0,0.0,1,0,0,1,0,0,0,0,0,0,0,1,0,0,0,0,0,-0.28187919463087246,0.09221397076219066,-0.1773366250970676,0.6196850107744367,1.078691551507107,0.908700463159222,0.26303440583379395
0.1724137931034483,0,0.5,1,1,0,0,0,1,0,0,0,0,0,0,1,0,0.0,0.0,1.0,0.0,0.0,0.0,0.0,0.0,0.0,0.0,0.0,0.0,0,0,0,1,0,0,0,0,0,0,0,0,0,1,1,0,0,0.22818791946308717,-0.15931254875631254,-0.2524433814272862,-0.9224233415693557,0.8212493896867531,1.1794650380972311,-0.32192809488736235
0.3793103448275862,0,0.30000000000001137,1,0,0,1,0,1,0,0,0,0,0,0,1,0,0.0,0.0,0.0,0.0,0.0,1.0,0.0,0.0,0.0,0.0,0.0,0.0,0,0,0,0,0,1,0,0,0,1,1,0,0,0,0,0,0,0.832214765100671,0.4642199357324869,0.4103621499001279,0.45836890322464535,1.4791863087393025,1.1794650380972311,0.26303440583379395
-0.3103448275862069,1,0.5,1,0,0,1,0,1,0,0,0,0,0,0,1,0,0.0,0.0,0.0,0.0,0.0,0.0,0.0,0.0,0.0,0.0,1.0,0.0,0,0,0,0,1,0,1,0,0,0,0,0,0,0,0,0,0,0.34228187919463077,-0.47244899453690203,0.22581861814501933,0.0,1.2690936846487004,1.3263342348286624,-0.32192809488736235
0.7241379310344828,0,0.4000000000000057,1,0,0,1,0,1,0,0,0,0,0,0,1,0,0.0,0.0,0.0,0.0,0.0,0.0,0.0,0.0,0.0,0.0,1.0,0.0,0,0,0,1,0,0,0,0,0,0,1,0,0,0,1,0,0,0.2885906040268456,0.11575675093546399,-0.2654414684136182,-0.33313313904221287,0.25257683397388525,0.29807298457586645,0.4854268271702419
-0.3448275862068966,0,0.9000000000000057,1,0,0,1,0,0,0,0,1,0,0,0,0,1,1.0,0.0,0.0,0.0,0.0,0.0,0.0,0.0,0.0,0.0,0.0,0.0,0,0,0,0,0,0,0,0,0,1,1,0,0,0,0,0,0,-0.14093959731543623,-0.5910810869507962,-0.7379632260526588,-1.3945587590305173,1.1360370567617541,1.3263342348286624,1.0000000000000007
-0.27586206896551724,1,0.4000000000000057,1,1,0,0,0,1,0,0,0,0,0,0,1,0,0.0,0.0,0.0,0.0,0.0,0.0,0.0,0.0,0.0,0.0,1.0,0.0,1,1,1,0,0,0,1,0,0,0,0,0,0,0,0,1,0,0.832214765100671,1.584772543203221,0.8366281111068685,0.5402881638044359,-0.44845423396059875,-0.31255449400748914,-1.3219280948873624
0.7241379310344828,0,0.0,1,0,0,0,1,1,0,0,0,0,0,0,1,0,0.0,0.0,0.0,0.0,0.0,0.0,0.0,0.0,0.0,1.0,0.0,0.0,0,0,0,1,1,0,0,0,1,0,0,0,0,0,0,0,0,0.34228187919463077,-0.8753015515624558,0.12523481593663735,1.311745441909603,-0.13529307677780772,-0.09103698790077436,0.6780719051126377
0.3103448275862069,0,0.30000000000001137,1,0,0,1,0,1,0,0,0,0,0,0,1,0,0.0,0.0,0.0,0.0,0.0,0.0,0.0,0.0,0.0,0.0,1.0,0.0,0,0,0,1,0,0,1,0,0,0,0,0,0,1,0,0,0,-0.348993288590604,-0.03051092749035372,-0.8607466044406755,-0.45971183619556405,-0.9320941296030667,-0.9231819725908447,-1.3219280948873624
0.6896551724137931,1,1.0,1,0,0,1,0,1,0,0,0,0,0,0,1,0,0.0,0.0,0.0,0.0,0.0,0.0,0.0,0.0,0.0,0.0,0.0,1.0,0,0,0,0,0,0,0,0,0,1,0,0,1,0,0,0,0,1.0805369127516775,0.30806111323659496,0.4076229891315837,0.5402881638044359,0.8496071890576133,1.1794650380972311,0.0
-0.3448275862068966,1,1.0,1,1,0,0,0,1,0,0,0,0,0,0,1,0,0.0,0.0,1.0,0.0,0.0,0.0,0.0,0.0,0.0,0.0,0.0,0.0,1,1,0,0,0,0,1,0,0,0,0,0,0,0,0,1,0,0.48993288590604017,1.3768032309626488,0.902183224307849,0.8447917637013288,1.0952415070258157,0.908700463159222,0.4854268271702419
-0.2413793103448276,0,1.0,1,0,0,1,0,1,0,0,0,0,0,0,1,0,0.0,0.0,1.0,0.0,0.0,0.0,0.0,0.0,0.0,0.0,0.0,0.0,0,0,0,0,1,0,0,0,0,1,0,0,1,0,0,0,0,-0.3087248322147651,-0.3468202246403647,-0.7922033061297445,-0.5973579848037531,0.2804552591354187,0.44222257845083546,-0.32192809488736235
0.034482758620689655,0,0.8000000000000114,1,1,0,0,0,0,1,0,0,1,0,0,0,0,0.0,1.0,0.0,0.0,0.0,0.0,0.0,0.0,0.0,0.0,0.0,0.0,1,1,0,0,0,0,1,0,0,0,0,0,0,0,0,1,0,-0.2885906040268456,0.8297991582911748,-0.7530012533668862,-0.5973579848037531,0.1646980600933915,-0.05962431082057667,0.6780719051126377
0.10344827586206896,0,0.8000000000000114,1,0,0,1,0,0,0,0,1,0,0,0,0,1,0.0,0.0,0.0,0.0,0.0,0.0,0.0,0.0,0.0,1.0,0.0,0.0,0,0,1,1,0,0,0,1,0,0,0,0,0,0,0,0,0,1.0805369127516775,-0.44880643286747884,0.32343322280347275,0.3736703603919092,-0.41506133301186154,-0.5234324523010943,0.6780719051126377
0.6551724137931034,1,0.30000000000001137,1,0,1,0,0,1,0,0,0,0,0,0,1,0,0.0,0.0,0.0,0.0,0.0,0.0,0.0,0.0,0.0,0.0,1.0,0.0,0,0,0,1,0,1,0,0,0,0,0,0,0,0,0,0,0,0.832214765100671,0.7059315784112722,0.9064875210745492,0.8447917637013288,0.6719579378896411,0.5902452854112349,-0.32192809488736235
1.6896551724137931,0,0.8000000000000114,0,0,0,0,1,0,0,1,0,0,0,1,0,0,0.0,0.0,0.0,0.0,0.0,0.0,0.0,0.0,0.0,0.0,0.0,1.0,1,0,0,1,0,0,1,0,0,0,0,0,0,0,0,0,0,-0.2550335570469799,-0.14639116117270307,-0.6809187255795435,-1.1274121468458216,-0.2481240298807802,-0.31255449400748914,-0.32192809488736235
0.06896551724137931,0,0.10000000000002274,1,1,0,0,0,1,0,0,0,0,0,0,1,0,0.0,0.0,0.0,0.0,1.0,0.0,0.0,0.0,0.0,0.0,0.0,0.0,1,1,0,0,0,0,0,0,0,0,0,0,0,0,0,1,0,1.0805369127516775,1.7637240919052497,1.412368027574537,0.9855710999281423,0.06913557571732576,0.1344558448132036,0.26303440583379395
0.8620689655172413,0,0.20000000000001705,0,0,0,0,1,0,0,1,0,0,0,1,0,0,0.0,0.0,0.0,0.0,0.0,0.0,0.0,0.0,1.0,0.0,0.0,0.0,0,0,0,0,0,1,0,0,0,1,0,0,0,0,0,0,0,-0.15436241610738255,-0.11994941134776553,-0.5725472354135114,-0.33313313904221287,-0.2241178154456085,-0.029314871250031297,-0.736965594166206
-0.3793103448275862,0,0.10000000000002274,1,0,0,1,0,1,0,0,0,0,0,0,1,0,1.0,0.0,0.0,0.0,0.0,0.0,0.0,0.0,0.0,0.0,0.0,0.0,0,0,0,1,0,0,1,0,0,0,0,0,0,0,0,0,0,-0.2550335570469799,-0.6534858773484684,-0.851715854085623,-0.45971183619556405,-0.2481240298807802,-0.12368293201134385,-0.736965594166206
-0.10344827586206896,0,0.10000000000002274,0,0,0,0,1,0,0,0,1,0,0,0,0,1,0.0,0.0,0.0,0.0,0.0,0.0,0.0,0.0,0.0,0.0,0.0,1.0,1,0,0,0,0,0,1,0,0,0,0,0,0,0,0,0,0,0.832214765100671,-0.21112416233756554,0.23795922103136735,-0.5973579848037531,0.11800444438775436,0.319689794753462,0.4854268271702419
0.3793103448275862,1,0.20000000000001705,1,0,0,1,0,1,0,0,0,0,0,0,1,0,0.0,0.0,0.0,0.0,0.0,0.0,1.0,0.0,0.0,0.0,0.0,0.0,1,0,0,0,0,0,1,0,0,0,0,0,0,0,1,0,0,-0.2684563758389262,0.11058886815582408,-0.8340811894016062,-0.2153165603828081,1.036708103961386,1.3263342348286624,-0.32192809488736235
-0.4482758620689655,1,0.0,1,0,1,0,0,1,0,0,0,0,0,0,1,0,0.0,0.0,0.0,0.0,0.0,0.0,0.0,0.0,0.0,0.0,1.0,0.0,0,1,0,0,1,0,1,0,0,0,0,0,0,0,0,0,0,-0.24832214765100669,0.0,0.017567097100799733,0.6967790260802048,1.0282035189173087,1.3263342348286624,-0.32192809488736235
-0.4827586206896552,0,0.700000000000017,1,1,0,0,0,1,0,0,0,0,0,0,1,0,0.0,0.0,0.0,0.0,1.0,0.0,0.0,0.0,0.0,0.0,0.0,0.0,1,0,1,0,0,0,1,0,0,0,0,0,1,0,0,1,0,0.48993288590604017,0.8388843395590945,0.15736210013633894,-0.2153165603828081,0.06913557571732576,0.1344558448132036,-0.736965594166206
-0.6551724137931034,0,0.10000000000002274,1,0,0,1,0,1,0,0,0,0,0,0,1,0,1.0,0.0,0.0,0.0,0.0,0.0,0.0,0.0,0.0,0.0,0.0,0.0,0,0,0,0,0,0,1,0,0,0,0,0,0,0,1,0,0,-0.28187919463087246,0.15145680102203068,-0.7922033061297447,-0.7496097847521995,-0.11459349848569159,-0.1933425405422934,-0.32192809488736235
-0.5517241379310345,0,0.6000000000000227,1,1,0,0,0,1,0,0,0,0,0,0,1,0,0.0,0.0,0.0,0.0,0.0,1.0,0.0,0.0,0.0,0.0,0.0,0.0,0,1,1,1,0,0,1,0,0,0,0,0,0,0,0,1,0,0.395973154362416,1.8039706099844703,0.595287815686827,0.6196850107744367,-0.3836980347548376,-0.23079549314771128,-1.3219280948873624
0.8275862068965517,0,0.9000000000000057,0,0,0,0,1,0,0,0,1,0,0,1,0,0,0.0,0.0,0.0,0.0,0.0,0.0,0.0,0.0,0.0,0.0,0.0,1.0,0,1,0,0,0,0,0,0,0,1,0,0,0,0,0,0,0,-0.44295302013422816,-0.26107675516651374,-1.4070699871624215,-2.039507733308835,-0.9320941296030667,-0.9231819725908447,-0.736965594166206
-0.7586206896551724,1,0.20000000000001705,1,0,0,1,0,1,0,0,0,0,0,0,1,0,0.0,0.0,0.0,1.0,0.0,0.0,0.0,0.0,0.0,0.0,0.0,0.0,0,0,0,1,0,1,0,0,0,1,0,1,0,0,0,0,0,-0.1476510067114094,-1.3694533781893328,-0.12582808502335943,-0.2153165603828081,-0.41506133301186154,-0.46159098629542233,-0.32192809488736235
0.4827586206896552,1,0.10000000000002274,0,0,0,0,1,0,0,0,1,0,0,1,0,0,0.0,0.0,0.0,0.0,0.0,0.0,1.0,0.0,0.0,0.0,0.0,0.0,0,0,0,0,0,0,1,0,0,0,0,0,0,0,1,0,0,-0.18120805369127516,-1.4067909010112591,-0.6029037418487937,-0.7496097847521995,-0.9320941296030667,-0.9231819725908447,-0.736965594166206
0.4827586206896552,1,1.0,1,1,0,0,0,1,0,0,0,0,0,0,1,0,0.0,0.0,0.0,0.0,0.0,1.0,0.0,0.0,0.0,0.0,0.0,0.0,1,1,0,0,0,1,0,0,0,0,0,0,0,0,0,1,0,-0.03355704697986583,1.3768032309626488,-0.3514729252592932,-0.2153165603828081,0.01775576934642723,-0.05962431082057667,-0.736965594166206
0.3793103448275862,1,0.10000000000002274,0,0,0,0,1,0,0,1,0,0,0,1,0,0,0.0,1.0,0.0,0.0,0.0,0.0,0.0,0.0,0.0,0.0,0.0,0.0,0,0,0,1,0,0,0,0,0,1,0,0,0,0,0,0,0,0.7651006711409396,-0.7211774002367033,0.3434397049046979,-0.2153165603828081,-0.41506133301186154,-0.2703937395026851,-0.736965594166206
0.41379310344827586,1,0.20000000000001705,1,0,0,1,0,0,0,0,1,0,0,0,0,1,0.0,0.0,0.0,0.0,0.0,0.0,0.0,0.0,0.0,0.0,0.0,1.0,0,0,0,1,0,0,0,0,0,0,1,0,0,0,0,0,0,1.0805369127516775,-0.5518734218745648,1.0116067326096136,-0.10466081047388179,-0.2481240298807802,-0.05962431082057667,0.0
-0.5862068965517241,0,0.20000000000001705,1,0,0,1,0,1,0,0,0,0,1,0,0,0,0.0,0.0,0.0,0.0,0.0,0.0,0.0,0.0,0.0,1.0,0.0,0.0,0,0,0,0,1,0,0,0,0,0,0,0,1,0,0,0,0,1.0805369127516775,-1.0554842243367581,1.0054287487784614,0.8447917637013288,0.03518566168186925,-0.05962431082057667,-0.32192809488736235
0.06896551724137931,0,0.20000000000001705,1,0,0,1,0,1,0,0,0,0,0,0,1,0,0.0,0.0,0.0,0.0,0.0,0.0,0.0,0.0,0.0,0.0,0.0,1.0,0,0,0,0,0,0,1,0,0,0,0,0,0,0,0,0,0,0.06711409395973149,0.2695284153278356,-0.039441664851569316,0.45836890322464535,0.6190042601705491,0.908700463159222,-0.32192809488736235
1.7241379310344827,0,1.0,0,0,0,0,1,0,0,1,0,0,0,1,0,0,0.0,0.0,0.0,0.0,1.0,0.0,0.0,0.0,0.0,0.0,0.0,0.0,0,0,0,1,0,1,0,1,0,0,0,0,0,0,0,0,0,-0.2953020134228188,-0.4986543181705194,-0.8607466044406755,-1.1274121468458216,-0.9320941296030667,-0.9231819725908447,-1.3219280948873624
-0.2413793103448276,1,0.20000000000001705,1,0,0,1,0,1,0,0,0,0,0,0,1,0,0.0,0.0,0.0,0.0,0.0,0.0,0.0,1.0,0.0,0.0,0.0,0.0,0,0,0,0,0,0,1,0,0,0,0,0,0,0,0,0,0,-0.2751677852348994,0.33841097951027654,-0.7530012533668862,-1.1274121468458216,1.2075097778666197,1.3263342348286624,0.26303440583379395
-0.06896551724137931,1,0.10000000000002274,0,0,0,0,1,0,0,0,1,0,0,1,0,0,1.0,0.0,0.0,0.0,0.0,0.0,0.0,0.0,0.0,0.0,0.0,0.0,0,0,0,1,0,0,0,0,0,0,0,0,0,0,0,0,0,0.2885906040268456,-1.3299104617948723,-0.15330047505971256,-0.7496097847521995,-0.2988608636367374,-0.31255449400748914,0.0
-0.8275862068965517,0,0.10000000000002274,1,1,0,0,0,1,0,0,0,1,0,0,0,0,0.0,0.0,0.0,0.0,0.0,0.0,0.0,1.0,0.0,0.0,0.0,0.0,0,1,0,0,0,0,1,0,0,0,0,0,0,0,0,1,0,-0.348993288590604,0.39457409645994346,-0.800347595267093,-0.45971183619556405,-0.325819435233824,-0.2703937395026851,-0.736965594166206
-1.1724137931034482,0,0.10000000000002274,0,0,0,0,1,0,0,0,1,0,0,0,0,1,0.0,0.0,0.0,0.0,0.0,0.0,1.0,0.0,0.0,0.0,0.0,0.0,0,0,0,0,0,0,1,0,0,0,0,0,0,0,0,0,0,-0.0738255033557047,-0.8885812343242313,-0.18138847585550483,-0.10466081047388179,-0.6735777313074641,-0.5967878560467649,-0.32192809488736235
0.1724137931034483,1,0.4000000000000057,1,0,1,0,0,1,0,0,0,0,0,0,1,0,0.0,0.0,0.0,0.0,0.0,1.0,0.0,0.0,0.0,0.0,0.0,0.0,0,1,0,0,0,0,1,0,0,0,0,0,0,1,1,0,0,-0.2550335570469799,0.26782313008999786,-0.5261500020774074,0.0,0.0,0.1344558448132036,-0.736965594166206
-0.7241379310344828,1,0.20000000000001705,0,0,0,0,1,0,0,0,1,0,0,0,0,1,0.0,0.0,0.0,0.0,0.0,0.0,1.0,0.0,0.0,0.0,0.0,0.0,0,0,0,1,0,0,1,0,0,0,0,0,0,0,0,0,0,-0.44295302013422816,-1.7522958290677821,-1.4070699871624215,-2.039507733308835,-0.9320941296030667,-0.9231819725908447,-1.3219280948873624
1.8275862068965518,0,0.8000000000000114,1,0,0,0,1,0,0,0,1,0,0,1,0,0,0.0,0.0,0.0,0.0,0.0,0.0,0.0,0.0,0.0,1.0,0.0,0.0,0,0,0,0,0,1,0,0,0,1,1,0,0,0,0,0,0,-0.20134228187919465,0.4603617453320256,-0.503844700431594,-0.10466081047388179,-0.9320941296030667,-0.9231819725908447,-0.736965594166206
0.5517241379310345,0,1.0,1,0,1,0,0,1,0,0,0,0,0,0,1,0,0.0,0.0,0.0,1.0,0.0,0.0,0.0,0.0,0.0,0.0,0.0,0.0,1,0,0,0,0,1,0,0,0,0,0,1,0,0,0,0,0,0.48993288590604017,1.5402241942611292,1.0845479933830413,0.6967790260802048,0.03518566168186925,0.10896685056689351,-0.736965594166206
-0.4482758620689655,0,1.0,1,0,0,1,0,1,0,0,0,0,0,0,1,0,0.0,0.0,0.0,0.0,0.0,0.0,0.0,0.0,0.0,0.0,0.0,1.0,0,0,0,1,0,0,0,0,0,1,0,0,0,0,0,0,0,-0.18791946308724833,-1.12612477699565,-0.11423289934053545,0.285888863509545,-0.35403388971568844,-0.46159098629542233,0.26303440583379395
0.27586206896551724,0,0.0,1,0,1,0,0,1,0,0,0,0,0,0,1,0,0.0,0.0,0.0,1.0,0.0,0.0,0.0,0.0,0.0,0.0,0.0,0.0,0,0,0,1,0,0,0,0,0,0,0,0,0,0,1,0,0,1.0805369127516775,-0.017954701941313968,0.380000479282952,0.3736703603919092,0.8867299535046614,0.9375507803116744,0.0
-0.5517241379310345,0,0.700000000000017,1,0,0,1,0,1,0,0,0,0,0,0,1,0,0.0,0.0,0.0,0.0,0.0,0.0,0.0,1.0,0.0,0.0,0.0,0.0,0,0,0,1,0,0,0,0,0,0,0,0,0,0,1,0,0,1.0805369127516775,-0.14374000828654476,0.2560039569279757,-0.7496097847521995,0.05230698717915964,0.08283225866466219,0.26303440583379395
0.20689655172413793,1,0.30000000000001137,1,0,0,1,0,1,0,0,0,0,0,0,1,0,0.0,0.0,0.0,0.0,0.0,0.0,0.0,0.0,1.0,0.0,0.0,0.0,0,0,0,0,0,0,1,0,0,1,0,0,1,0,0,0,0,1.0805369127516775,0.1258570772083238,0.8232858832034539,0.6196850107744367,0.11800444438775436,0.29807298457586645,-0.736965594166206
-0.1724137931034483,1,0.8000000000000114,1,0,0,1,0,1,0,0,0,0,0,0,1,0,0.0,0.0,0.0,0.0,0.0,0.0,0.0,0.0,0.0,0.0,1.0,0.0,0,0,0,0,1,0,0,0,0,0,0,0,1,0,0,0,0,0.395973154362416,-0.12952963404284845,0.7645225087803126,1.1852371380827535,-0.44845423396059875,-0.4071075610119756,-0.32192809488736235
1.7586206896551724,0,0.0,0,0,0,0,1,0,0,0,1,0,0,0,0,1,0.0,0.0,0.0,0.0,0.0,0.0,0.0,1.0,0.0,0.0,0.0,0.0,0,0,0,1,0,0,0,1,0,0,0,0,0,0,0,0,0,0.22818791946308717,0.7471579483595442,-0.1493391081206385,0.09954602329692071,-0.9320941296030667,-0.9231819725908447,-0.736965594166206
-0.27586206896551724,1,1.0,1,0,0,1,0,1,0,0,0,0,0,0,1,0,0.0,0.0,0.0,1.0,0.0,0.0,0.0,0.0,0.0,0.0,0.0,0.0,0,0,0,0,1,0,0,0,0,0,0,0,1,0,0,0,0,-0.16778523489932887,-0.15686007884268272,0.36322010328591475,0.8447917637013288,0.9410351317817048,0.9375507803116744,0.4854268271702419
0.896551724137931,0,1.0,1,0,0,1,0,1,0,0,0,0,0,0,1,0,0.0,1.0,0.0,0.0,0.0,0.0,0.0,0.0,0.0,0.0,0.0,0.0,1,0,0,0,0,0,1,0,0,0,0,1,0,0,0,0,0,1.0805369127516775,1.1727725773396407,0.440224871168053,0.6196850107744367,0.8682642561370995,0.908700463159222,0.26303440583379395
-0.20689655172413793,1,0.8000000000000114,1,0,1,0,0,1,0,0,0,0,0,0,1,0,0.0,0.0,0.0,0.0,0.0,0.0,0.0,0.0,0.0,0.0,0.0,1.0,0,0,0,1,0,0,0,1,0,0,0,0,0,0,0,0,1,1.0805369127516775,-0.12952963404284845,1.116289629469474,0.45836890322464535,0.733281269455903,0.46159098629542217,0.26303440583379395
-0.5862068965517241,0,0.0,1,0,0,1,0,1,0,0,0,0,0,0,0,1,0.0,0.0,0.0,0.0,0.0,0.0,0.0,0.0,0.0,1.0,0.0,0.0,0,0,0,1,0,0,0,0,0,1,0,0,1,0,0,0,0,-0.44295302013422816,-0.2246000245028281,-1.4070699871624215,-2.039507733308835,-0.35403388971568844,-0.3578507794449409,0.26303440583379395
0.06896551724137931,0,0.5,1,0,0,1,0,1,0,0,0,0,0,0,1,0,0.0,0.0,0.0,0.0,0.0,0.0,0.0,0.0,0.0,0.0,0.0,1.0,0,0,0,1,0,0,0,0,0,1,1,0,0,0,0,0,0,0.2885906040268456,-0.24700690023985125,0.14459101231592833,0.6967790260802048,0.1019714635793437,0.29807298457586645,-0.736965594166206
1.1724137931034482,0,0.9000000000000057,1,0,1,0,0,1,0,0,0,0,0,0,1,0,0.0,0.0,0.0,0.0,1.0,0.0,0.0,0.0,0.0,0.0,0.0,0.0,1,0,0,0,0,1,0,0,0,0,0,1,0,0,0,0,0,0.832214765100671,1.4570267633981484,0.34059565803518616,0.6967790260802048,-0.07469223430248058,0.0560003770413949,-0.32192809488736235
0.27586206896551724,1,0.700000000000017,0,0,0,0,1,0,0,0,1,0,0,0,0,1,0.0,0.0,0.0,0.0,0.0,0.0,1.0,0.0,0.0,0.0,0.0,0.0,0,0,0,0,1,0,0,0,0,0,0,0,1,0,0,0,0,0.832214765100671,-1.101921309176436,0.527048534535148,0.5402881638044359,-0.6735777313074641,-0.5967878560467649,0.0
0.5862068965517241,0,0.10000000000002274,1,0,0,1,0,0,0,0,1,0,0,0,0,1,0.0,0.0,0.0,0.0,1.0,0.0,0.0,0.0,0.0,0.0,0.0,0.0,0,0,0,1,0,0,0,0,0,0,0,0,0,0,0,0,0,-0.05369127516778523,-0.8459230140727533,-0.30084944952764303,-0.10466081047388179,-0.03656705672767457,0.0,-0.32192809488736235
-0.1724137931034483,1,0.20000000000001705,0,0,0,0,1,0,0,0,1,0,0,0,0,1,1.0,0.0,0.0,0.0,0.0,0.0,0.0,0.0,0.0,0.0,0.0,0.0,0,0,0,1,0,0,0,0,0,1,0,0,1,0,0,0,0,-0.40939597315436244,-0.6114647887916422,-1.0916500350834346,0.3736703603919092,-0.09440525778300253,-0.2703937395026851,1.0000000000000007
-0.6206896551724138,1,0.9000000000000057,1,0,0,1,0,1,0,0,0,0,0,0,1,0,0.0,0.0,1.0,0.0,0.0,0.0,0.0,0.0,0.0,0.0,0.0,0.0,0,0,0,0,1,0,0,0,0,0,0,0,0,0,0,0,0,0.06711409395973149,-0.928902611418287,0.6994063785156193,1.9362247549329048,-0.17839578835790348,-0.2703937395026851,0.4854268271702419
-0.5517241379310345,0,0.10000000000002274,1,0,0,1,0,1,0,0,0,0,0,0,1,0,0.0,0.0,0.0,0.0,0.0,1.0,0.0,0.0,0.0,0.0,0.0,0.0,0,0,0,0,0,1,0,0,0,1,1,0,0,0,0,0,0,-0.046979865771812096,-0.5160171946658885,-0.3801370246975824,-0.5973579848037531,-0.4843305931653706,-0.3578507794449409,-0.736965594166206
1.7241379310344827,0,0.20000000000001705,1,1,0,0,0,0,0,1,0,0,0,1,0,0,0.0,0.0,0.0,0.0,0.0,0.0,1.0,0.0,0.0,0.0,0.0,0.0,1,0,0,0,0,0,1,0,0,0,0,0,1,0,1,0,0,-0.12751677852348994,0.13092348873434256,-0.5548522057019393,-1.1274121468458216,-0.44845423396059875,-0.31255449400748914,0.0
-0.6206896551724138,0,0.6000000000000227,1,0,0,1,0,1,0,0,0,0,0,0,1,0,0.0,0.0,0.0,0.0,1.0,0.0,0.0,0.0,0.0,0.0,0.0,0.0,0,0,0,0,1,0,0,0,0,0,0,0,1,0,0,0,0,0.832214765100671,0.08335379115453657,0.5424192545815021,0.0,0.7924253409608393,1.1794650380972311,0.0
-0.5172413793103449,0,0.30000000000001137,1,0,1,0,0,1,0,0,0,0,0,0,1,0,0.0,0.0,0.0,0.0,1.0,0.0,0.0,0.0,0.0,0.0,0.0,0.0,1,0,0,0,0,0,0,0,0,1,0,0,0,0,1,0,0,0.7651006711409396,0.4642199357324869,0.17002977323251345,0.0,0.37334969101394155,0.23079549314771114,0.0
0.41379310344827586,0,0.10000000000002274,1,0,1,0,0,1,0,0,0,0,0,0,1,0,0.0,0.0,0.0,0.0,0.0,0.0,0.0,1.0,0.0,0.0,0.0,0.0,1,0,0,1,0,1,0,1,0,0,0,0,0,0,0,0,0,1.0805369127516775,1.2803065285790656,0.4669599058178686,0.0,0.7924253409608393,0.8495918482279355,0.0
-0.2413793103448276,0,1.0,1,0,0,1,0,1,0,0,0,0,0,0,1,0,0.0,0.0,0.0,0.0,1.0,0.0,0.0,0.0,0.0,0.0,0.0,0.0,0,0,0,0,0,1,0,0,0,1,0,0,0,0,0,0,0,-0.22818791946308725,0.39073745074456007,-0.6606501464901238,-0.33313313904221287,0.8496071890576133,1.1794650380972311,0.26303440583379395
0.6896551724137931,0,0.5,1,0,0,1,0,1,0,0,0,0,0,0,1,0,0.0,0.0,0.0,0.0,0.0,0.0,0.0,0.0,0.0,0.0,1.0,0.0,0,0,0,1,0,0,0,1,0,0,0,0,0,0,0,0,0,0.22818791946308717,0.23707994844339286,-0.10656020831349756,-0.2153165603828081,-0.9320941296030667,-0.9231819725908447,-1.3219280948873624
1.0344827586206897,0,0.8000000000000114,1,0,1,0,0,1,0,0,0,0,0,0,1,0,0.0,0.0,0.0,0.0,1.0,0.0,0.0,0.0,0.0,0.0,0.0,0.0,0,0,0,0,0,1,0,0,0,1,1,0,0,0,0,0,0,0.832214765100671,2.2319241298111594,0.49854690381727673,0.0,1.0536080039195088,1.3263342348286624,0.0
0.9310344827586207,0,1.0,1,0,0,1,0,1,0,0,0,0,0,0,1,0,0.0,0.0,0.0,0.0,0.0,0.0,0.0,0.0,0.0,1.0,0.0,0.0,0,0,0,1,0,0,0,0,0,0,0,0,0,0,0,0,0,-0.13422818791946312,-0.009913921746310927,0.11219368683648043,1.1852371380827535,-0.09440525778300253,-0.3578507794449409,0.0
-0.896551724137931,1,0.0,1,1,0,0,0,1,0,0,0,0,1,0,0,0,0.0,1.0,0.0,0.0,0.0,0.0,0.0,0.0,0.0,0.0,0.0,0.0,1,0,1,0,0,0,1,0,0,0,0,0,0,0,0,1,0,-0.18120805369127516,0.28979879702107436,-0.014213192547320726,0.9160197607056829,0.01775576934642723,0.0560003770413949,-0.32192809488736235
0.10344827586206896,1,0.0,1,0,1,0,0,1,0,0,0,0,0,0,1,0,0.0,0.0,0.0,0.0,1.0,0.0,0.0,0.0,0.0,0.0,0.0,0.0,0,0,0,1,0,1,0,0,0,1,0,0,0,0,0,0,0,-0.1476510067114094,1.3734852229203103,-0.12582808502335943,1.1852371380827535,1.1279425787885333,0.908700463159222,0.0
0.20689655172413793,0,0.6000000000000227,0,0,0,0,1,0,0,0,1,0,0,0,0,1,0.0,0.0,0.0,0.0,0.0,0.0,0.0,0.0,1.0,0.0,0.0,0.0,0,1,0,1,1,0,0,0,0,0,0,0,0,0,0,0,0,-0.3758389261744966,-0.7078587609653811,-0.9184234985770382,-0.5973579848037531,-0.07469223430248058,-0.2703937395026851,0.26303440583379395
-0.7241379310344828,0,0.20000000000001705,1,0,0,1,0,1,0,0,0,0,0,0,1,0,0.0,0.0,0.0,0.0,0.0,0.0,0.0,0.0,1.0,0.0,0.0,0.0,0,0,0,1,0,0,0,0,0,1,0,0,0,0,0,0,0,-0.0738255033557047,-0.4858382077816814,-0.010646331919355635,0.3736703603919092,-0.2988608636367374,-0.2703937395026851,0.8479969065549505
-0.4482758620689655,0,0.10000000000002274,1,0,0,1,0,1,0,0,0,0,0,0,1,0,0.0,0.0,0.0,1.0,0.0,0.0,0.0,0.0,0.0,0.0,0.0,0.0,0,0,0,1,0,0,1,0,0,0,0,0,0,0,0,0,0,-0.18120805369127516,0.39457409645994346,-0.6344520498757813,-0.45971183619556405,-0.11459349848569159,-0.4071075610119756,0.8479969065549505
0.10344827586206896,1,0.30000000000001137,1,0,1,0,0,1,0,0,0,0,0,0,1,0,0.0,0.0,0.0,0.0,0.0,0.0,1.0,0.0,0.0,0.0,0.0,0.0,0,0,0,0,0,0,1,0,0,0,0,0,0,0,1,0,0,0.832214765100671,1.0082013075264777,0.6660814869278945,0.3736703603919092,-0.5233438140443791,-0.4071075610119756,-0.736965594166206
-0.5172413793103449,1,0.0,1,0,1,0,0,1,0,0,0,0,0,0,1,0,0.0,0.0,0.0,0.0,0.0,0.0,0.0,0.0,0.0,0.0,0.0,1.0,0,0,0,0,0,0,1,0,0,0,0,0,0,0,0,0,0,-0.05369127516778523,0.7471579483595442,0.07573930278223621,0.0,0.57530255288726,0.8495918482279355,-0.32192809488736235
1.0344827586206897,1,0.20000000000001705,1,0,0,1,0,1,0,0,0,0,0,0,1,0,0.0,0.0,0.0,0.0,0.0,0.0,0.0,0.0,1.0,0.0,0.0,0.0,1,0,0,0,0,1,1,0,0,0,1,1,0,0,0,0,0,0.832214765100671,1.2957874101905908,0.42127775637422593,0.0,0.9320941296030667,0.9375507803116744,0.0
0.41379310344827586,0,0.5,1,0,0,1,0,1,0,0,0,0,0,0,1,0,0.0,0.0,0.0,0.0,0.0,1.0,0.0,0.0,0.0,0.0,0.0,0.0,0,0,0,1,0,1,0,1,0,0,0,0,0,0,0,0,1,1.0805369127516775,0.05065127586322576,0.902183224307849,0.285888863509545,-0.2481240298807802,-0.05962431082057667,-0.32192809488736235
-0.7586206896551724,0,0.4000000000000057,1,0,1,0,0,1,0,0,0,0,0,0,1,0,0.0,1.0,0.0,0.0,0.0,0.0,0.0,0.0,0.0,0.0,0.0,0.0,0,1,0,0,0,0,1,0,0,0,0,0,0,0,1,0,0,0.06711409395973149,0.3754993799734166,-0.19773162727640384,0.0,0.7029071326316836,0.5902452854112349,0.26303440583379395
-0.034482758620689655,0,0.20000000000001705,1,0,1,0,0,1,0,0,0,0,0,0,1,0,0.0,0.0,0.0,1.0,0.0,0.0,0.0,0.0,0.0,0.0,0.0,0.0,0,0,0,1,0,0,0,0,0,1,0,1,0,0,0,0,0,-0.3825503355704698,0.08054137161669443,-0.9609988130892464,-0.33313313904221287,-0.018100638189351426,-0.31255449400748914,0.4854268271702419
1.793103448275862,1,0.5,0,0,0,0,1,0,0,0,1,0,0,1,0,0,1.0,0.0,0.0,0.0,0.0,0.0,0.0,0.0,0.0,0.0,0.0,0.0,0,0,0,1,0,1,1,0,0,0,0,0,0,0,0,1,0,-0.2751677852348994,-0.18226233649745122,-0.7606514432514785,-0.2153165603828081,-0.5664967330375806,-0.5967878560467649,-0.736965594166206
-0.5172413793103449,1,0.8000000000000114,1,0,0,1,0,1,0,0,0,0,0,0,1,0,0.0,0.0,0.0,1.0,0.0,0.0,0.0,0.0,0.0,0.0,0.0,0.0,0,0,0,0,1,0,0,0,0,1,0,0,0,0,0,0,0,0.832214765100671,-0.12952963404284845,1.0013012885512003,1.0535588884633251,0.294156817072996,0.5902452854112349,0.0
-0.06896551724137931,0,0.6000000000000227,1,0,1,0,0,1,0,0,0,0,0,0,1,0,0.0,1.0,0.0,0.0,0.0,0.0,0.0,0.0,0.0,0.0,0.0,0.0,1,1,0,0,0,0,0,0,0,0,0,1,0,0,0,0,0,1.0805369127516775,1.368133051944695,0.38555903225994265,-0.45971183619556405,1.2992483474689611,1.1794650380972311,0.8479969065549505
1.6551724137931034,0,0.700000000000017,1,0,1,0,0,0,0,1,0,0,0,1,0,0,0.0,0.0,0.0,0.0,0.0,0.0,0.0,1.0,0.0,0.0,0.0,0.0,0,0,0,1,0,0,1,0,0,0,0,0,0,0,1,0,0,1.0805369127516775,0.11838541308962662,0.3604078853221612,-0.2153165603828081,0.5973095079532761,0.8495918482279355,-0.32192809488736235
-0.034482758620689655,1,0.30000000000001137,1,0,0,1,0,1,0,0,0,0,1,0,0,0,1.0,0.0,0.0,0.0,0.0,0.0,0.0,0.0,0.0,0.0,0.0,0.0,0,0,0,1,0,0,0,0,0,0,0,0,0,0,1,0,0,1.0805369127516775,-1.1371988793359509,0.24700619598681203,-0.10466081047388179,-0.03656705672767457,0.0560003770413949,-0.736965594166206
0.896551724137931,1,1.0,1,1,0,0,0,1,0,0,0,0,0,0,1,0,0.0,0.0,0.0,0.0,0.0,0.0,0.0,0.0,0.0,0.0,1.0,0.0,1,1,0,0,0,0,0,0,0,0,0,0,0,0,1,0,0,1.0805369127516775,1.3768032309626488,1.116289629469474,1.1200840609177067,0.9676056682959212,1.3263342348286624,-0.736965594166206
0.10344827586206896,0,0.10000000000002274,1,0,0,1,0,1,0,0,0,0,0,0,1,0,0.0,0.0,0.0,0.0,0.0,0.0,0.0,1.0,0.0,0.0,0.0,0.0,0,0,0,1,0,0,1,0,0,0,1,0,0,0,0,0,0,-0.2953020134228188,0.7381215269252778,-0.7530012533668862,-0.45971183619556405,0.8775206584661518,0.908700463159222,0.0
-0.7586206896551724,1,0.30000000000001137,1,1,0,0,0,1,0,0,0,0,1,0,0,0,0.0,0.0,0.0,0.0,0.0,0.0,0.0,0.0,1.0,0.0,0.0,0.0,1,0,0,0,0,1,1,0,0,0,0,0,0,0,0,0,0,0.832214765100671,0.25513169031764865,0.14779361840531544,-0.33313313904221287,0.0,0.1344558448132036,-0.736965594166206
1.1724137931034482,1,0.6000000000000227,0,0,0,0,1,0,0,0,1,0,0,1,0,0,0.0,0.0,0.0,0.0,0.0,0.0,0.0,0.0,0.0,1.0,0.0,0.0,0,0,0,1,0,0,1,0,0,0,0,0,0,0,1,0,0,-0.44295302013422816,-1.0653162594517853,-1.4070699871624215,-2.039507733308835,-0.9320941296030667,-0.9231819725908447,-0.32192809488736235
1.4827586206896552,1,0.20000000000001705,1,0,1,0,0,1,0,0,0,0,0,0,1,0,0.0,0.0,0.0,0.0,0.0,1.0,0.0,0.0,0.0,0.0,0.0,0.0,1,0,0,0,0,1,0,0,0,0,0,1,0,0,0,0,0,0.48993288590604017,1.9868262345272256,-0.017789210757413302,0.09954602329692071,0.6926562399661669,0.8495918482279355,0.26303440583379395
0.5517241379310345,0,0.700000000000017,1,0,1,0,0,1,0,0,0,0,0,0,1,0,0.0,1.0,0.0,0.0,0.0,0.0,0.0,0.0,0.0,0.0,0.0,0.0,0,0,0,0,0,0,0,0,0,1,1,0,1,0,0,0,0,1.0805369127516775,1.0312337423607973,0.5218977437080796,0.0,0.20948337528249636,0.0560003770413949,0.0
1.0689655172413792,0,0.700000000000017,1,0,1,0,0,1,0,0,0,0,0,0,1,0,0.0,0.0,0.0,1.0,0.0,0.0,0.0,0.0,0.0,0.0,0.0,0.0,1,1,0,0,0,0,0,0,0,0,0,0,0,0,0,0,0,0.0,1.7291341924558257,0.3491139813485152,0.6196850107744367,0.6190042601705491,0.908700463159222,-0.736965594166206
1.896551724137931,1,0.0,0,0,0,0,1,0,0,0,1,0,0,1,0,0,0.0,0.0,0.0,0.0,0.0,0.0,0.0,0.0,1.0,0.0,0.0,0.0,0,0,0,1,0,0,0,0,0,0,0,0,0,0,1,0,0,0.7651006711409396,-0.8582617106592307,0.2619755163353987,-0.33313313904221287,-0.9320941296030667,-0.9231819725908447,-1.3219280948873624
1.3793103448275863,0,0.10000000000002274,1,0,1,0,0,0,0,1,0,0,0,1,0,0,0.0,0.0,0.0,0.0,0.0,0.0,0.0,0.0,0.0,0.0,1.0,0.0,0,0,0,1,0,0,0,0,0,0,0,0,0,0,1,0,0,-0.13422818791946312,-0.5756458938367485,-0.6280401728202402,-0.7496097847521995,-0.2481240298807802,-0.31255449400748914,-0.32192809488736235
-0.3448275862068966,1,0.9000000000000057,1,1,0,0,0,1,0,0,0,0,0,0,1,0,0.0,0.0,0.0,1.0,0.0,0.0,0.0,0.0,0.0,0.0,0.0,0.0,1,0,1,0,0,0,1,0,0,0,0,0,0,0,0,1,0,0.395973154362416,0.6775564017228551,0.5398658949503786,0.285888863509545,-0.07469223430248058,-0.12368293201134385,0.6780719051126377
0.06896551724137931,0,0.4000000000000057,1,0,0,1,0,1,0,0,0,0,1,0,0,0,0.0,0.0,0.0,0.0,0.0,0.0,0.0,1.0,0.0,0.0,0.0,0.0,0,0,0,1,0,0,0,0,0,1,1,0,0,0,0,0,0,1.0805369127516775,0.8247735717487548,0.5141456652016841,-0.10466081047388179,0.01775576934642723,-0.05962431082057667,-0.32192809488736235
0.7586206896551724,0,1.0,1,0,0,1,0,1,0,0,0,0,0,0,1,0,0.0,0.0,0.0,0.0,0.0,0.0,0.0,0.0,0.0,0.0,1.0,0.0,0,0,0,0,0,1,0,0,0,1,0,1,0,0,0,0,0,1.0805369127516775,1.1153556365474648,0.3090000832652135,0.5402881638044359,0.8496071890576133,0.8495918482279355,0.0
-0.8620689655172413,1,0.20000000000001705,1,1,0,0,0,1,0,0,0,0,0,0,1,0,0.0,0.0,0.0,0.0,0.0,0.0,1.0,0.0,0.0,0.0,0.0,0.0,0,0,1,0,0,0,1,0,0,0,0,0,0,0,0,1,0,-0.18120805369127516,0.7230522662261236,-0.6344520498757813,-0.7496097847521995,0.8402050056512901,1.0215354196458677,-0.32192809488736235
0.41379310344827586,0,0.4000000000000057,1,0,0,1,0,1,0,0,0,0,0,0,1,0,0.0,0.0,1.0,0.0,0.0,0.0,0.0,0.0,0.0,0.0,0.0,0.0,0,0,0,1,0,1,0,1,0,1,0,0,0,0,0,0,0,0.7651006711409396,0.24445189556535332,0.2679257865576776,0.0,0.06913557571732576,-0.05962431082057667,1.1375035237499354
0.8620689655172413,0,0.700000000000017,1,0,0,1,0,1,0,0,0,0,0,0,1,0,0.0,0.0,0.0,0.0,0.0,0.0,0.0,0.0,0.0,0.0,1.0,0.0,0,0,0,1,0,0,1,0,0,0,0,0,0,0,0,0,0,1.0805369127516775,1.1155391005459439,0.17318082484645453,-0.33313313904221287,0.2804552591354187,0.44222257845083546,-0.32192809488736235
0.10344827586206896,0,0.700000000000017,1,0,0,1,0,1,0,0,0,0,0,0,1,0,0.0,0.0,0.0,0.0,0.0,0.0,0.0,0.0,0.0,1.0,0.0,0.0,0,0,0,1,0,0,0,0,0,0,0,0,0,0,0,0,0,-0.09395973154362419,-0.10922790416566415,-0.5607094419924123,0.09954602329692071,0.2804552591354187,0.23079549314771114,0.26303440583379395
-0.5172413793103449,1,0.20000000000001705,1,0,1,0,0,1,0,0,0,0,0,0,1,0,1.0,0.0,0.0,0.0,0.0,0.0,0.0,0.0,0.0,0.0,0.0,0.0,0,0,0,0,1,0,0,0,0,1,0,0,0,0,0,0,0,0.2885906040268456,-0.35942839088798967,-0.10656020831349733,-0.33313313904221287,0.08568594826730772,0.23079549314771114,-0.32192809488736235
0.7931034482758621,1,0.30000000000001137,1,0,1,0,0,1,0,0,0,0,0,0,1,0,0.0,1.0,0.0,0.0,0.0,0.0,0.0,0.0,0.0,0.0,0.0,0.0,1,0,0,0,0,1,0,0,0,0,0,1,0,0,0,0,0,0.48993288590604017,1.8795533284329144,0.6175231922649489,-0.45971183619556405,-0.11459349848569159,0.10896685056689351,-1.3219280948873624
-0.5172413793103449,1,0.20000000000001705,0,0,0,0,1,0,0,0,1,0,0,0,0,1,0.0,0.0,0.0,0.0,0.0,0.0,0.0,0.0,0.0,0.0,1.0,0.0,0,0,0,1,1,0,1,0,0,0,0,0,0,0,0,0,0,-0.2953020134228188,-1.6145535178365324,-0.6344520498757813,-0.10466081047388179,-0.9320941296030667,-0.9231819725908447,-0.736965594166206
-0.4827586206896552,0,0.0,1,0,0,0,1,0,0,0,1,0,0,0,0,1,0.0,0.0,0.0,0.0,0.0,0.0,0.0,0.0,0.0,0.0,0.0,1.0,0,0,0,0,1,0,0,0,0,1,0,0,0,0,0,0,0,-0.03355704697986583,-1.2959617547546483,-0.2524433814272862,0.0,-0.27300404985656557,-0.09103698790077436,-0.32192809488736235
-0.5862068965517241,1,0.5,1,0,0,1,0,1,0,0,0,0,1,0,0,0,0.0,0.0,0.0,0.0,0.0,0.0,1.0,0.0,0.0,0.0,0.0,0.0,0,0,0,1,0,0,1,0,0,0,0,0,0,0,0,0,0,0.0,-1.530815528174267,-0.050397475413199555,-0.10466081047388179,0.7532265959499519,1.1794650380972311,0.0
-1.1724137931034482,0,0.6000000000000227,1,0,0,0,1,1,0,0,0,0,0,0,1,0,0.0,0.0,1.0,0.0,0.0,0.0,0.0,0.0,0.0,0.0,0.0,0.0,0,0,0,1,0,0,1,0,0,0,0,0,0,0,0,0,0,0.2885906040268456,-1.3882178526163178,0.7438073214914762,0.9855710999281423,-0.9320941296030667,-0.9231819725908447,0.4854268271702419
0.7931034482758621,0,0.20000000000001705,1,0,0,1,0,1,0,0,0,0,0,0,1,0,0.0,0.0,0.0,0.0,0.0,0.0,0.0,0.0,0.0,0.0,0.0,1.0,1,0,0,1,0,0,0,1,1,0,0,0,0,0,0,0,0,0.34228187919463077,0.7917881979172975,0.2105147321824801,0.6967790260802048,-0.1565449347162588,-0.31255449400748914,0.0
0.7586206896551724,1,0.10000000000002274,1,0,0,0,1,0,0,1,0,0,0,1,0,0,0.0,0.0,0.0,1.0,0.0,0.0,0.0,0.0,0.0,0.0,0.0,0.0,1,0,0,0,0,1,0,0,0,1,0,0,0,0,1,0,0,-0.24161073825503357,-0.5077817059794485,-0.6673446300654058,-0.9224233415693557,-0.17839578835790348,-0.2703937395026851,-0.32192809488736235
0.06896551724137931,0,0.10000000000002274,1,0,0,1,0,1,0,0,0,0,0,0,1,0,0.0,0.0,0.0,1.0,0.0,0.0,0.0,0.0,0.0,0.0,0.0,0.0,0,0,0,0,0,1,0,0,0,0,1,1,0,0,0,0,0,-0.2953020134228188,0.4255248688317305,-0.3898712061157136,0.285888863509545,1.2538603679614966,1.1794650380972311,0.8479969065549505
-0.7586206896551724,1,0.30000000000001137,1,0,0,1,0,1,0,0,0,0,0,0,1,0,0.0,0.0,0.0,0.0,0.0,0.0,0.0,0.0,1.0,0.0,0.0,0.0,0,0,0,0,1,0,0,0,0,1,0,0,0,0,0,0,0,-0.17449664429530204,-0.4956980367032495,-0.2785892602690761,-0.33313313904221287,0.8589600161477176,1.1794650380972311,0.26303440583379395
0.4827586206896552,0,0.6000000000000227,0,0,0,0,1,0,0,0,1,0,0,0,0,1,0.0,0.0,0.0,0.0,0.0,0.0,0.0,0.0,0.0,1.0,0.0,0.0,0,0,0,1,0,0,0,0,0,0,1,0,0,0,0,0,0,0.7651006711409396,-0.8128949445303721,-0.046735734578559625,-0.7496097847521995,-0.9320941296030667,-0.9231819725908447,-0.736965594166206
-0.4482758620689655,0,0.700000000000017,1,1,0,0,0,1,0,0,0,0,0,0,1,0,0.0,0.0,0.0,0.0,0.0,0.0,1.0,0.0,0.0,0.0,0.0,0.0,1,0,1,0,0,0,1,0,0,0,0,0,0,0,0,1,0,0.48993288590604017,0.5286771138570807,0.6027269415052793,0.3736703603919092,-0.5664967330375806,-0.5967878560467649,1.0000000000000007
0.8275862068965517,1,0.4000000000000057,1,1,0,0,0,1,0,0,0,0,0,0,1,0,0.0,0.0,0.0,0.0,0.0,0.0,0.0,0.0,0.0,0.0,0.0,1.0,0,0,0,1,0,0,0,0,0,0,0,0,0,0,1,0,0,1.0805369127516775,0.5401859088449047,0.9554233483010957,0.3736703603919092,0.8496071890576133,1.0215354196458677,-0.32192809488736235
0.896551724137931,0,0.4000000000000057,1,0,0,1,0,1,0,0,0,0,1,0,0,0,0.0,0.0,0.0,0.0,0.0,0.0,0.0,0.0,1.0,0.0,0.0,0.0,0,0,0,1,0,0,0,0,0,0,0,0,0,0,0,0,0,0.06711409395973149,0.05744198823030382,0.3744245828005023,0.285888863509545,-0.3836980347548376,-0.23079549314771128,-1.3219280948873624
0.7586206896551724,1,0.0,1,0,1,0,0,1,0,0,0,0,0,0,1,0,0.0,0.0,0.0,0.0,0.0,0.0,0.0,0.0,0.0,0.0,1.0,0.0,0,0,0,1,0,0,0,0,0,0,0,0,0,0,0,0,0,-0.2348993288590604,0.5387126914053897,-0.3996994441500668,0.45836890322464535,0.6719579378896411,0.5902452854112349,-0.32192809488736235
0.13793103448275862,1,0.6000000000000227,1,0,1,0,0,1,0,0,0,0,0,0,1,0,0.0,0.0,0.0,0.0,0.0,0.0,0.0,1.0,0.0,0.0,0.0,0.0,1,0,0,0,0,0,1,0,0,0,0,1,0,0,0,0,0,-0.2953020134228188,1.2581864795825997,-0.47671479065157246,0.3736703603919092,0.1646980600933915,0.0560003770413949,0.26303440583379395
-0.6206896551724138,0,0.8000000000000114,1,0,0,1,0,1,0,0,0,0,0,0,1,0,0.0,0.0,0.0,1.0,0.0,0.0,0.0,0.0,0.0,0.0,0.0,0.0,0,1,0,0,1,0,1,0,0,0,0,0,0,0,0,0,0,0.0,0.7551419034180915,-0.2785892602690761,0.6967790260802048,0.8496071890576133,1.3263342348286624,-0.32192809488736235
0.6551724137931034,1,0.4000000000000057,0,0,0,0,1,0,0,0,1,0,0,0,0,1,0.0,0.0,0.0,0.0,0.0,0.0,0.0,0.0,0.0,0.0,0.0,1.0,1,0,0,0,0,1,0,0,0,1,0,0,0,0,0,0,0,-0.35570469798657717,0.04828084746743427,-0.9392265928808275,-0.45971183619556405,-0.1565449347162588,-0.05962431082057667,0.0
-0.13793103448275862,0,0.6000000000000227,1,0,0,1,0,1,0,0,0,0,0,0,1,0,0.0,0.0,0.0,0.0,0.0,0.0,1.0,0.0,0.0,0.0,0.0,0.0,0,0,0,0,1,0,0,0,0,0,0,0,1,0,0,0,0,-0.19463087248322147,-0.18169467266552125,-0.36570634594593276,0.285888863509545,-0.3836980347548376,-0.31255449400748914,-0.736965594166206
0.896551724137931,0,0.20000000000001705,1,1,0,0,0,0,0,0,1,0,0,0,0,1,0.0,0.0,0.0,1.0,0.0,0.0,0.0,0.0,0.0,0.0,0.0,0.0,1,0,0,1,0,0,0,1,0,1,0,0,0,0,0,0,0,-0.15436241610738255,-0.3791665141143998,-0.596741458281222,-0.10466081047388179,-0.6735777313074641,-0.5967878560467649,-1.3219280948873624
0.3448275862068966,0,0.6000000000000227,1,0,1,0,0,1,0,0,0,0,0,0,1,0,0.0,0.0,0.0,0.0,0.0,0.0,1.0,0.0,0.0,0.0,0.0,0.0,1,0,0,0,0,1,0,0,0,0,0,0,0,0,0,0,0,-0.2953020134228188,1.0744877275260996,-0.4297770099916551,0.09954602329692071,1.1440999769555245,0.8495918482279355,0.4854268271702419
-0.6896551724137931,1,0.0,1,1,0,0,0,1,0,0,0,0,0,0,1,0,0.0,0.0,0.0,0.0,0.0,1.0,0.0,0.0,0.0,0.0,0.0,0.0,1,0,1,0,0,0,1,0,0,0,0,0,0,0,0,1,0,0.48993288590604017,1.0431681225844076,0.6175231922649491,-0.10466081047388179,0.9140822264296563,1.3263342348286624,-0.736965594166206
-0.06896551724137931,1,0.4000000000000057,1,0,0,1,0,1,0,0,0,0,0,0,1,0,0.0,0.0,0.0,0.0,0.0,0.0,0.0,0.0,0.0,0.0,1.0,0.0,0,0,0,0,0,0,0,0,0,0,1,0,0,0,0,0,0,1.0805369127516775,-0.24114420647973764,0.11872818440764032,-1.1274121468458216,0.6081950804690024,0.5902452854112349,-0.32192809488736235
0.3793103448275862,0,0.0,1,0,0,1,0,1,0,0,0,0,0,0,1,0,0.0,0.0,0.0,0.0,0.0,0.0,0.0,0.0,0.0,0.0,1.0,0.0,0,0,0,1,0,0,0,0,0,0,0,0,0,0,1,0,0,0.2885906040268456,-0.2050811431117187,0.1349432856245864,0.45836890322464535,-0.2988608636367374,-0.12368293201134385,-0.32192809488736235
0.41379310344827586,0,0.9000000000000057,1,0,1,0,0,1,0,0,0,0,0,0,1,0,0.0,0.0,0.0,0.0,0.0,0.0,0.0,0.0,0.0,1.0,0.0,0.0,0,1,0,0,0,1,1,0,0,0,0,0,0,0,0,0,0,-0.1476510067114094,1.8801159052656025,-0.14145357081459387,0.285888863509545,-0.17839578835790348,-0.157719918514846,0.0
0.896551724137931,1,0.0,0,0,0,0,1,0,0,0,1,0,0,1,0,0,0.0,0.0,0.0,0.0,0.0,0.0,0.0,0.0,1.0,0.0,0.0,0.0,0,0,0,0,0,0,1,0,0,0,0,0,0,0,1,0,0,-0.3087248322147651,-0.9515513737546112,-0.9609988130892464,-1.3945587590305173,-0.6154774966199021,-0.5234324523010943,-0.736965594166206
-0.3103448275862069,0,0.6000000000000227,1,1,0,0,0,1,0,0,0,0,0,0,1,0,0.0,0.0,0.0,0.0,0.0,0.0,0.0,0.0,0.0,1.0,0.0,0.0,0,1,1,0,0,0,1,0,0,0,0,0,0,0,0,1,0,-0.12751677852348994,1.5311496802361184,0.2105147321824801,0.7717596693105655,-0.44845423396059875,-0.31255449400748914,-1.3219280948873624
-0.41379310344827586,0,0.0,1,1,0,0,0,1,0,0,0,0,0,0,1,0,1.0,0.0,0.0,0.0,0.0,0.0,0.0,0.0,0.0,0.0,0.0,0.0,0,1,1,0,0,0,0,0,0,0,0,0,0,1,0,1,0,0.48993288590604017,1.2910527052428589,0.36322010328591453,-0.45971183619556405,-0.44845423396059875,-0.31255449400748914,-0.736965594166206
0.7241379310344828,1,0.20000000000001705,1,0,0,1,0,1,0,0,0,0,0,0,1,0,0.0,0.0,0.0,0.0,0.0,0.0,0.0,0.0,0.0,1.0,0.0,0.0,0,0,0,1,0,0,0,0,0,0,0,0,0,0,1,0,0,1.0805369127516775,-0.6612370329677545,0.8498914666242692,0.45836890322464535,-0.20089933647209446,-0.2703937395026851,0.4854268271702419
0.20689655172413793,1,0.0,1,0,1,0,0,1,0,0,0,0,0,0,1,0,0.0,0.0,0.0,0.0,0.0,0.0,1.0,0.0,0.0,0.0,0.0,0.0,1,0,0,0,0,1,0,0,0,0,0,1,0,0,0,0,0,0.48993288590604017,1.5227923646693322,0.8344099216389661,0.5402881638044359,-0.11459349848569159,0.10896685056689351,-1.3219280948873624
1.0,1,0.8000000000000114,1,1,0,0,0,1,0,0,0,0,0,0,1,0,0.0,0.0,0.0,0.0,1.0,0.0,0.0,0.0,0.0,0.0,0.0,0.0,1,0,1,0,0,1,0,0,0,0,0,1,0,0,0,0,0,0.832214765100671,1.0829171270718088,1.3190782184314027,1.9362247549329048,1.0110826875205792,1.0215354196458677,0.4854268271702419
-0.3793103448275862,0,0.9000000000000057,1,0,1,0,0,1,0,0,0,0,0,0,1,0,0.0,0.0,0.0,0.0,1.0,0.0,0.0,0.0,0.0,0.0,0.0,0.0,0,0,0,1,1,0,0,0,0,0,0,0,0,0,0,0,0,-0.06040268456375844,-0.3352076020944373,0.8188207018071918,2.1897055168328654,0.22402635017168981,0.44222257845083546,0.0
0.5172413793103449,0,0.700000000000017,1,0,1,0,0,1,0,0,0,0,0,0,1,0,0.0,0.0,0.0,0.0,0.0,0.0,0.0,0.0,0.0,0.0,0.0,1.0,0,0,0,1,0,0,1,0,0,0,0,0,0,0,0,0,0,1.0805369127516775,0.5995691873416511,0.7298856392324102,0.8447917637013288,1.2917480154000511,1.0215354196458677,0.4854268271702419
0.5862068965517241,1,0.9000000000000057,1,0,0,1,0,1,0,0,0,0,0,0,1,0,0.0,0.0,0.0,0.0,0.0,0.0,1.0,0.0,0.0,0.0,0.0,0.0,0,0,0,0,0,1,1,0,0,0,0,1,0,0,0,0,0,0.48993288590604017,1.6626722632579636,0.5627269822257706,0.0,1.103466026137682,0.9375507803116744,0.4854268271702419
0.8620689655172413,0,0.6000000000000227,1,0,0,1,0,0,0,0,1,0,0,0,0,1,0.0,1.0,0.0,0.0,0.0,0.0,0.0,0.0,0.0,0.0,0.0,0.0,0,1,0,1,0,0,0,0,0,0,0,1,0,0,0,0,0,-0.2885906040268456,0.1104851949805385,-0.6540151729780824,-0.2153165603828081,-0.9320941296030667,-0.9231819725908447,-0.736965594166206
0.9655172413793104,0,1.0,1,0,0,0,1,0,0,0,1,0,0,1,0,0,0.0,0.0,0.0,1.0,0.0,0.0,0.0,0.0,0.0,0.0,0.0,0.0,0,0,0,0,0,1,1,0,0,0,1,0,0,0,0,0,0,-0.28187919463087246,0.22569188666034298,-0.7530012533668862,-0.5973579848037531,-0.09440525778300253,-0.029314871250031297,-0.736965594166206
-0.3793103448275862,0,0.20000000000001705,1,0,0,1,0,1,0,0,0,0,0,0,1,0,0.0,0.0,0.0,0.0,0.0,0.0,0.0,0.0,1.0,0.0,0.0,0.0,0,0,0,0,1,0,0,0,0,0,0,0,0,0,0,0,0,0.832214765100671,-0.4359280007529934,0.3147878571009808,0.3736703603919092,-0.6735777313074641,-0.5967878560467649,-0.736965594166206
0.3103448275862069,1,0.10000000000002274,1,1,0,0,0,1,0,0,0,0,0,0,1,0,0.0,0.0,0.0,1.0,0.0,0.0,0.0,0.0,0.0,0.0,0.0,0.0,0,0,0,1,0,0,0,0,0,0,0,0,0,0,0,0,0,0.395973154362416,-0.5160171946658885,0.3491139813485152,0.8447917637013288,-0.6154774966199021,-0.5234324523010943,-1.3219280948873624
2.3448275862068964,0,0.8000000000000114,1,0,0,1,0,1,0,0,0,0,0,0,1,0,0.0,0.0,0.0,1.0,0.0,0.0,0.0,0.0,0.0,0.0,0.0,0.0,1,1,0,0,0,0,1,0,0,0,0,0,0,0,0,0,0,-0.14093959731543623,0.3418396549406857,0.36322010328591453,1.721158710337855,0.42357730004446903,0.44222257845083546,0.0
-0.27586206896551724,1,0.8000000000000114,1,0,0,1,0,1,0,0,0,0,0,0,1,0,0.0,0.0,0.0,0.0,0.0,0.0,0.0,0.0,0.0,0.0,0.0,1.0,0,0,0,0,0,0,1,0,0,0,0,0,0,0,1,0,0,0.48993288590604017,0.1426247182901423,0.40487968752334197,0.0,0.7029071326316836,1.0215354196458677,0.0
-0.6896551724137931,0,0.10000000000002274,1,0,0,1,0,1,0,0,0,0,0,0,1,0,0.0,0.0,0.0,0.0,0.0,0.0,0.0,0.0,0.0,0.0,1.0,0.0,0,1,0,0,1,1,0,0,0,1,0,1,0,0,0,0,0,0.832214765100671,0.49366379898567125,0.634649965353713,0.5402881638044359,0.01775576934642723,0.08283225866466219,-0.32192809488736235
0.27586206896551724,0,0.10000000000002274,1,0,0,1,0,1,0,0,0,0,0,0,1,0,0.0,0.0,0.0,0.0,0.0,0.0,0.0,0.0,0.0,0.0,0.0,1.0,0,0,0,1,0,0,0,0,0,0,0,0,0,0,0,0,0,-0.13422818791946312,-0.37460289787374096,-0.057750768110813644,0.285888863509545,-0.13529307677780772,-0.029314871250031297,-0.32192809488736235
-0.41379310344827586,0,0.4000000000000057,1,1,0,0,0,1,0,0,0,0,0,0,1,0,0.0,0.0,0.0,0.0,0.0,1.0,0.0,0.0,0.0,0.0,0.0,0.0,1,1,1,0,0,0,1,0,0,0,0,0,0,0,0,1,0,-0.2348993288590604,0.9941459071893151,-0.7017695328540805,-0.9224233415693557,-0.4843305931653706,-0.46159098629542233,0.4854268271702419
-0.034482758620689655,1,0.8000000000000114,1,0,1,0,0,0,0,0,1,0,0,0,0,1,0.0,0.0,0.0,0.0,0.0,0.0,0.0,0.0,0.0,0.0,0.0,1.0,1,0,1,0,0,1,1,0,0,0,0,0,0,0,0,0,0,0.395973154362416,-0.6093568797567119,0.19816657664688817,-0.10466081047388179,-0.13529307677780772,-0.12368293201134385,0.4854268271702419
0.5862068965517241,1,1.0,1,0,0,1,0,1,0,0,0,0,0,0,1,0,0.0,0.0,0.0,0.0,0.0,0.0,0.0,1.0,0.0,0.0,0.0,0.0,0,0,0,0,1,0,0,0,0,0,0,0,1,0,0,0,0,-0.18791946308724833,0.3586521807557547,-0.12971653678935785,0.9160197607056829,0.7924253409608393,0.5902452854112349,0.26303440583379395
-0.4827586206896552,0,0.700000000000017,1,0,0,1,0,1,0,0,0,0,0,0,0,1,1.0,0.0,0.0,0.0,0.0,0.0,0.0,0.0,0.0,0.0,0.0,0.0,1,0,0,0,0,1,0,0,0,1,0,0,0,0,0,0,0,-0.16778523489932887,-0.48997422807307783,-0.7088581595408886,-1.1274121468458216,-0.27300404985656557,-0.2703937395026851,0.26303440583379395
0.0,0,0.0,1,0,1,0,0,1,0,0,0,0,0,0,1,0,0.0,0.0,0.0,0.0,0.0,0.0,0.0,0.0,0.0,1.0,0.0,0.0,0,0,0,0,0,0,0,0,0,1,1,0,1,0,0,0,0,-0.28187919463087246,0.14421923220669525,-0.6474381501629705,-0.7496097847521995,0.6719579378896411,0.2760665882784065,0.8479969065549505
0.10344827586206896,1,0.5,0,0,0,0,1,0,0,0,1,0,0,0,0,1,0.0,0.0,0.0,0.0,0.0,0.0,0.0,1.0,0.0,0.0,0.0,0.0,0,0,0,1,0,1,0,0,0,0,1,0,0,0,0,0,0,-0.046979865771812096,-0.15931254875631254,-0.5432568729581231,-0.10466081047388179,-0.2481240298807802,-0.05962431082057667,-0.736965594166206
-0.27586206896551724,0,0.4000000000000057,1,0,0,1,0,1,0,0,0,0,0,0,1,0,0.0,0.0,0.0,0.0,0.0,0.0,0.0,1.0,0.0,0.0,0.0,0.0,0,0,0,0,1,0,0,0,0,1,0,1,1,0,0,0,0,0.34228187919463077,-0.5412609421707992,-0.19362520337176442,-0.7496097847521995,0.30770696263625097,0.6421492205550592,-1.3219280948873624
0.41379310344827586,1,0.20000000000001705,0,0,0,0,1,0,0,0,1,0,0,0,0,1,0.0,0.0,0.0,0.0,0.0,0.0,1.0,0.0,0.0,0.0,0.0,0.0,0,0,0,0,0,1,0,0,0,0,0,0,0,0,0,0,1,-0.3825503355704698,0.3833994828978004,-1.0474359092160128,-1.1274121468458216,-0.5664967330375806,-0.46159098629542233,0.4854268271702419
-0.3103448275862069,1,0.30000000000001137,1,0,1,0,0,1,0,0,0,0,0,0,1,0,0.0,0.0,0.0,0.0,0.0,0.0,0.0,1.0,0.0,0.0,0.0,0.0,0,0,0,1,0,0,0,0,0,1,0,0,1,0,0,0,0,-0.05369127516778523,-1.0954364916372044,0.05547216356160948,0.9160197607056829,-0.6735777313074641,-0.5967878560467649,-0.736965594166206
-0.5517241379310345,1,0.700000000000017,0,0,0,0,1,0,0,0,1,0,0,0,0,1,0.0,0.0,0.0,0.0,1.0,0.0,0.0,0.0,0.0,0.0,0.0,0.0,0,0,0,1,0,0,0,0,0,0,0,0,0,0,0,0,0,-0.09395973154362419,-2.0950121569056934,0.12523481593663757,0.5402881638044359,-0.325819435233824,-0.157719918514846,-0.32192809488736235
-0.1724137931034483,0,0.0,1,0,1,0,0,1,0,0,0,0,0,0,1,0,0.0,0.0,0.0,0.0,0.0,0.0,0.0,0.0,0.0,1.0,0.0,0.0,1,1,0,0,0,1,0,0,0,0,0,0,0,0,0,0,0,0.06711409395973149,1.202184650884201,0.05886947859372801,0.3736703603919092,1.1760433005670086,1.1794650380972311,0.8479969065549505
0.896551724137931,0,0.4000000000000057,1,0,1,0,0,1,0,0,0,0,0,0,1,0,0.0,0.0,0.0,0.0,0.0,0.0,0.0,0.0,0.0,0.0,0.0,1.0,0,0,0,1,0,0,0,1,0,0,1,0,0,0,0,0,0,0.7651006711409396,0.24445189556535332,0.440224871168053,0.6196850107744367,0.9676056682959212,0.908700463159222,0.6780719051126377
-0.20689655172413793,0,0.9000000000000057,1,0,0,1,0,0,0,1,0,0,0,1,0,0,0.0,0.0,0.0,0.0,0.0,0.0,1.0,0.0,0.0,0.0,0.0,0.0,0,0,0,1,0,1,0,0,0,1,1,0,0,0,0,0,0,-0.20805369127516776,-0.6356608357432122,-0.5666074967421029,-0.33313313904221287,-0.44845423396059875,-0.31255449400748914,-0.736965594166206
1.2413793103448276,1,1.0,0,0,0,0,1,0,0,0,1,0,0,1,0,0,1.0,0.0,0.0,0.0,0.0,0.0,0.0,0.0,0.0,0.0,0.0,0.0,0,0,0,0,0,0,0,0,0,1,1,0,1,0,0,0,0,-0.42281879194630867,-1.1119111922128562,-1.2343073643215616,-1.1274121468458216,-0.6735777313074641,-0.5967878560467649,-0.736965594166206
0.0,0,0.6000000000000227,1,0,1,0,0,1,0,0,0,0,0,0,1,0,0.0,0.0,0.0,0.0,0.0,0.0,0.0,1.0,0.0,0.0,0.0,0.0,0,0,0,1,0,0,0,0,0,0,0,0,0,1,1,0,0,0.2885906040268456,-0.26839173920312964,0.6076710988622878,0.9855710999281423,-0.20089933647209446,-0.05962431082057667,-0.32192809488736235
0.3103448275862069,0,0.20000000000001705,1,0,1,0,0,1,0,0,0,0,0,0,1,0,0.0,0.0,0.0,0.0,0.0,0.0,0.0,0.0,0.0,0.0,1.0,0.0,1,0,0,0,0,1,0,0,0,0,0,1,0,0,0,0,0,0.48993288590604017,2.3338226033417526,0.678044376033901,-0.33313313904221287,1.0024654529668053,0.908700463159222,0.26303440583379395
-0.7931034482758621,1,0.0,1,0,0,1,0,1,0,0,0,0,0,0,1,0,0.0,0.0,0.0,0.0,0.0,0.0,1.0,0.0,0.0,0.0,0.0,0.0,0,0,0,1,0,0,1,0,0,0,0,0,0,0,0,0,0,0.0,-1.519538098584911,0.527048534535148,0.9855710999281423,-0.44845423396059875,-0.5234324523010943,0.0
-0.13793103448275862,0,0.20000000000001705,1,0,0,1,0,0,1,0,0,1,0,0,0,0,0.0,0.0,0.0,0.0,0.0,1.0,0.0,0.0,0.0,0.0,0.0,0.0,0,0,0,1,0,0,0,0,0,0,0,0,0,0,0,0,0,-0.3959731543624161,-0.06888735646423222,-0.9838897145774169,0.19466105017012347,0.3987004815127367,0.23079549314771114,0.8479969065549505
-0.13793103448275862,1,0.20000000000001705,0,0,0,0,1,0,0,0,1,0,0,0,0,1,0.0,0.0,0.0,0.0,0.0,0.0,0.0,0.0,1.0,0.0,0.0,0.0,0,0,0,0,1,0,0,0,0,0,0,0,1,0,0,0,0,-0.03355704697986583,-1.496523881432817,0.028004138347778745,0.7717596693105655,-0.20089933647209446,-0.05962431082057667,-0.736965594166206
2.4482758620689653,1,0.20000000000001705,1,0,0,1,0,0,0,0,1,0,0,1,0,0,0.0,0.0,0.0,0.0,0.0,0.0,0.0,1.0,0.0,0.0,0.0,0.0,0,0,0,1,0,0,0,0,0,0,0,0,0,0,1,0,0,-0.31543624161073824,-1.120043429214754,-0.6540151729780824,-0.33313313904221287,-0.6735777313074641,-0.5967878560467649,-1.3219280948873624
-0.20689655172413793,1,0.0,1,1,0,0,0,1,0,0,0,0,0,0,1,0,0.0,0.0,1.0,0.0,0.0,0.0,0.0,0.0,0.0,0.0,0.0,0.0,0,1,0,1,0,0,0,0,0,0,0,0,0,0,1,1,0,-0.22818791946308725,1.247496108864309,-0.19773162727640384,0.45836890322464535,0.17982694289849213,0.1344558448132036,0.0
2.689655172413793,0,0.30000000000001137,1,0,0,1,0,0,0,0,1,0,0,0,0,1,0.0,0.0,0.0,0.0,0.0,0.0,0.0,0.0,0.0,1.0,0.0,0.0,0,0,0,1,0,0,0,1,0,0,0,0,0,0,1,0,0,-0.2348993288590604,0.06727974386018715,-0.7606514432514785,-0.45971183619556405,-0.11459349848569159,-0.1933425405422934,1.1375035237499354
-0.8275862068965517,0,0.10000000000002274,1,0,1,0,0,1,0,0,0,0,0,0,1,0,0.0,0.0,0.0,0.0,0.0,0.0,0.0,0.0,0.0,0.0,0.0,1.0,0,0,0,0,1,0,0,0,0,1,0,0,0,0,0,0,0,0.06711409395973149,-0.5160171946658885,-0.24814308123246143,-0.10466081047388179,0.48385849871184977,0.6421492205550592,-0.32192809488736235
-0.7586206896551724,0,0.30000000000001137,1,0,0,1,0,1,0,0,0,0,0,0,1,0,1.0,0.0,0.0,0.0,0.0,0.0,0.0,0.0,0.0,0.0,0.0,0.0,0,0,0,0,0,1,0,0,0,1,1,0,0,0,0,0,0,-0.3221476510067114,-0.06636911701631507,-0.9838897145774169,-1.3945587590305173,-0.13529307677780772,0.08283225866466219,-1.3219280948873624
-0.13793103448275862,0,0.8000000000000114,1,0,1,0,0,1,0,0,0,0,0,0,1,0,0.0,0.0,0.0,0.0,1.0,0.0,0.0,0.0,0.0,0.0,0.0,0.0,0,0,0,0,0,0,1,0,0,0,0,0,0,0,1,0,0,-0.2684563758389262,0.019454552458953958,-0.7088581595408886,-0.7496097847521995,1.1521317056178897,1.3263342348286624,0.26303440583379395
-0.9310344827586207,0,0.0,1,0,0,1,0,1,0,0,0,0,1,0,0,0,0.0,0.0,0.0,0.0,1.0,0.0,0.0,0.0,0.0,0.0,0.0,0.0,1,0,0,1,0,0,0,0,1,1,0,0,0,0,1,0,0,-0.28187919463087246,-0.8418818035526819,-0.27418970858631175,0.9160197607056829,0.47200931442734184,0.46159098629542217,0.6780719051126377
1.6206896551724137,1,0.9000000000000057,0,0,0,0,1,0,0,1,0,0,0,1,0,0,0.0,0.0,0.0,0.0,0.0,0.0,0.0,0.0,0.0,0.0,1.0,0.0,0,0,0,0,1,0,1,0,0,0,0,0,0,0,0,0,0,0.832214765100671,-0.06314123128331983,0.03836581893888001,-0.7496097847521995,-0.17839578835790348,-0.029314871250031297,-0.736965594166206
-0.3103448275862069,1,0.9000000000000057,1,1,0,0,0,1,0,0,0,0,0,0,1,0,0.0,0.0,0.0,0.0,0.0,0.0,0.0,0.0,1.0,0.0,0.0,0.0,1,0,1,0,0,0,0,0,0,0,0,1,0,0,0,1,0,0.48993288590604017,0.8677071636831135,0.6248809143198663,0.3736703603919092,-0.2481240298807802,-0.05962431082057667,-1.3219280948873624
0.10344827586206896,0,0.0,1,0,1,0,0,1,0,0,0,0,0,0,1,0,0.0,0.0,0.0,0.0,0.0,0.0,0.0,0.0,0.0,0.0,0.0,1.0,1,0,0,0,0,1,0,0,0,1,1,0,0,0,0,0,0,-0.03355704697986583,1.333005273262249,-0.16126099688969034,0.19466105017012347,-0.07469223430248058,-0.09103698790077436,0.0
0.8275862068965517,1,1.0,1,0,0,1,0,1,0,0,0,0,0,0,1,0,0.0,0.0,0.0,0.0,0.0,0.0,0.0,0.0,1.0,0.0,0.0,0.0,0,0,0,0,1,0,0,0,0,0,0,0,0,0,0,0,0,0.832214765100671,0.5994149131230017,0.7645225087803126,0.5402881638044359,0.8116943129959044,0.5902452854112349,0.0
-0.20689655172413793,0,0.8000000000000114,1,0,1,0,0,1,0,0,0,0,0,0,1,0,0.0,0.0,0.0,0.0,0.0,1.0,0.0,0.0,0.0,0.0,0.0,0.0,0,0,0,1,0,0,1,0,0,0,0,0,0,0,0,0,0,-0.08053691275167789,0.1426247182901423,0.23190016100281607,1.311745441909603,-0.05542236995815684,-0.09103698790077436,-0.32192809488736235
-0.27586206896551724,0,0.10000000000002274,1,0,0,1,0,1,0,0,0,0,0,0,1,0,0.0,0.0,0.0,0.0,0.0,0.0,0.0,0.0,1.0,0.0,0.0,0.0,0,0,0,0,1,0,0,0,0,1,0,0,0,0,0,0,0,0.34228187919463077,-0.9348542024152058,0.40487968752334197,0.8447917637013288,-0.2241178154456085,-0.31255449400748914,0.4854268271702419
-0.034482758620689655,1,1.0,1,0,0,1,0,1,0,0,0,0,0,0,1,0,0.0,0.0,0.0,0.0,1.0,0.0,0.0,0.0,0.0,0.0,0.0,0.0,0,0,0,0,1,0,0,0,0,0,0,0,1,0,0,0,0,0.832214765100671,0.5352085855442678,0.6467959377672566,0.6196850107744367,0.5416760920058674,0.5902452854112349,0.26303440583379395
0.41379310344827586,0,0.0,1,1,0,0,0,1,0,0,0,0,0,0,1,0,0.0,0.0,0.0,0.0,0.0,0.0,0.0,0.0,0.0,1.0,0.0,0.0,0,0,0,1,0,0,0,0,0,0,0,0,0,0,0,0,0,0.7651006711409396,-0.11543157810038991,0.27089300903181684,-0.45971183619556405,-0.5233438140443791,-0.4071075610119756,-1.3219280948873624
-0.06896551724137931,1,0.4000000000000057,0,0,0,0,1,0,0,0,1,0,0,0,0,1,0.0,0.0,0.0,0.0,1.0,0.0,0.0,0.0,0.0,0.0,0.0,0.0,0,0,0,0,0,1,0,0,0,1,1,0,0,0,0,0,0,0.7651006711409396,-0.4337337742801435,0.3800004792829518,-0.33313313904221287,-0.5664967330375806,-0.46159098629542233,0.0
-0.13793103448275862,0,0.4000000000000057,1,0,0,0,1,0,0,0,1,0,0,0,0,1,0.0,0.0,0.0,0.0,0.0,0.0,0.0,1.0,0.0,0.0,0.0,0.0,0,0,0,1,0,0,0,0,0,1,1,0,0,0,0,0,0,-0.3959731543624161,-0.6947081671978939,-1.1431707216866394,-1.1274121468458216,0.06913557571732576,-0.09103698790077436,1.1375035237499354
-0.9310344827586207,1,0.30000000000001137,1,1,0,0,0,1,0,0,0,0,0,0,1,0,0.0,0.0,0.0,0.0,0.0,0.0,1.0,0.0,0.0,0.0,0.0,0.0,0,0,1,0,0,1,1,0,0,0,0,1,0,0,0,0,0,0.48993288590604017,-0.23265087832399695,0.6467959377672564,-0.10466081047388179,-0.4843305931653706,-0.46159098629542233,-0.736965594166206
0.896551724137931,0,0.20000000000001705,0,0,0,0,1,0,0,0,1,0,0,1,0,0,0.0,0.0,1.0,0.0,0.0,0.0,0.0,0.0,0.0,0.0,0.0,0.0,0,0,0,0,0,1,0,0,0,1,0,0,0,0,0,0,0,-0.44295302013422816,-1.1203664687106263,-1.4070699871624215,-1.3945587590305173,-0.9320941296030667,-0.9231819725908447,-1.3219280948873624
2.413793103448276,1,0.4000000000000057,1,0,1,0,0,1,0,0,0,0,0,0,1,0,0.0,0.0,0.0,1.0,0.0,0.0,0.0,0.0,0.0,0.0,0.0,0.0,1,0,0,0,0,1,0,0,0,0,0,1,0,0,0,0,0,0.832214765100671,2.4801365925637353,0.7850419488452618,0.285888863509545,-0.11459349848569159,0.10896685056689351,-1.3219280948873624
0.06896551724137931,0,0.30000000000001137,1,0,0,1,0,1,0,0,0,0,0,0,1,0,0.0,0.0,0.0,0.0,1.0,0.0,0.0,0.0,0.0,0.0,0.0,0.0,0,0,0,1,0,0,0,0,0,0,0,0,0,0,0,0,0,-0.30201342281879195,-0.6700433784289875,0.05206693856714238,1.721158710337855,-0.11459349848569159,-0.23079549314771128,0.26303440583379395
-0.6206896551724138,1,0.20000000000001705,1,0,1,0,0,1,0,0,0,0,0,0,1,0,0.0,0.0,0.0,0.0,0.0,0.0,0.0,0.0,0.0,0.0,0.0,1.0,0,0,0,0,0,0,1,0,0,0,0,0,0,1,0,0,0,0.832214765100671,0.6489500953106876,0.02453357915470486,-0.7496097847521995,-0.44845423396059875,-0.46159098629542233,-0.736965594166206
-0.10344827586206896,0,0.8000000000000114,1,0,0,1,0,1,0,0,0,0,0,0,1,0,0.0,0.0,0.0,0.0,0.0,0.0,0.0,0.0,0.0,1.0,0.0,0.0,0,0,0,0,0,1,1,0,0,0,0,0,0,0,0,0,0,0.48993288590604017,0.42566264922623487,0.1700297732325132,-0.10466081047388179,-0.07469223430248058,-0.157719918514846,0.4854268271702419
0.7241379310344828,0,0.9000000000000057,0,0,0,0,1,0,0,1,0,0,0,1,0,0,0.0,0.0,1.0,0.0,0.0,0.0,0.0,0.0,0.0,0.0,0.0,0.0,0,0,0,0,1,0,0,0,0,1,0,0,0,0,0,0,0,-0.03355704697986583,-0.44314583596585183,-0.3609403547245412,-0.7496097847521995,-0.35403388971568844,-0.31255449400748914,-0.32192809488736235
-0.20689655172413793,0,0.8000000000000114,1,0,1,0,0,1,0,0,0,0,0,0,1,0,0.0,0.0,0.0,0.0,0.0,0.0,0.0,0.0,0.0,0.0,1.0,0.0,1,0,0,0,0,1,0,0,0,0,0,1,0,0,0,0,0,0.832214765100671,2.0059614595202664,1.447437012528226,0.285888863509545,0.03518566168186925,0.10896685056689351,-0.736965594166206
0.0,0,0.30000000000001137,1,0,1,0,0,1,0,0,0,0,0,0,1,0,0.0,0.0,0.0,0.0,0.0,0.0,0.0,0.0,1.0,0.0,0.0,0.0,0,0,0,0,0,0,1,0,0,0,0,0,0,0,0,0,0,-0.38926174496644295,0.34519770555280366,-0.9838897145774169,0.0,1.036708103961386,1.3263342348286624,0.0
-0.7241379310344828,0,0.10000000000002274,1,0,0,1,0,1,0,0,0,0,0,0,1,0,0.0,0.0,0.0,0.0,0.0,0.0,1.0,0.0,0.0,0.0,0.0,0.0,0,0,0,0,0,1,0,0,0,1,1,0,0,0,0,0,0,-0.2885906040268456,-0.18760666099100212,-0.8792714562108573,-1.1274121468458216,-0.03656705672767457,-0.157719918514846,0.26303440583379395
0.41379310344827586,1,0.10000000000002274,1,0,1,0,0,1,0,0,0,0,0,0,1,0,0.0,0.0,0.0,0.0,0.0,0.0,1.0,0.0,0.0,0.0,0.0,0.0,1,0,0,0,0,1,0,0,0,1,0,0,0,0,0,0,0,-0.28187919463087246,1.4392273547110095,-0.3098799723285842,0.3736703603919092,-0.1565449347162588,-0.1933425405422934,0.0
-0.034482758620689655,0,0.30000000000001137,0,0,0,0,1,1,0,0,0,0,0,0,1,0,1.0,0.0,0.0,0.0,0.0,0.0,0.0,0.0,0.0,0.0,0.0,0.0,0,0,0,1,0,1,0,0,0,0,0,0,0,0,0,0,0,-0.44295302013422816,-0.10420304273130929,-1.4070699871624215,-2.039507733308835,-0.17839578835790348,-0.1933425405422934,-0.32192809488736235
1.1379310344827587,1,1.0,1,0,0,0,1,0,0,0,1,0,0,0,0,1,1.0,0.0,0.0,0.0,0.0,0.0,0.0,0.0,0.0,0.0,0.0,0.0,1,1,1,0,0,1,0,0,0,0,0,0,0,0,0,0,0,0.832214765100671,0.8671949135463093,0.23795922103136713,-0.10466081047388179,-0.4843305931653706,-0.46159098629542233,0.26303440583379395
0.27586206896551724,1,0.4000000000000057,1,0,0,1,0,1,0,0,0,0,0,0,1,0,0.0,0.0,0.0,0.0,0.0,0.0,0.0,0.0,0.0,0.0,0.0,1.0,0,0,0,1,0,0,0,1,0,0,0,0,0,0,0,0,1,-0.16778523489932887,1.2269225021925816,-0.16526039401723586,0.285888863509545,0.11800444438775436,-0.05962431082057667,0.26303440583379395
0.4482758620689655,1,0.0,1,0,1,0,0,1,0,0,0,0,0,0,1,0,0.0,0.0,0.0,0.0,0.0,1.0,0.0,0.0,0.0,0.0,0.0,0.0,1,0,0,0,0,0,0,0,0,0,0,1,0,0,0,0,0,0.832214765100671,1.6557442794256731,0.552599424280004,0.9855710999281423,1.1601326019669986,1.3263342348286624,-0.32192809488736235
0.0,1,0.9000000000000057,1,0,0,1,0,1,0,0,0,0,0,0,1,0,0.0,0.0,0.0,0.0,0.0,0.0,0.0,0.0,0.0,1.0,0.0,0.0,0,0,0,0,1,0,0,0,0,1,0,0,0,0,0,0,0,-0.30201342281879195,-0.3352076020944373,-0.8169732903463093,0.3736703603919092,0.25257683397388525,0.44222257845083546,0.0
1.0,0,0.20000000000001705,1,0,0,1,0,1,0,0,0,0,0,0,1,0,0.0,0.0,0.0,0.0,0.0,0.0,0.0,0.0,0.0,0.0,0.0,1.0,0,0,0,1,0,0,0,0,0,0,1,0,0,0,0,0,0,0.7651006711409396,0.3813114632538188,1.1476369135837057,1.249099671807958,-0.2481240298807802,-0.1933425405422934,-0.736965594166206
0.20689655172413793,1,0.5,1,0,0,1,0,0,0,0,1,0,0,0,0,1,0.0,0.0,0.0,0.0,0.0,0.0,0.0,0.0,0.0,1.0,0.0,0.0,0,1,1,0,0,1,0,0,0,0,0,0,0,0,0,0,0,0.832214765100671,-0.022533308762611868,0.9064875210745492,0.6967790260802048,-0.018100638189351426,-0.12368293201134385,0.0
-0.6896551724137931,0,1.0,1,0,0,1,0,1,0,0,0,0,0,0,1,0,0.0,0.0,0.0,0.0,0.0,0.0,0.0,0.0,0.0,1.0,0.0,0.0,0,0,0,0,1,0,0,0,0,0,0,0,1,0,0,0,0,-0.18791946308724833,-1.0382518779606682,-0.16927271336898617,0.5402881638044359,-0.3836980347548376,-0.46159098629542233,0.0
1.7241379310344827,0,0.9000000000000057,0,0,0,0,1,0,1,0,0,1,0,0,0,0,0.0,0.0,0.0,0.0,0.0,0.0,0.0,0.0,0.0,1.0,0.0,0.0,0,0,0,1,0,0,0,0,0,0,1,0,0,0,1,0,0,1.0805369127516775,0.3635151922447657,0.3966247485794644,-0.5973579848037531,0.518825557324337,0.20748041370096285,1.0000000000000007
-0.3793103448275862,0,0.5,1,1,0,0,0,1,0,0,0,0,0,0,1,0,0.0,1.0,0.0,0.0,0.0,0.0,0.0,0.0,0.0,0.0,0.0,0.0,1,0,0,1,0,0,0,0,0,0,0,0,0,0,0,1,0,1.0805369127516775,1.2893219021102538,0.4536404058592768,0.09954602329692071,0.7827096609981056,0.9375507803116744,-0.32192809488736235
0.2413793103448276,0,1.0,1,0,0,1,0,1,0,0,0,0,0,0,1,0,0.0,0.0,0.0,0.0,0.0,0.0,0.0,0.0,0.0,1.0,0.0,0.0,0,0,0,0,0,0,1,0,0,1,0,1,0,0,0,0,0,-0.03355704697986583,0.5352085855442678,0.18572269467740773,0.9160197607056829,0.0,-0.1933425405422934,0.4854268271702419
-0.4482758620689655,0,0.6000000000000227,0,0,0,0,1,0,1,0,0,1,0,0,0,0,0.0,0.0,0.0,0.0,0.0,0.0,0.0,0.0,0.0,0.0,0.0,1.0,0,0,0,0,0,0,1,0,0,0,0,0,0,0,1,0,0,-0.3221476510067114,0.13666423271004022,-0.9838897145774169,-1.3945587590305173,-0.44845423396059875,-0.46159098629542233,-0.736965594166206
0.4827586206896552,1,0.30000000000001137,0,0,0,0,1,0,0,0,1,0,0,0,0,1,0.0,0.0,0.0,0.0,0.0,1.0,0.0,0.0,0.0,0.0,0.0,0.0,0,0,0,0,0,1,0,0,0,0,0,1,0,0,0,0,0,-0.14093959731543623,-0.4956980367032495,-0.5205210631096469,-0.2153165603828081,-0.2481240298807802,-0.2703937395026851,0.4854268271702419
-0.13793103448275862,0,0.4000000000000057,1,1,0,0,0,1,0,0,0,0,0,0,1,0,0.0,1.0,0.0,0.0,0.0,0.0,0.0,0.0,0.0,0.0,0.0,0.0,1,0,1,0,0,1,1,0,0,0,0,0,0,0,0,1,0,0.832214765100671,1.218504959138725,0.7088313757626012,0.0,0.22402635017168981,0.0560003770413949,0.4854268271702419
-0.5517241379310345,0,0.20000000000001705,1,0,1,0,0,1,0,0,0,0,0,0,1,0,0.0,0.0,0.0,0.0,0.0,0.0,0.0,1.0,0.0,0.0,0.0,0.0,0,1,0,0,0,1,0,0,0,0,0,1,0,0,0,0,0,1.0805369127516775,0.855985462156393,0.41036214990012815,-0.2153165603828081,0.802086590059068,1.0215354196458677,0.0
0.3103448275862069,0,0.30000000000001137,1,0,0,1,0,1,0,0,0,0,0,0,1,0,0.0,0.0,1.0,0.0,0.0,0.0,0.0,0.0,0.0,0.0,0.0,0.0,0,0,0,1,0,0,0,0,0,1,0,0,0,0,0,0,0,-0.046979865771812096,0.1258570772083238,-0.2226691171061315,1.311745441909603,0.7827096609981056,1.1794650380972311,-0.736965594166206
-0.20689655172413793,1,0.9000000000000057,1,0,1,0,0,1,0,0,0,0,0,0,1,0,0.0,0.0,0.0,0.0,0.0,0.0,1.0,0.0,0.0,0.0,0.0,0.0,0,0,0,0,1,0,0,0,0,1,1,0,0,0,0,0,0,-0.05369127516778523,0.23127110595816858,-0.09513530558237804,0.6967790260802048,-0.5233438140443791,-0.4071075610119756,-1.3219280948873624
-0.5517241379310345,0,0.20000000000001705,1,0,0,1,0,1,0,0,0,0,0,0,1,0,0.0,0.0,0.0,0.0,0.0,0.0,0.0,1.0,0.0,0.0,0.0,0.0,0,0,0,0,0,1,0,0,0,1,0,0,0,0,0,0,0,-0.13422818791946312,0.16729276681295668,0.048653748101440956,0.6967790260802048,0.30770696263625097,0.2760665882784065,0.6780719051126377
0.13793103448275862,0,0.10000000000002274,1,0,1,0,0,1,0,0,0,0,0,0,1,0,0.0,0.0,0.0,0.0,0.0,0.0,0.0,0.0,0.0,0.0,0.0,1.0,1,0,0,0,0,1,0,0,0,0,0,1,0,0,0,0,0,-0.2751677852348994,1.4758133652917966,-0.3098799723285842,0.3736703603919092,-0.27300404985656557,-0.23079549314771128,0.0
0.7931034482758621,0,0.20000000000001705,1,0,1,0,0,1,0,0,0,0,0,0,1,0,0.0,0.0,0.0,0.0,0.0,0.0,0.0,0.0,1.0,0.0,0.0,0.0,0,0,0,1,0,0,0,1,0,0,0,0,0,0,0,0,0,0.7651006711409396,0.534040225873857,0.15417912209369128,0.5402881638044359,-0.09440525778300253,-0.09103698790077436,-0.32192809488736235
0.034482758620689655,0,0.8000000000000114,1,0,1,0,0,1,0,0,0,0,0,0,0,1,0.0,0.0,0.0,1.0,0.0,0.0,0.0,0.0,0.0,0.0,0.0,0.0,0,1,0,0,0,1,0,0,0,0,0,1,0,0,0,0,0,-0.04026845637583896,0.6980327509436276,-0.14539017884647368,0.09954602329692071,-0.2241178154456085,-0.12368293201134385,-0.736965594166206
-0.5862068965517241,0,0.30000000000001137,1,0,0,1,0,1,0,0,0,0,0,0,1,0,0.0,0.0,0.0,0.0,0.0,1.0,0.0,0.0,0.0,0.0,0.0,0.0,0,0,0,1,0,0,0,1,0,1,0,0,0,0,0,0,1,1.0805369127516775,-0.06636911701631507,1.2413308708933382,0.3736703603919092,-0.35403388971568844,-0.31255449400748914,0.26303440583379395
-0.3448275862068966,0,0.10000000000002274,1,0,1,0,0,1,0,0,0,0,0,0,1,0,0.0,1.0,0.0,0.0,0.0,0.0,0.0,0.0,0.0,0.0,0.0,0.0,1,0,0,0,0,1,1,0,0,0,0,0,0,0,0,0,0,0.832214765100671,0.7381215269252778,0.04180324544858579,0.0,0.5416760920058674,0.8495918482279355,-0.32192809488736235
0.27586206896551724,1,0.9000000000000057,1,0,0,1,0,1,0,0,0,0,0,0,1,0,0.0,0.0,0.0,0.0,0.0,0.0,0.0,1.0,0.0,0.0,0.0,0.0,0,0,0,0,1,0,0,0,0,0,0,1,0,0,0,0,0,-0.3221476510067114,0.8867249388874389,-0.745439513902728,0.45836890322464535,0.802086590059068,0.9375507803116744,0.0
0.10344827586206896,0,0.700000000000017,1,0,0,1,0,1,0,0,0,0,0,0,1,0,0.0,0.0,0.0,1.0,0.0,0.0,0.0,0.0,0.0,0.0,0.0,0.0,0,0,0,0,0,1,0,0,0,1,1,0,0,0,0,0,0,-0.03355704697986583,0.27263255623221005,-0.38013702469758254,-0.7496097847521995,0.3604878618749464,0.23079549314771114,0.26303440583379395
0.9655172413793104,1,0.30000000000001137,0,0,0,0,1,0,0,0,1,0,0,0,0,1,0.0,0.0,0.0,0.0,0.0,0.0,0.0,0.0,0.0,0.0,0.0,1.0,0,0,0,1,0,1,0,1,0,0,0,0,0,0,0,0,1,-0.2348993288590604,-0.3354591941025287,-0.745439513902728,-0.5973579848037531,-0.2988608636367374,-0.2703937395026851,0.0
-0.034482758620689655,0,0.9000000000000057,1,0,0,1,0,1,0,0,0,0,0,0,1,0,0.0,0.0,0.0,0.0,0.0,0.0,0.0,0.0,0.0,1.0,0.0,0.0,0,0,0,1,0,0,1,0,0,0,0,0,0,0,0,0,0,-0.05369127516778523,-0.6203585143497922,-0.6474381501629705,-0.45971183619556405,-0.2988608636367374,-0.5234324523010943,0.26303440583379395
-0.7931034482758621,0,0.6000000000000227,1,1,0,0,0,1,0,0,0,0,0,0,1,0,0.0,0.0,0.0,0.0,1.0,0.0,0.0,0.0,0.0,0.0,0.0,0.0,1,0,1,0,0,0,0,0,1,0,0,0,0,0,0,1,0,-0.13422818791946312,0.31920572676241493,-0.3849925268983476,-0.33313313904221287,0.9763803098986314,1.3263342348286624,-0.736965594166206
0.06896551724137931,1,0.20000000000001705,1,0,0,1,0,1,0,0,0,0,1,0,0,0,0.0,0.0,0.0,0.0,0.0,1.0,0.0,0.0,0.0,0.0,0.0,0.0,0,0,0,0,0,1,0,0,0,0,1,0,0,0,0,0,0,-0.2885906040268456,0.46105341726672905,-0.2963617210088248,0.45836890322464535,-0.11459349848569159,-0.12368293201134385,-0.32192809488736235
0.41379310344827586,1,0.9000000000000057,0,0,0,0,1,0,0,1,0,0,0,1,0,0,0.0,0.0,0.0,0.0,0.0,1.0,0.0,0.0,0.0,0.0,0.0,0.0,0,0,0,0,1,0,1,0,0,0,0,0,0,0,0,0,0,-0.2885906040268456,-0.7489259662660692,-0.7160194957989827,-0.9224233415693557,-0.4843305931653706,-0.3578507794449409,-1.3219280948873624
-0.6206896551724138,0,0.700000000000017,1,0,0,1,0,1,0,0,0,0,0,0,1,0,0.0,0.0,0.0,0.0,0.0,0.0,0.0,1.0,0.0,0.0,0.0,0.0,1,0,0,1,1,1,0,0,0,1,0,0,0,0,0,0,0,-0.44295302013422816,0.3845603662019611,-1.4070699871624215,-1.3945587590305173,1.0196618763312426,1.3263342348286624,0.0
0.5517241379310345,1,0.700000000000017,1,0,0,1,0,1,0,0,0,0,0,0,1,0,0.0,0.0,0.0,0.0,0.0,0.0,0.0,1.0,0.0,0.0,0.0,0.0,0,0,0,0,0,1,1,0,0,1,0,0,0,0,0,0,0,1.0805369127516775,1.0312337423607973,0.6756572952705556,0.8447917637013288,0.6615079760474513,1.0215354196458677,-0.736965594166206
-0.41379310344827586,1,0.20000000000001705,1,1,0,0,0,1,0,0,0,0,0,0,1,0,0.0,0.0,0.0,0.0,0.0,0.0,0.0,0.0,0.0,1.0,0.0,0.0,1,1,1,0,0,0,0,0,0,0,0,0,0,0,0,1,0,-0.0738255033557047,-0.4497374331358734,-0.20598659311440579,-0.33313313904221287,0.7631112597443181,1.1794650380972311,0.0
-0.9310344827586207,1,1.0,1,0,0,1,0,1,0,0,0,0,0,0,1,0,1.0,0.0,0.0,0.0,0.0,0.0,0.0,0.0,0.0,0.0,0.0,0.0,0,0,0,1,1,0,0,0,0,1,0,0,0,0,0,0,0,-0.05369127516778523,-0.9366684401612265,0.6946780305424278,1.311745441909603,-0.6735777313074641,-0.5967878560467649,-0.736965594166206
-0.8275862068965517,0,0.4000000000000057,1,1,0,0,0,1,0,0,0,0,0,0,1,0,0.0,0.0,0.0,0.0,1.0,0.0,0.0,0.0,0.0,0.0,0.0,0.0,0,0,1,0,0,0,1,0,0,0,0,0,0,1,0,1,0,-0.12751677852348994,0.6199041584355774,-0.6344520498757813,-0.7496097847521995,0.08568594826730772,0.23079549314771114,0.0
-0.3448275862068966,1,0.4000000000000057,1,0,0,0,1,1,0,0,0,0,1,0,0,0,0.0,0.0,0.0,0.0,1.0,0.0,0.0,0.0,0.0,0.0,0.0,0.0,0,0,0,1,0,0,1,0,0,0,0,0,0,1,0,0,0,-0.0738255033557047,-1.705652965622868,-0.4660818145966645,-0.7496097847521995,-0.9320941296030667,-0.9231819725908447,-1.3219280948873624
-0.20689655172413793,0,0.700000000000017,1,1,0,0,0,1,0,0,0,0,0,0,1,0,0.0,0.0,0.0,0.0,0.0,1.0,0.0,0.0,0.0,0.0,0.0,0.0,1,0,1,0,0,0,0,0,0,0,0,1,0,0,0,1,0,0.48993288590604017,1.7291341924558257,0.7484279010564783,0.285888863509545,-0.3836980347548376,-0.23079549314771128,-1.3219280948873624
0.41379310344827586,1,0.10000000000002274,1,0,1,0,0,1,0,0,0,0,0,0,1,0,0.0,0.0,0.0,0.0,1.0,0.0,0.0,0.0,0.0,0.0,0.0,0.0,1,1,0,0,0,1,0,0,0,0,0,0,0,0,0,0,0,-0.22818791946308725,1.705193642911892,-0.3753043722993551,0.6196850107744367,0.03518566168186925,0.10896685056689351,-0.32192809488736235
0.3793103448275862,1,0.700000000000017,1,1,0,0,0,0,0,0,1,0,0,0,0,1,0.0,0.0,0.0,0.0,0.0,0.0,0.0,0.0,0.0,0.0,1.0,0.0,1,1,1,1,0,0,0,0,0,0,0,0,0,0,0,0,0,-0.13422818791946312,-0.18015368116961708,-0.17329808101708005,0.6967790260802048,0.01775576934642723,-0.12368293201134385,0.8479969065549505
1.5862068965517242,1,0.8000000000000114,1,0,1,0,0,1,0,0,0,0,0,0,1,0,0.0,0.0,0.0,0.0,0.0,0.0,0.0,0.0,0.0,0.0,1.0,0.0,0,0,0,0,0,1,0,0,0,0,0,1,0,0,0,0,0,1.0805369127516775,1.0829171270718088,1.025961023138489,0.9160197607056829,0.9231100375085017,1.1794650380972311,0.0
0.10344827586206896,0,1.0,1,0,0,1,0,0,0,0,1,0,0,0,0,1,0.0,0.0,0.0,0.0,0.0,1.0,0.0,0.0,0.0,0.0,0.0,0.0,0,0,0,1,0,0,0,0,0,1,0,0,0,0,0,0,0,-0.24832214765100669,-0.4987228945460212,-0.6280401728202402,-0.33313313904221287,-0.2241178154456085,-0.2703937395026851,0.4854268271702419
1.2758620689655173,1,0.700000000000017,0,0,0,0,1,0,0,0,1,0,0,1,0,0,0.0,0.0,0.0,0.0,0.0,0.0,0.0,1.0,0.0,0.0,0.0,0.0,0,0,0,1,0,1,1,0,0,0,0,0,0,0,0,0,0,-0.44295302013422816,-0.8443315618908074,-1.4070699871624215,-2.039507733308835,-0.9320941296030667,-0.9231819725908447,-0.736965594166206
-1.0344827586206897,1,0.8000000000000114,1,0,0,0,1,0,0,0,1,0,0,0,0,1,0.0,0.0,0.0,0.0,0.0,0.0,0.0,0.0,1.0,0.0,0.0,0.0,0,0,0,1,0,0,1,0,0,0,0,0,0,0,1,0,0,-0.18791946308724833,-1.0076971993582071,-0.4451684124800391,0.3736703603919092,-0.5233438140443791,-0.5234324523010943,-0.32192809488736235
-0.10344827586206896,1,0.6000000000000227,1,0,1,0,0,1,0,0,0,0,0,0,1,0,0.0,0.0,0.0,0.0,0.0,0.0,1.0,0.0,0.0,0.0,0.0,0.0,0,0,0,0,1,0,0,0,0,1,0,0,1,0,0,0,0,0.34228187919463077,0.02588138400841265,0.6248809143198663,1.721158710337855,0.9851147923262015,1.3263342348286624,-0.32192809488736235
-0.5862068965517241,0,0.5,1,0,1,0,0,1,0,0,0,0,0,0,1,0,0.0,0.0,0.0,1.0,0.0,0.0,0.0,0.0,0.0,0.0,0.0,0.0,0,0,0,0,1,0,0,0,0,0,0,1,0,0,0,0,0,-0.026845637583892613,0.8979179047525556,0.1317139349118729,-0.10466081047388179,0.25257683397388525,0.0560003770413949,0.0
0.6551724137931034,1,0.4000000000000057,1,0,0,1,0,1,0,0,0,0,0,0,1,0,0.0,0.0,0.0,0.0,1.0,0.0,0.0,0.0,0.0,0.0,0.0,0.0,0,0,0,0,0,1,0,0,0,1,1,0,0,0,0,0,0,0.832214765100671,0.7612479236367772,0.4854497253115001,0.6967790260802048,0.905010051841306,1.1794650380972311,-0.32192809488736235
-0.7241379310344828,0,0.20000000000001705,0,0,0,0,1,0,0,0,1,0,0,0,0,1,1.0,0.0,0.0,0.0,0.0,0.0,0.0,0.0,0.0,0.0,0.0,0.0,0,0,0,1,0,0,0,0,0,1,1,0,1,0,0,0,0,-0.35570469798657717,-0.6114647887916422,-0.825464332980539,-0.5973579848037531,-0.6154774966199021,-0.5234324523010943,0.0
0.20689655172413793,1,0.10000000000002274,0,0,0,0,1,0,0,0,1,0,0,1,0,0,0.0,1.0,0.0,0.0,0.0,0.0,0.0,0.0,0.0,0.0,0.0,0.0,0,0,0,1,0,0,0,0,0,1,1,0,0,0,0,0,0,-0.3825503355704698,-1.3137905694211198,-1.0338600668262725,-0.5973579848037531,-0.9320941296030667,-0.9231819725908447,-1.3219280948873624
0.0,0,0.30000000000001137,1,0,1,0,0,1,0,0,0,0,0,0,1,0,0.0,0.0,1.0,0.0,0.0,0.0,0.0,0.0,0.0,0.0,0.0,0.0,1,1,0,0,0,1,0,0,0,0,0,1,0,0,0,0,0,0.832214765100671,1.6014873252883866,0.8121060841286252,2.4751350866393893,0.01775576934642723,0.10896685056689351,-0.736965594166206
-0.3103448275862069,0,0.4000000000000057,0,0,0,0,1,1,0,0,0,0,0,0,1,0,0.0,0.0,0.0,0.0,0.0,0.0,0.0,0.0,0.0,0.0,0.0,1.0,0,0,0,1,0,0,0,0,0,1,0,0,0,0,0,0,0,0.7651006711409396,-0.3434916879383308,0.39110040256962186,-0.2153165603828081,0.14935755368439613,0.2760665882784065,-0.32192809488736235
-0.2413793103448276,1,0.30000000000001137,1,0,1,0,0,1,0,0,0,1,0,0,0,0,1.0,0.0,0.0,0.0,0.0,0.0,0.0,0.0,0.0,0.0,0.0,0.0,0,0,0,0,0,1,0,0,0,1,0,0,1,0,0,0,0,-0.36912751677852346,0.366243344965992,-0.9722935874785497,-1.1274121468458216,0.17982694289849235,0.0560003770413949,0.0
0.7586206896551724,1,1.0,1,0,1,0,0,1,0,0,0,0,0,0,1,0,0.0,0.0,0.0,0.0,0.0,1.0,0.0,0.0,0.0,0.0,0.0,0.0,1,0,0,0,0,1,0,0,0,0,0,1,0,0,0,0,0,0.832214765100671,1.5402241942611292,0.29151843824139073,0.09954602329692071,0.993809661976111,1.3263342348286624,-0.736965594166206
-0.3793103448275862,0,0.30000000000001137,1,0,0,1,0,1,0,0,0,0,0,0,1,0,0.0,0.0,0.0,0.0,0.0,0.0,0.0,0.0,0.0,1.0,0.0,0.0,0,0,0,0,0,0,0,0,0,0,0,1,0,0,0,0,0,-0.05369127516778523,-0.6205700771675027,-0.3420896557325782,-0.2153165603828081,0.6081950804690022,0.46159098629542217,0.6780719051126377
-0.27586206896551724,0,1.0,1,0,0,1,0,1,0,0,0,0,0,0,1,0,1.0,0.0,0.0,0.0,0.0,0.0,0.0,0.0,0.0,0.0,0.0,0.0,0,0,0,0,1,0,0,0,0,1,0,0,0,0,0,0,0,-0.03355704697986583,0.11157133761439983,0.07238072703160994,0.6967790260802048,1.2385201468714548,1.3263342348286624,-0.32192809488736235
-0.7241379310344828,1,0.20000000000001705,1,0,0,1,0,1,0,0,0,0,0,0,1,0,0.0,0.0,0.0,0.0,0.0,0.0,0.0,0.0,1.0,0.0,0.0,0.0,0,0,0,1,1,0,0,0,0,1,1,0,0,0,0,0,0,-0.20805369127516776,-1.2260365439844136,-0.3801370246975824,0.19466105017012347,0.9499336581699314,1.1794650380972311,0.26303440583379395
-0.7241379310344828,1,0.30000000000001137,1,0,1,0,0,1,0,0,0,0,0,0,1,0,0.0,0.0,0.0,1.0,0.0,0.0,0.0,0.0,0.0,0.0,0.0,0.0,0,0,0,1,1,0,0,0,0,0,0,1,0,0,0,0,0,-0.28187919463087246,0.0361410505446454,0.038365818938879775,0.9160197607056829,0.57530255288726,0.8495918482279355,-0.32192809488736235
0.1724137931034483,0,0.30000000000001137,1,0,0,1,0,1,0,0,0,0,0,0,1,0,0.0,0.0,0.0,0.0,0.0,1.0,0.0,0.0,0.0,0.0,0.0,0.0,0,0,0,0,0,1,0,0,0,0,1,0,0,0,0,0,0,-0.20134228187919465,0.003596696603047288,0.22276933704286,0.7717596693105655,0.6926562399661669,1.0215354196458677,-0.32192809488736235
-0.2413793103448276,0,0.4000000000000057,1,0,0,1,0,1,0,0,0,0,0,0,1,0,0.0,0.0,0.0,0.0,1.0,0.0,0.0,0.0,0.0,0.0,0.0,0.0,0,0,0,0,1,0,1,0,0,0,0,0,0,0,0,0,0,-0.2550335570469799,-0.19565860874771165,-0.4928961153940978,-0.2153165603828081,0.5188255573243372,0.319689794753462,0.4854268271702419
0.10344827586206896,0,0.700000000000017,1,0,0,1,0,1,0,0,0,0,0,0,1,0,0.0,0.0,0.0,0.0,0.0,0.0,0.0,0.0,0.0,1.0,0.0,0.0,0,0,0,1,0,0,1,0,0,0,0,0,0,0,0,0,0,-0.0738255033557047,0.04127018094898012,-0.06885646494289648,0.3736703603919092,1.062004244893531,0.9375507803116744,0.0
-0.2413793103448276,0,0.9000000000000057,1,0,0,1,0,1,0,0,0,0,0,0,1,0,0.0,0.0,1.0,0.0,0.0,0.0,0.0,0.0,0.0,0.0,0.0,0.0,0,0,0,0,0,0,1,0,0,0,0,0,0,0,0,0,0,0.06711409395973149,-0.25162650263636877,0.4749063579690924,0.9855710999281423,0.22402635017168981,0.44222257845083546,-0.736965594166206
-0.13793103448275862,1,0.6000000000000227,1,0,0,1,0,1,0,0,0,0,0,0,1,0,1.0,0.0,0.0,0.0,0.0,0.0,0.0,0.0,0.0,0.0,0.0,0.0,0,0,0,1,0,0,0,0,0,0,0,0,0,0,0,0,0,1.0805369127516775,-0.5641732947624077,0.6588705034306636,0.6967790260802048,-0.6735777313074641,-0.5967878560467649,-0.32192809488736235
0.034482758620689655,0,0.0,1,0,0,1,0,1,0,0,0,0,0,0,0,1,0.0,0.0,0.0,0.0,0.0,0.0,1.0,0.0,0.0,0.0,0.0,0.0,0,0,0,1,0,0,0,0,0,1,0,0,1,0,0,0,0,0.2885906040268456,-0.2050811431117187,-0.2785892602690759,-0.2153165603828081,0.1493575536843959,-0.157719918514846,0.6780719051126377
-0.6896551724137931,0,0.700000000000017,1,0,0,1,0,0,0,0,1,0,0,0,0,1,0.0,0.0,0.0,0.0,0.0,0.0,0.0,0.0,1.0,0.0,0.0,0.0,0,0,0,0,0,1,0,0,0,1,0,0,0,0,0,0,1,-0.2348993288590604,-0.4837122869042653,-0.5093690659347363,0.3736703603919092,-0.20089933647209446,-0.12368293201134385,-0.32192809488736235
0.0,1,1.0,1,0,0,1,0,1,0,0,0,0,0,0,1,0,0.0,0.0,0.0,0.0,0.0,0.0,1.0,0.0,0.0,0.0,0.0,0.0,0,0,0,0,1,0,0,0,0,1,0,0,1,0,0,0,0,0.832214765100671,-0.06496171777753182,1.333637190884521,0.9855710999281423,1.4861053486092732,1.0215354196458677,0.26303440583379395
-0.13793103448275862,0,0.20000000000001705,1,0,0,1,0,1,0,0,0,0,1,0,0,0,0.0,0.0,0.0,0.0,0.0,0.0,0.0,0.0,0.0,1.0,0.0,0.0,0,0,0,1,0,0,1,1,0,0,0,0,0,0,0,0,0,0.7651006711409396,-0.09197760141728525,0.764522508780313,0.6967790260802048,0.26659709670845055,0.0,1.0000000000000007
0.7241379310344828,0,0.4000000000000057,1,0,1,0,0,1,0,0,0,0,0,0,1,0,0.0,0.0,0.0,0.0,1.0,0.0,0.0,0.0,0.0,0.0,0.0,0.0,0,0,0,0,0,1,0,0,0,0,0,1,0,0,0,0,0,0.395973154362416,1.7027670958628978,0.0,0.45836890322464535,0.13379628652394823,0.10896685056689351,-0.32192809488736235
0.41379310344827586,0,1.0,1,1,0,0,0,1,0,0,0,0,0,0,1,0,0.0,0.0,0.0,0.0,0.0,0.0,0.0,0.0,1.0,0.0,0.0,0.0,0,0,0,1,0,0,0,0,0,0,0,0,0,0,1,0,0,0.832214765100671,0.5352085855442678,0.8892219252441985,1.1852371380827535,0.01775576934642723,0.23079549314771114,-0.736965594166206
0.7586206896551724,0,0.10000000000002274,1,0,1,0,0,1,0,0,0,0,0,0,1,0,0.0,0.0,0.0,0.0,0.0,0.0,0.0,0.0,1.0,0.0,0.0,0.0,0,0,0,1,0,0,0,0,0,0,0,0,0,0,1,0,0,1.0805369127516775,0.15145680102203068,0.24399604575224826,-0.10466081047388179,0.37334969101394155,0.0560003770413949,0.0
0.5172413793103449,1,0.10000000000002274,1,0,1,0,0,0,0,0,1,0,0,0,0,1,0.0,0.0,0.0,0.0,0.0,0.0,0.0,1.0,0.0,0.0,0.0,0.0,0,0,0,1,0,0,0,0,0,1,0,0,0,0,0,0,0,-0.16778523489932887,-1.0498172734971818,-0.590625684508701,-0.2153165603828081,-0.44845423396059875,-0.46159098629542233,-0.736965594166206
-0.20689655172413793,1,0.30000000000001137,1,1,0,0,0,1,0,0,0,0,0,0,1,0,0.0,0.0,0.0,0.0,0.0,0.0,0.0,0.0,1.0,0.0,0.0,0.0,0,1,0,0,1,0,1,0,0,0,0,0,1,0,0,1,0,1.0805369127516775,0.5850824498510017,0.4933188640870347,0.09954602329692071,0.1646980600933915,0.0,-0.32192809488736235
-0.7586206896551724,1,0.10000000000002274,1,0,0,1,0,1,0,0,0,0,0,0,1,0,0.0,0.0,0.0,0.0,0.0,0.0,0.0,0.0,1.0,0.0,0.0,0.0,0,0,0,0,1,0,0,0,0,1,0,0,0,0,0,0,0,-0.14093959731543623,-0.5160171946658885,-0.2698071766372397,0.6196850107744367,0.9410351317817048,1.1794650380972311,0.0
-0.13793103448275862,0,0.0,1,0,1,0,0,1,0,0,0,0,0,0,1,0,0.0,0.0,0.0,0.0,0.0,0.0,0.0,0.0,0.0,0.0,1.0,0.0,0,0,0,1,0,0,1,0,0,0,0,0,0,0,0,1,0,0.2885906040268456,0.06762178277823047,0.25001087817834017,0.8447917637013288,-0.1565449347162588,-0.2703937395026851,0.0
0.896551724137931,1,0.4000000000000057,1,0,1,0,0,1,0,0,0,0,0,0,1,0,0.0,0.0,0.0,0.0,0.0,0.0,1.0,0.0,0.0,0.0,0.0,0.0,1,0,0,0,0,1,1,0,0,0,0,0,0,0,0,0,0,0.48993288590604017,1.8615921261872124,0.7345362554541874,0.285888863509545,0.9676056682959212,1.3263342348286624,-0.32192809488736235
0.6551724137931034,1,0.700000000000017,1,0,1,0,0,1,0,0,0,0,0,0,1,0,0.0,0.0,0.0,0.0,1.0,0.0,0.0,0.0,0.0,0.0,0.0,0.0,0,0,0,1,0,1,0,0,0,0,0,0,0,0,0,0,0,0.832214765100671,1.5755830291496986,0.35759118572762544,0.19466105017012347,0.6403997314170756,0.8495918482279355,-0.32192809488736235
0.1724137931034483,1,1.0,1,0,0,1,0,1,0,0,0,0,0,0,1,0,0.0,0.0,0.0,0.0,0.0,1.0,0.0,0.0,0.0,0.0,0.0,0.0,0,0,0,1,0,0,0,0,0,0,0,0,0,0,1,0,0,0.2885906040268456,-0.009913921746310927,0.17632560569227065,0.0,0.48385849871184977,0.44222257845083546,0.26303440583379395
-0.5862068965517241,1,0.9000000000000057,1,1,0,0,0,1,0,0,0,0,0,0,1,0,0.0,0.0,0.0,0.0,0.0,1.0,0.0,0.0,0.0,0.0,0.0,0.0,0,0,1,0,0,1,1,0,0,0,0,1,0,0,0,1,0,0.832214765100671,1.0596515025326156,0.9950968009336099,-0.2153165603828081,0.9140822264296563,1.3263342348286624,-0.736965594166206
-0.10344827586206896,1,1.0,1,0,0,1,0,1,0,0,0,0,0,0,1,0,0.0,0.0,0.0,0.0,0.0,0.0,0.0,0.0,1.0,0.0,0.0,0.0,0,0,0,0,1,0,0,0,0,1,0,1,0,0,0,0,0,1.0805369127516775,-0.009913921746310927,0.7690991049967091,0.9160197607056829,1.0282035189173087,1.1794650380972311,0.0
2.206896551724138,1,0.700000000000017,1,0,1,0,0,0,0,0,1,0,0,1,0,0,0.0,0.0,0.0,0.0,0.0,1.0,0.0,0.0,0.0,0.0,0.0,0.0,0,0,0,0,0,1,0,0,0,1,1,0,0,0,0,0,0,-0.2953020134228188,-0.09740297625310693,-0.800347595267093,-0.33313313904221287,-0.6735777313074641,-0.5967878560467649,-1.3219280948873624
0.27586206896551724,0,0.0,0,0,0,0,1,1,0,0,0,0,0,0,0,1,0.0,0.0,0.0,0.0,0.0,0.0,0.0,0.0,0.0,1.0,0.0,0.0,0,0,0,1,0,0,1,0,0,0,0,0,0,0,0,0,0,1.0805369127516775,-0.11837220036990032,0.9278899889590475,1.3732414552244092,1.1681030183785754,1.3263342348286624,0.4854268271702419
1.206896551724138,0,0.8000000000000114,0,0,0,0,1,0,0,0,1,0,0,1,0,0,1.0,0.0,0.0,0.0,0.0,0.0,0.0,0.0,0.0,0.0,0.0,0.0,0,0,0,0,0,1,1,0,0,1,1,0,0,0,0,0,0,-0.44295302013422816,-0.23400890792627924,-1.4070699871624215,-2.039507733308835,-0.6735777313074641,-0.5967878560467649,-1.3219280948873624
0.20689655172413793,0,0.10000000000002274,1,0,0,1,0,1,0,0,0,0,0,0,1,0,0.0,0.0,0.0,0.0,0.0,1.0,0.0,0.0,0.0,0.0,0.0,0.0,0,0,0,0,1,0,0,0,0,0,0,0,0,0,0,0,0,0.34228187919463077,-0.37460289787374096,0.39110040256962186,1.249099671807958,0.06913557571732576,-0.157719918514846,0.26303440583379395
0.2413793103448276,1,0.4000000000000057,1,1,0,0,0,1,0,0,0,0,0,0,1,0,0.0,0.0,0.0,0.0,0.0,0.0,1.0,0.0,0.0,0.0,0.0,0.0,1,0,1,1,0,0,0,0,0,0,0,0,0,0,0,1,0,-0.03355704697986583,2.132008637196893,0.3491139813485152,0.3736703603919092,-0.05542236995815684,0.1344558448132036,-0.736965594166206
-1.0689655172413792,0,1.0,1,0,0,0,1,1,0,0,0,0,1,0,0,0,0.0,0.0,0.0,0.0,0.0,0.0,1.0,0.0,0.0,0.0,0.0,0.0,0,0,0,0,1,0,0,0,0,1,0,0,0,0,0,0,0,-0.38926174496644295,-1.3714059036396042,-1.0338600668262725,-0.5973579848037531,-0.6154774966199021,-0.5234324523010943,-1.3219280948873624
0.27586206896551724,0,0.4000000000000057,1,0,0,1,0,1,0,0,0,0,0,0,1,0,0.0,1.0,0.0,0.0,0.0,0.0,0.0,0.0,0.0,0.0,0.0,0.0,0,0,0,1,0,1,0,0,0,0,1,0,0,0,0,0,0,-0.03355704697986583,0.8247735717487548,0.04523253600333439,-0.2153165603828081,0.3211106072263432,0.2760665882784065,0.0
1.4137931034482758,1,0.20000000000001705,1,0,1,0,0,1,0,0,0,0,0,0,1,0,0.0,0.0,0.0,0.0,0.0,0.0,0.0,0.0,0.0,0.0,0.0,1.0,1,0,0,0,0,1,0,0,0,0,0,1,0,0,0,0,0,0.832214765100671,2.3338226033417526,0.02105458600161584,-0.2153165603828081,-0.44845423396059875,-0.31255449400748914,-1.3219280948873624
-0.06896551724137931,1,0.4000000000000057,1,1,0,0,0,1,0,0,0,0,0,0,1,0,0.0,0.0,0.0,0.0,1.0,0.0,0.0,0.0,0.0,0.0,0.0,0.0,1,0,0,1,0,0,0,0,0,0,0,0,0,0,0,1,0,0.832214765100671,-0.005955602217704413,0.11219368683648043,-0.45971183619556405,0.25257683397388525,0.0,0.26303440583379395
-0.7931034482758621,0,0.4000000000000057,1,0,0,1,0,1,0,0,0,0,0,0,1,0,0.0,0.0,0.0,0.0,0.0,0.0,0.0,1.0,0.0,0.0,0.0,0.0,0,0,0,0,0,0,0,0,0,1,1,0,0,0,0,0,0,0.34228187919463077,0.05744198823030382,-0.11808637166111347,0.45836890322464535,-0.3836980347548376,-0.4071075610119756,0.8479969065549505
-0.27586206896551724,1,0.20000000000001705,1,1,0,0,0,1,0,0,0,0,1,0,0,0,0.0,0.0,0.0,0.0,0.0,0.0,0.0,0.0,0.0,0.0,1.0,0.0,1,0,0,0,0,0,1,0,0,0,0,0,0,0,0,1,0,1.0805369127516775,0.5683890355536972,1.0584570337718628,0.45836890322464535,0.13379628652394823,0.0560003770413949,-0.32192809488736235
-0.13793103448275862,1,0.30000000000001137,1,0,1,0,0,1,0,0,0,0,0,0,1,0,0.0,0.0,0.0,1.0,0.0,0.0,0.0,0.0,0.0,0.0,0.0,0.0,1,0,0,0,0,1,0,0,0,0,0,1,0,0,0,0,0,-0.261744966442953,1.3991616217160414,-0.3053554582267142,0.7717596693105655,0.6403997314170756,0.5902452854112349,0.6780719051126377
1.3448275862068966,0,0.9000000000000057,0,0,0,0,1,0,0,1,0,0,0,1,0,0,0.0,0.0,0.0,0.0,0.0,0.0,0.0,1.0,0.0,0.0,0.0,0.0,0,0,0,1,0,0,0,0,0,1,0,0,0,0,0,0,0,-0.4026845637583893,-0.6761261973149477,-1.1627467428697298,-1.3945587590305173,-0.5664967330375806,-0.46159098629542233,-0.736965594166206
0.034482758620689655,1,0.20000000000001705,1,1,0,0,0,1,0,0,0,0,0,0,1,0,0.0,0.0,0.0,1.0,0.0,0.0,0.0,0.0,0.0,0.0,0.0,0.0,0,0,0,1,0,0,0,0,0,0,0,0,0,0,0,0,0,1.0805369127516775,-0.7166662387121493,1.0280047286733827,0.09954602329692071,-0.5233438140443791,-0.5234324523010943,-0.32192809488736235
0.8275862068965517,0,0.8000000000000114,1,1,0,0,0,1,0,0,0,0,0,0,1,0,0.0,0.0,0.0,0.0,1.0,0.0,0.0,0.0,0.0,0.0,0.0,0.0,1,1,0,0,0,0,0,0,0,0,0,0,0,0,1,1,0,-0.12751677852348994,2.0870256910053726,-0.4196493511307441,-0.5973579848037531,0.1646980600933915,0.1344558448132036,-0.32192809488736235
-0.1724137931034483,1,0.10000000000002274,1,0,1,0,0,1,0,0,0,0,0,0,1,0,0.0,0.0,0.0,0.0,0.0,0.0,1.0,0.0,0.0,0.0,0.0,0.0,0,0,0,0,0,0,0,0,0,0,0,0,0,0,0,0,0,1.0805369127516775,-0.5160171946658885,0.841057924103112,0.8447917637013288,-0.6154774966199021,-0.5234324523010943,-1.3219280948873624
-0.6896551724137931,1,0.30000000000001137,1,0,1,0,0,1,0,0,0,0,0,0,1,0,0.0,0.0,1.0,0.0,0.0,0.0,0.0,0.0,0.0,0.0,0.0,0.0,0,0,0,1,0,0,0,0,0,0,0,0,0,0,1,0,0,-0.33557046979865773,-0.749119480917744,-0.6029037418487937,0.6196850107744367,0.9050100518413058,1.3263342348286624,-0.32192809488736235
-0.10344827586206896,0,0.0,0,0,0,0,1,0,0,0,1,0,0,0,0,1,0.0,0.0,1.0,0.0,0.0,0.0,0.0,0.0,0.0,0.0,0.0,0.0,0,0,0,1,0,0,0,1,0,0,0,0,0,0,0,0,0,-0.19463087248322147,-0.9559063545241887,-0.7379632260526588,-0.7496097847521995,-0.9320941296030667,-0.9231819725908447,-0.32192809488736235
-0.7931034482758621,0,0.6000000000000227,1,0,0,1,0,1,0,0,0,0,0,0,1,0,0.0,0.0,1.0,0.0,0.0,0.0,0.0,0.0,0.0,0.0,0.0,0.0,1,0,0,0,0,1,0,0,0,0,0,1,0,0,0,0,0,-0.4161073825503355,0.08335379115453657,-1.0338600668262725,-0.10466081047388179,-0.5233438140443791,-0.4071075610119756,0.0
0.6896551724137931,0,0.9000000000000057,1,0,0,1,0,1,0,0,0,0,0,0,1,0,0.0,0.0,0.0,1.0,0.0,0.0,0.0,0.0,0.0,0.0,0.0,0.0,0,0,0,1,0,0,0,0,0,0,0,0,0,0,1,0,0,-0.13422818791946312,0.6171985663991033,0.17946415305915417,1.3732414552244092,-0.11459349848569159,-0.1933425405422934,0.0
-0.8275862068965517,0,0.30000000000001137,0,0,0,0,1,0,1,0,0,1,0,0,0,0,0.0,0.0,0.0,0.0,1.0,0.0,0.0,0.0,0.0,0.0,0.0,0.0,1,0,1,0,0,0,1,0,0,0,0,0,0,0,0,1,0,-0.026845637583892613,0.48253670711694846,-0.6216806402452604,-1.1274121468458216,-0.3836980347548376,-0.23079549314771128,-0.736965594166206
-0.6206896551724138,0,1.0,1,0,1,0,0,1,0,0,0,0,0,0,1,0,0.0,1.0,0.0,0.0,0.0,0.0,0.0,0.0,0.0,0.0,0.0,0.0,0,0,0,1,0,0,0,0,0,1,0,0,0,0,0,0,0,0.7651006711409396,0.08420554593055204,0.05886947859372801,-0.5973579848037531,0.06913557571732576,0.29807298457586645,0.6780719051126377
-0.27586206896551724,1,0.0,1,0,0,1,0,1,0,0,0,0,0,0,1,0,0.0,0.0,0.0,0.0,0.0,0.0,0.0,1.0,0.0,0.0,0.0,0.0,0,0,0,0,0,1,0,0,0,1,0,0,0,0,0,0,0,-0.08053691275167789,-0.5109356414615643,-0.2481430812324612,0.19466105017012347,-0.4843305931653706,-0.46159098629542233,-0.32192809488736235
1.0,0,0.30000000000001137,1,0,0,1,0,1,0,0,0,0,0,0,1,0,0.0,1.0,0.0,0.0,0.0,0.0,0.0,0.0,0.0,0.0,0.0,0.0,0,0,0,0,0,0,0,0,0,1,0,0,1,0,0,0,0,1.0805369127516775,0.9435141197803026,0.9278899889590475,1.9881973201283594,0.9587903084426829,0.9375507803116744,-0.32192809488736235
0.41379310344827586,0,0.4000000000000057,0,0,0,0,1,0,0,0,1,0,0,0,0,1,0.0,0.0,1.0,0.0,0.0,0.0,0.0,0.0,0.0,0.0,0.0,0.0,0,0,0,1,0,0,0,1,0,0,0,0,0,0,0,0,1,-0.3825503355704698,-0.7314254304392245,-1.107836346753193,-0.7496097847521995,-0.6154774966199021,-0.5234324523010943,-1.3219280948873624
0.5862068965517241,0,0.5,1,0,0,1,0,1,0,0,0,0,0,0,1,0,0.0,0.0,0.0,0.0,0.0,0.0,0.0,0.0,0.0,1.0,0.0,0.0,0,0,0,0,0,1,0,0,0,0,0,1,0,0,0,0,0,-0.3288590604026846,0.23707994844339286,-0.9958126851139742,-1.3945587590305173,-0.325819435233824,-0.31255449400748914,0.0
-0.41379310344827586,0,0.4000000000000057,1,0,0,1,0,1,0,0,0,0,0,0,1,0,0.0,0.0,0.0,0.0,0.0,0.0,0.0,0.0,0.0,1.0,0.0,0.0,0,0,0,1,0,1,0,0,0,0,1,0,0,0,0,0,0,0.06711409395973149,0.4149279096354742,0.2197143403097169,0.285888863509545,0.3211106072263432,0.23079549314771114,0.26303440583379395
0.9655172413793104,0,0.10000000000002274,1,0,0,1,0,1,0,0,0,0,0,0,1,0,0.0,0.0,0.0,0.0,0.0,1.0,0.0,0.0,0.0,0.0,0.0,0.0,0,0,0,1,0,1,0,1,0,0,0,0,0,0,0,0,1,0.7651006711409396,0.7381215269252778,0.08909821488372018,0.0,0.6615079760474515,0.23079549314771114,1.0000000000000007
1.5517241379310345,1,0.8000000000000114,0,0,0,0,1,0,0,1,0,0,0,1,0,0,0.0,0.0,0.0,0.0,0.0,0.0,0.0,1.0,0.0,0.0,0.0,0.0,0,0,0,1,0,0,1,0,0,0,0,0,0,0,0,0,0,0.832214765100671,-0.44740464831854293,0.014071049906405746,-0.33313313904221287,-0.2481240298807802,-0.2703937395026851,-0.32192809488736235
-0.41379310344827586,1,0.4000000000000057,1,0,0,1,0,1,0,0,0,0,0,0,1,0,0.0,0.0,0.0,0.0,0.0,0.0,0.0,0.0,0.0,1.0,0.0,0.0,0,0,0,0,1,0,1,0,0,0,0,0,0,0,0,0,0,0.832214765100671,0.5729236635139174,1.100469037042996,0.7717596693105655,0.7029071326316836,1.0215354196458677,-0.32192809488736235
0.0,1,0.10000000000002274,1,0,0,1,0,1,0,0,0,0,0,0,1,0,0.0,0.0,0.0,0.0,0.0,0.0,0.0,0.0,0.0,1.0,0.0,0.0,0,0,0,1,0,0,0,0,0,0,0,0,0,0,0,0,0,-0.06040268456375844,-0.603450510057012,0.34627913855038744,0.9855710999281423,0.3604878618749464,0.44222257845083546,-0.32192809488736235
0.1724137931034483,1,0.8000000000000114,1,1,0,0,0,1,0,0,0,0,1,0,0,0,0.0,0.0,0.0,0.0,0.0,0.0,0.0,0.0,0.0,0.0,0.0,1.0,0,1,0,0,0,0,1,0,0,0,0,0,0,0,0,1,0,0.48993288590604017,1.2670994844302916,0.2885873084898725,-0.33313313904221287,1.0024654529668053,0.908700463159222,0.26303440583379395
-0.034482758620689655,0,0.4000000000000057,1,0,0,1,0,1,0,0,0,0,0,0,1,0,0.0,0.0,0.0,0.0,0.0,0.0,0.0,0.0,0.0,0.0,1.0,0.0,0,0,0,1,0,1,0,0,0,0,1,0,0,0,0,0,0,-0.1476510067114094,-0.6663220046356525,-0.5432568729581231,0.45836890322464535,-0.5233438140443791,-0.4071075610119756,0.26303440583379395
1.9655172413793103,0,1.0,1,0,0,0,1,0,0,0,1,0,0,1,0,0,0.0,0.0,0.0,0.0,0.0,0.0,0.0,1.0,0.0,0.0,0.0,0.0,0,0,0,0,0,1,0,0,0,1,1,0,0,0,0,0,0,-0.38926174496644295,0.4366806297266493,-1.0615447414807022,-1.1274121468458216,-0.6735777313074641,-0.5967878560467649,-1.3219280948873624
0.9655172413793104,1,0.0,1,1,0,0,0,0,0,0,1,0,0,1,0,0,0.0,0.0,0.0,1.0,0.0,0.0,0.0,0.0,0.0,0.0,0.0,0.0,0,0,0,1,0,0,0,0,0,0,0,0,0,0,1,0,0,-0.13422818791946312,-1.0630125445172054,-0.3996994441500668,-0.33313313904221287,-0.6735777313074641,-0.5967878560467649,-1.3219280948873624
-0.8620689655172413,0,0.10000000000002274,1,0,0,1,0,1,0,0,0,0,0,0,1,0,0.0,0.0,1.0,0.0,0.0,0.0,0.0,0.0,0.0,0.0,0.0,0.0,0,0,0,1,0,0,1,1,0,0,0,0,0,0,0,0,0,0.2885906040268456,-0.5160171946658885,-0.057750768110813644,-0.33313313904221287,-0.3836980347548376,-0.4071075610119756,0.4854268271702419
0.13793103448275862,0,1.0,1,0,1,0,0,1,0,0,0,0,0,0,1,0,0.0,0.0,0.0,0.0,0.0,0.0,0.0,0.0,0.0,0.0,0.0,1.0,0,0,0,1,0,0,1,0,0,0,0,0,0,0,0,0,0,-0.1476510067114094,0.30806111323659496,-0.2963617210088245,-0.10466081047388179,0.7532265959499519,0.9375507803116744,-0.32192809488736235
-0.06896551724137931,1,0.4000000000000057,1,0,0,1,0,1,0,0,0,0,0,0,1,0,0.0,0.0,1.0,0.0,0.0,0.0,0.0,0.0,0.0,0.0,0.0,0.0,0,0,0,1,0,0,0,0,0,0,0,0,0,0,0,0,0,1.0805369127516775,-0.4672891689494007,1.3839956023701256,1.249099671807958,-0.9320941296030667,-0.9231819725908447,-2.3219280948873626
1.0689655172413792,1,0.30000000000001137,1,0,0,1,0,0,0,0,1,0,0,0,0,1,0.0,1.0,0.0,0.0,0.0,0.0,0.0,0.0,0.0,0.0,0.0,0.0,1,0,0,0,0,1,0,0,0,1,0,0,0,0,0,0,1,-0.33557046979865773,0.9545808075220324,-0.7841654920260558,-0.2153165603828081,-0.20089933647209446,-0.4071075610119756,1.1375035237499354
0.06896551724137931,1,1.0,1,0,1,0,0,1,0,0,0,0,0,0,1,0,0.0,0.0,0.0,0.0,0.0,0.0,0.0,0.0,0.0,0.0,1.0,0.0,0,0,0,0,0,0,0,0,0,1,1,0,0,0,0,0,0,0.832214765100671,0.9566853602584382,-0.021374457447631966,0.6196850107744367,1.0869834864017194,1.1794650380972311,0.0
-0.4482758620689655,1,0.6000000000000227,1,0,1,0,0,1,0,0,0,0,0,0,1,0,0.0,0.0,0.0,0.0,0.0,0.0,0.0,0.0,0.0,0.0,1.0,0.0,0,0,0,1,0,0,0,1,0,0,0,0,0,0,0,0,0,-0.15436241610738255,-0.22356318000351375,-0.6741002542843467,-0.5973579848037531,-0.9320941296030667,-0.9231819725908447,-0.736965594166206
-0.5862068965517241,0,0.5,1,1,0,0,0,1,0,0,0,0,0,0,1,0,0.0,0.0,0.0,0.0,0.0,0.0,0.0,1.0,0.0,0.0,0.0,0.0,0,0,0,0,0,0,1,0,0,0,0,0,0,0,0,1,0,0.48993288590604017,0.05065127586322576,0.2856511031775968,0.0,-0.27300404985656557,-0.157719918514846,0.0
-0.4827586206896552,0,0.8000000000000114,1,0,0,1,0,1,0,0,0,0,0,0,1,0,0.0,0.0,0.0,0.0,0.0,0.0,0.0,0.0,0.0,0.0,0.0,1.0,0,0,0,0,0,0,0,0,0,1,1,0,0,0,0,0,0,1.0805369127516775,-0.09703259835542173,1.246959784486973,1.493023283211703,0.334372402329592,0.46159098629542217,0.0
1.5172413793103448,0,0.8000000000000114,0,0,0,0,1,0,0,1,0,0,0,1,0,0,0.0,0.0,0.0,0.0,0.0,0.0,0.0,0.0,0.0,0.0,1.0,0.0,1,0,0,0,0,1,0,0,0,1,0,0,0,0,0,0,0,-0.16778523489932887,0.3647992432490576,-0.7683932619758896,-1.3945587590305173,-0.27300404985656557,-0.23079549314771128,0.26303440583379395
2.3793103448275863,0,0.9000000000000057,1,0,1,0,0,0,0,0,1,0,0,1,0,0,0.0,0.0,0.0,0.0,0.0,1.0,0.0,0.0,0.0,0.0,0.0,0.0,0,1,0,1,0,1,0,0,0,0,0,1,0,0,0,0,0,-0.16778523489932887,0.838482702118885,-0.2268765935301972,0.5402881638044359,-0.6154774966199021,-0.5234324523010943,-0.736965594166206
1.0,1,0.30000000000001137,1,0,0,1,0,1,0,0,0,0,0,0,1,0,1.0,0.0,0.0,0.0,0.0,0.0,0.0,0.0,0.0,0.0,0.0,0.0,0,0,0,0,0,1,0,0,0,1,1,0,0,0,0,0,0,-0.1476510067114094,0.366243344965992,0.3688311794494711,1.1200840609177067,0.2804552591354187,0.23079549314771114,0.4854268271702419
-0.3103448275862069,1,0.30000000000001137,0,0,0,0,1,0,1,0,0,1,0,0,0,0,1.0,0.0,0.0,0.0,0.0,0.0,0.0,0.0,0.0,0.0,0.0,0.0,0,0,0,0,0,1,1,0,0,0,1,0,0,0,0,0,0,-0.0738255033557047,0.13676248510343245,-0.057750768110813644,0.7717596693105655,-0.09440525778300253,-0.09103698790077436,0.26303440583379395
0.6551724137931034,0,0.4000000000000057,1,0,0,1,0,0,0,0,1,0,0,0,0,1,0.0,0.0,1.0,0.0,0.0,0.0,0.0,0.0,0.0,0.0,0.0,0.0,0,0,0,1,0,1,0,0,0,0,0,0,0,0,0,0,1,-0.21476510067114096,-0.6765761115316363,-0.7232558260069953,0.45836890322464535,-0.9320941296030667,-0.9231819725908447,-0.32192809488736235
0.3103448275862069,1,0.30000000000001137,1,0,1,0,0,1,0,0,0,0,0,0,1,0,0.0,0.0,0.0,0.0,0.0,0.0,0.0,1.0,0.0,0.0,0.0,0.0,0,0,0,0,0,0,1,0,0,0,0,0,0,0,1,0,0,1.0805369127516775,0.366243344965992,0.2288622155769923,-0.33313313904221287,0.6615079760474515,0.908700463159222,0.26303440583379395
1.1379310344827587,1,0.10000000000002274,1,0,1,0,0,1,0,0,0,0,0,0,1,0,0.0,0.0,0.0,0.0,1.0,0.0,0.0,0.0,0.0,0.0,0.0,0.0,0,1,0,0,0,1,0,0,0,0,0,1,0,0,0,0,0,0.832214765100671,1.8087161449311058,1.017768976277845,0.3736703603919092,1.103466026137682,0.9375507803116744,0.6780719051126377
-0.7241379310344828,0,0.20000000000001705,1,0,0,1,0,1,0,0,0,0,0,0,1,0,0.0,0.0,0.0,0.0,1.0,0.0,0.0,0.0,0.0,0.0,0.0,0.0,0,0,0,0,0,1,1,0,0,0,0,0,0,0,0,0,0,-0.24161073825503357,0.6014729056053123,-0.5845553830655271,-0.45971183619556405,1.0024654529668053,0.9375507803116744,0.0
0.6551724137931034,1,0.30000000000001137,1,1,0,0,0,1,0,0,0,0,0,0,1,0,0.0,0.0,0.0,0.0,0.0,0.0,0.0,0.0,0.0,0.0,0.0,1.0,0,1,0,0,0,0,1,0,0,0,0,0,0,0,0,1,0,1.0805369127516775,1.4704421540731798,1.2656372124707236,0.45836890322464535,0.1646980600933915,0.1344558448132036,-0.32192809488736235
-0.8275862068965517,0,0.20000000000001705,1,0,1,0,0,1,0,0,0,0,0,0,1,0,0.0,0.0,1.0,0.0,0.0,0.0,0.0,0.0,0.0,0.0,0.0,0.0,0,0,0,1,0,0,1,0,0,0,0,0,0,0,0,0,0,-0.348993288590604,-0.5244912626970895,-1.0338600668262725,-0.45971183619556405,-0.325819435233824,-0.23079549314771128,-0.32192809488736235
-1.2413793103448276,1,0.30000000000001137,1,0,0,0,1,1,0,0,0,0,0,0,1,0,0.0,0.0,0.0,0.0,0.0,0.0,0.0,0.0,1.0,0.0,0.0,0.0,0,0,0,0,1,1,1,0,0,0,0,0,0,0,0,0,0,-0.18791946308724833,-1.6633148338003483,-0.31898544108285615,0.09954602329692071,-0.9320941296030667,-0.9231819725908447,-0.736965594166206
0.41379310344827586,0,0.0,1,0,0,1,0,1,0,0,0,0,0,0,1,0,0.0,0.0,0.0,0.0,0.0,0.0,0.0,0.0,1.0,0.0,0.0,0.0,0,0,0,1,0,0,0,1,0,0,1,0,0,0,0,0,0,0.7651006711409396,0.7893393853225851,0.7414933054276021,0.6196850107744367,0.4600592805655788,0.2760665882784065,0.6780719051126377
-0.27586206896551724,0,0.30000000000001137,1,0,1,0,0,1,0,0,0,0,0,0,1,0,0.0,0.0,0.0,0.0,0.0,1.0,0.0,0.0,0.0,0.0,0.0,0.0,0,0,0,0,0,0,1,0,0,0,0,0,0,0,0,0,0,-0.31543624161073824,0.09714676860542147,-0.8984705966390675,-0.10466081047388179,1.0620042448935314,1.1794650380972311,-0.32192809488736235
-0.034482758620689655,0,0.10000000000002274,1,0,1,0,0,1,0,0,0,0,0,0,1,0,0.0,0.0,0.0,1.0,0.0,0.0,0.0,0.0,0.0,0.0,0.0,0.0,0,0,0,1,0,0,0,0,0,0,0,0,0,0,0,0,0,-0.13422818791946312,0.28220010263027784,-0.47138319859923367,0.19466105017012347,-0.20089933647209446,-0.31255449400748914,-0.32192809488736235
0.1724137931034483,0,0.9000000000000057,1,0,0,1,0,1,0,0,0,0,0,0,1,0,0.0,0.0,0.0,0.0,0.0,0.0,0.0,0.0,0.0,0.0,0.0,1.0,0,0,0,1,0,0,0,0,0,1,1,0,0,0,0,0,0,1.0805369127516775,0.0038958916091473756,1.1143174840985337,0.19466105017012347,-0.35403388971568844,-0.2703937395026851,0.0
1.0344827586206897,0,0.700000000000017,0,0,0,0,1,0,0,0,1,0,0,0,0,1,0.0,0.0,0.0,0.0,0.0,0.0,0.0,1.0,0.0,0.0,0.0,0.0,0,0,0,1,0,1,0,0,0,1,0,0,0,0,0,0,0,-0.30201342281879195,-0.013564613308337308,-0.7762300830044475,0.19466105017012347,-0.44845423396059875,-0.46159098629542233,0.26303440583379395
1.0689655172413792,0,0.5,0,0,0,0,1,0,0,1,0,0,0,1,0,0,0.0,1.0,0.0,0.0,0.0,0.0,0.0,0.0,0.0,0.0,0.0,0.0,0,0,0,1,0,0,0,0,0,0,0,0,0,0,0,0,0,-0.13422818791946312,-0.7523973855806263,-0.5845553830655271,-0.7496097847521995,-0.17839578835790348,-0.029314871250031297,-0.736965594166206
-0.8620689655172413,0,0.30000000000001137,1,1,0,0,0,1,0,0,0,0,0,0,1,0,0.0,0.0,1.0,0.0,0.0,0.0,0.0,0.0,0.0,0.0,0.0,0.0,1,1,1,0,0,0,1,0,0,0,0,0,1,0,0,1,0,0.832214765100671,0.8256320777206461,0.17318082484645453,-0.5973579848037531,0.8682642561370995,0.8495918482279355,0.0
-0.5862068965517241,1,0.10000000000002274,1,1,0,0,0,1,0,0,0,0,0,0,1,0,0.0,0.0,0.0,0.0,0.0,1.0,0.0,0.0,0.0,0.0,0.0,0.0,1,0,1,0,0,0,1,0,0,0,0,1,0,0,0,1,0,0.832214765100671,1.322127216999222,0.07909028850206115,-0.10466081047388179,0.17982694289849235,0.3618329492587622,-0.32192809488736235
0.7241379310344828,1,0.10000000000002274,0,0,0,0,1,0,0,1,0,0,0,1,0,0,0.0,0.0,1.0,0.0,0.0,0.0,0.0,0.0,0.0,0.0,0.0,0.0,0,0,0,1,0,0,1,0,0,0,0,0,0,0,1,1,0,-0.3959731543624161,-0.6454303426181593,-1.1431707216866394,-1.1274121468458216,-0.2241178154456085,-0.2703937395026851,-0.736965594166206
-0.3448275862068966,0,0.0,1,0,0,1,0,1,0,0,0,0,0,0,1,0,0.0,0.0,0.0,0.0,1.0,0.0,0.0,0.0,0.0,0.0,0.0,0.0,0,0,0,1,0,0,1,0,0,0,0,0,0,0,0,0,0,-0.0738255033557047,-1.2432654222081225,-0.41462427727288137,-0.7496097847521995,-0.9320941296030667,-0.9231819725908447,0.0
0.41379310344827586,0,0.700000000000017,1,0,0,1,0,1,0,0,0,0,0,0,1,0,0.0,0.0,0.0,0.0,0.0,0.0,0.0,0.0,1.0,0.0,0.0,0.0,0,0,0,0,1,0,0,0,0,1,0,1,1,0,0,0,0,0.2885906040268456,0.36693119056493606,0.14779361840531544,0.09954602329692071,0.4956093444158855,0.5902452854112349,-0.736965594166206
-0.3793103448275862,0,0.20000000000001705,1,0,1,0,0,1,0,0,0,0,0,0,1,0,0.0,0.0,0.0,0.0,0.0,0.0,0.0,1.0,0.0,0.0,0.0,0.0,0,0,0,1,0,0,0,0,0,0,0,0,0,0,0,0,0,-0.11409395973154363,-1.1469316324517984,0.47226127395617656,1.311745441909603,-0.5233438140443791,-0.4071075610119756,-0.32192809488736235
-0.3793103448275862,0,0.30000000000001137,1,0,0,1,0,1,0,0,0,0,0,0,1,0,0.0,0.0,0.0,0.0,1.0,0.0,0.0,0.0,0.0,0.0,0.0,0.0,0,0,0,0,0,0,0,0,0,1,1,1,1,0,0,0,0,-0.16778523489932887,0.1258570772083238,-0.3753043722993551,-0.45971183619556405,-0.17839578835790348,-0.12368293201134385,0.26303440583379395
0.034482758620689655,0,0.700000000000017,1,0,1,0,0,1,0,0,0,0,0,0,1,0,0.0,1.0,0.0,0.0,0.0,0.0,0.0,0.0,0.0,0.0,0.0,0.0,0,0,0,0,0,0,1,0,0,0,0,0,0,1,1,0,0,0.48993288590604017,0.11838541308962662,0.2649532983701823,-0.33313313904221287,-0.2481240298807802,-0.1933425405422934,-0.32192809488736235
-0.7586206896551724,0,0.4000000000000057,1,0,0,1,0,1,0,0,0,0,0,0,0,1,0.0,0.0,0.0,0.0,1.0,0.0,0.0,0.0,0.0,0.0,0.0,0.0,0,0,0,0,0,0,0,0,0,1,1,0,0,0,0,0,0,0.34228187919463077,-0.35474745659572576,0.10233889954846202,0.19466105017012347,-0.41506133301186154,-0.46159098629542233,1.0000000000000007
1.7241379310344827,0,1.0,1,0,0,1,0,1,0,0,0,0,0,0,1,0,0.0,0.0,0.0,0.0,0.0,0.0,0.0,0.0,1.0,0.0,0.0,0.0,0,0,0,0,0,0,1,0,0,1,1,0,0,0,0,0,0,1.0805369127516775,1.5144845959831024,0.7461188507008966,0.6196850107744367,0.7729386196912933,0.908700463159222,-0.32192809488736235
-0.6206896551724138,1,0.4000000000000057,1,0,0,1,0,1,0,0,0,0,0,0,1,0,0.0,0.0,0.0,1.0,0.0,0.0,0.0,0.0,0.0,0.0,0.0,0.0,0,0,0,0,1,0,0,0,0,0,0,0,0,0,0,0,0,-0.14093959731543623,-0.2901808813948775,0.2288622155769923,0.6196850107744367,0.42357730004446903,0.5902452854112349,-0.32192809488736235
0.4482758620689655,1,0.20000000000001705,0,0,0,0,1,0,0,0,1,0,0,0,0,1,0.0,0.0,0.0,0.0,0.0,1.0,0.0,0.0,0.0,0.0,0.0,0.0,0,0,0,0,0,1,0,0,0,1,0,0,0,0,0,0,0,-0.046979865771812096,-1.4900520799592856,-0.10656020831349756,-0.10466081047388179,-0.4843305931653706,-0.46159098629542233,-0.32192809488736235
0.896551724137931,1,0.9000000000000057,1,0,1,0,0,0,0,0,1,0,0,0,0,1,0.0,0.0,0.0,0.0,0.0,0.0,0.0,0.0,1.0,0.0,0.0,0.0,0,0,0,1,0,0,0,1,0,0,0,0,0,0,0,0,0,1.0805369127516775,-0.4324513550552792,1.5146110736900453,2.039507733308835,0.14935755368439613,0.23079549314771114,0.4854268271702419
-0.8275862068965517,1,0.4000000000000057,1,0,0,0,1,1,0,0,0,0,0,0,1,0,0.0,0.0,0.0,0.0,1.0,0.0,0.0,0.0,0.0,0.0,0.0,0.0,0,0,0,0,0,1,0,0,0,1,1,0,0,0,0,0,0,-0.046979865771812096,-0.8071710415498223,-0.13361686177341855,0.5402881638044359,-0.6735777313074641,-0.5967878560467649,-0.32192809488736235
0.7586206896551724,1,0.9000000000000057,0,0,0,0,1,0,0,0,1,0,0,1,0,0,0.0,0.0,0.0,0.0,0.0,0.0,0.0,0.0,1.0,0.0,0.0,0.0,1,0,0,1,0,0,0,0,0,1,0,0,1,0,0,0,0,-0.44295302013422816,-1.1654657759878624,-1.4070699871624215,-2.039507733308835,-0.9320941296030667,-0.9231819725908447,-1.3219280948873624
1.3793103448275863,0,0.30000000000001137,0,0,0,0,1,0,0,0,1,0,0,0,0,1,0.0,0.0,0.0,0.0,0.0,0.0,0.0,0.0,1.0,0.0,0.0,0.0,0,0,0,1,0,0,0,0,0,0,0,0,0,0,0,0,0,-0.44295302013422816,0.15351009132478236,-1.4070699871624215,-2.039507733308835,0.23838864594233974,0.20748041370096285,-0.32192809488736235
1.3448275862068966,1,0.8000000000000114,1,0,0,0,1,0,0,0,1,0,0,1,0,0,0.0,0.0,0.0,0.0,0.0,0.0,0.0,1.0,0.0,0.0,0.0,0.0,0,0,0,1,0,1,0,1,0,0,0,0,0,0,0,0,0,-0.44295302013422816,-0.8954198594775816,-1.4070699871624215,-2.039507733308835,-0.9320941296030667,-0.9231819725908447,-0.32192809488736235
-0.5172413793103449,1,0.30000000000001137,1,0,0,1,0,1,0,0,0,0,0,0,1,0,0.0,0.0,0.0,0.0,0.0,0.0,0.0,0.0,1.0,0.0,0.0,0.0,0,0,0,0,1,0,0,0,0,0,0,0,0,0,0,0,0,-0.14093959731543623,0.18019242978879554,-0.03218629127367543,0.45836890322464535,0.5863458996627281,0.5902452854112349,-0.32192809488736235
-0.034482758620689655,1,0.6000000000000227,1,1,0,0,0,1,0,0,0,0,0,0,1,0,0.0,0.0,0.0,0.0,0.0,0.0,0.0,0.0,0.0,0.0,0.0,1.0,0,0,1,0,0,0,1,0,0,0,0,0,0,1,0,1,0,0.832214765100671,1.0468425821360974,0.4348312980264198,0.19466105017012347,-0.44845423396059875,-0.31255449400748914,-1.3219280948873624
-0.6551724137931034,1,0.10000000000002274,1,0,1,0,0,1,0,0,0,0,0,0,1,0,0.0,0.0,0.0,0.0,1.0,0.0,0.0,0.0,0.0,0.0,0.0,0.0,0,0,0,0,1,0,0,0,0,1,0,0,0,0,0,0,0,-0.24832214765100669,-0.603450510057012,-0.34677091062058646,0.19466105017012347,1.2842223012790859,1.3263342348286624,0.0
-0.3793103448275862,0,0.4000000000000057,1,0,1,0,0,1,0,0,0,0,0,0,1,0,0.0,0.0,0.0,0.0,0.0,0.0,0.0,0.0,0.0,0.0,1.0,0.0,1,0,0,1,0,0,0,0,0,0,0,0,0,0,1,0,0,0.7651006711409396,0.5401859088449047,0.3688311794494711,-0.45971183619556405,0.25257683397388525,0.29807298457586645,0.26303440583379395
-0.3448275862068966,0,0.0,1,0,0,1,0,1,0,0,0,0,0,0,1,0,0.0,0.0,0.0,0.0,0.0,0.0,0.0,0.0,0.0,1.0,0.0,0.0,0,0,0,1,0,0,0,0,0,0,0,0,0,0,0,0,0,-0.17449664429530204,0.15864320248150596,-0.3657063459459329,0.285888863509545,-0.44845423396059875,-0.4071075610119756,-0.32192809488736235
-0.7586206896551724,0,0.4000000000000057,1,0,0,1,0,1,0,0,0,0,0,0,1,0,0.0,0.0,0.0,0.0,0.0,0.0,0.0,0.0,1.0,0.0,0.0,0.0,0,0,0,1,0,1,0,0,0,1,0,0,0,0,0,0,0,0.832214765100671,0.6932310905050735,0.05206693856714238,0.6196850107744367,0.03518566168186925,-0.05962431082057667,0.26303440583379395
0.8275862068965517,0,0.9000000000000057,1,0,0,1,0,1,0,0,0,0,0,0,0,1,0.0,0.0,0.0,0.0,0.0,0.0,0.0,0.0,0.0,0.0,0.0,1.0,0,0,0,1,0,0,0,0,0,0,0,0,0,1,0,0,0,0.7651006711409396,1.136504083554146,1.0463214702400414,1.0535588884633251,-0.3836980347548376,-0.4071075610119756,1.1375035237499354
0.5517241379310345,1,0.10000000000002274,1,0,1,0,0,1,0,0,0,0,0,0,1,0,0.0,0.0,0.0,0.0,0.0,0.0,0.0,0.0,1.0,0.0,0.0,0.0,1,1,0,1,0,0,0,0,0,1,0,0,0,0,0,1,0,-0.2348993288590604,1.3624799162936,-0.18545376569896338,0.09954602329692071,0.993809661976111,0.9375507803116744,0.0
0.20689655172413793,1,0.5,1,0,0,0,1,0,0,0,1,0,0,0,0,1,0.0,0.0,0.0,0.0,0.0,0.0,0.0,0.0,1.0,0.0,0.0,0.0,0,0,0,1,0,0,1,0,0,0,0,0,0,0,0,0,0,-0.0738255033557047,-0.534462607376319,-0.08757365978351116,0.45836890322464535,0.294156817072996,0.319689794753462,0.26303440583379395
-0.6551724137931034,0,0.6000000000000227,1,0,0,1,0,1,0,0,0,0,0,0,1,0,0.0,0.0,0.0,0.0,0.0,0.0,1.0,0.0,0.0,0.0,0.0,0.0,0,0,0,1,0,0,0,0,0,1,0,0,1,0,0,0,0,-0.19463087248322147,-0.7515908608726479,-0.39477339744873613,0.3736703603919092,0.03518566168186925,-0.09103698790077436,0.4854268271702419
-0.41379310344827586,0,0.9000000000000057,1,0,0,1,0,1,0,0,0,0,0,0,1,0,0.0,0.0,0.0,0.0,0.0,0.0,0.0,1.0,0.0,0.0,0.0,0.0,0,1,0,0,1,1,0,0,0,0,0,0,0,0,0,0,0,-0.026845637583892613,0.0038958916091473756,-0.34677091062058646,-0.5973579848037531,0.08568594826730772,-0.05962431082057667,0.26303440583379395
-0.4482758620689655,0,1.0,1,1,0,0,0,1,0,0,0,0,0,0,1,0,0.0,0.0,0.0,0.0,0.0,1.0,0.0,0.0,0.0,0.0,0.0,0.0,1,0,1,0,0,0,1,0,0,0,0,1,0,0,0,1,0,0.395973154362416,1.3768032309626488,0.5167331622023432,0.9855710999281423,-0.3836980347548376,-0.23079549314771128,-1.3219280948873624
-0.7931034482758621,1,0.0,1,0,0,1,0,1,0,0,0,0,0,0,1,0,0.0,0.0,0.0,0.0,0.0,0.0,0.0,0.0,0.0,1.0,0.0,0.0,0,0,0,0,1,0,0,0,0,1,0,0,0,0,0,0,0,0.832214765100671,-0.2050811431117187,0.49331886408703496,0.0,0.993809661976111,0.8495918482279355,0.0
0.10344827586206896,0,0.700000000000017,1,0,0,0,1,0,0,0,1,0,0,0,0,1,0.0,0.0,0.0,0.0,0.0,0.0,1.0,0.0,0.0,0.0,0.0,0.0,0,0,0,1,0,0,0,1,0,0,0,0,0,0,0,0,0,0.48993288590604017,-0.42579169104339765,0.1349432856245864,-1.1274121468458216,-0.35403388971568844,-0.46159098629542233,0.26303440583379395
-0.4827586206896552,0,0.10000000000002274,1,0,0,0,1,0,1,0,0,0,0,0,0,1,0.0,0.0,0.0,0.0,0.0,0.0,0.0,0.0,1.0,0.0,0.0,0.0,0,0,0,1,0,0,0,0,0,0,0,0,0,0,0,0,0,-0.06040268456375844,-0.35008171086637074,-0.19362520337176464,0.19466105017012347,0.08568594826730772,0.20748041370096285,-0.32192809488736235
0.06896551724137931,0,0.6000000000000227,1,0,1,0,0,1,0,0,0,0,0,0,1,0,0.0,0.0,1.0,0.0,0.0,0.0,0.0,0.0,0.0,0.0,0.0,0.0,1,0,0,0,0,1,0,0,0,0,0,1,0,0,0,0,0,-0.28187919463087246,1.8039706099844703,-0.48747070353892996,0.0,-0.11459349848569159,0.10896685056689351,-1.3219280948873624
-0.2413793103448276,0,0.8000000000000114,1,0,1,0,0,1,0,0,0,0,0,0,1,0,0.0,0.0,0.0,0.0,0.0,0.0,0.0,0.0,0.0,0.0,1.0,0.0,0,0,0,1,0,0,1,0,0,0,0,0,0,0,0,0,0,0.7651006711409396,-0.163694572108327,0.426711194039265,0.09954602329692071,0.7029071326316836,0.9375507803116744,0.4854268271702419
0.3448275862068966,0,0.20000000000001705,1,0,1,0,0,1,0,0,0,0,0,0,1,0,0.0,0.0,0.0,0.0,0.0,0.0,0.0,0.0,1.0,0.0,0.0,0.0,0,0,0,1,0,0,1,1,0,0,0,0,0,0,0,0,0,0.7651006711409396,0.2695284153278356,0.582827471890812,0.5402881638044359,0.26659709670845055,0.2760665882784065,0.0
0.4827586206896552,0,0.700000000000017,1,0,0,1,0,1,0,0,0,0,0,0,1,0,0.0,0.0,0.0,0.0,0.0,0.0,0.0,0.0,1.0,0.0,0.0,0.0,0,0,0,1,0,1,0,1,0,0,0,0,0,0,0,0,0,0.7651006711409396,0.11838541308962662,-0.02496900443554409,-0.5973579848037531,-0.41506133301186154,-0.4071075610119756,0.0
1.0,1,0.20000000000001705,0,0,0,0,1,0,0,1,0,0,0,1,0,0,0.0,0.0,0.0,0.0,0.0,0.0,0.0,0.0,0.0,1.0,0.0,0.0,0,1,0,0,1,1,1,0,0,0,0,0,0,0,0,0,0,-0.44295302013422816,-0.3025066030336868,-1.4070699871624215,-2.039507733308835,-0.11459349848569159,-0.05962431082057667,-0.32192809488736235
-1.0689655172413792,0,0.0,1,0,0,0,1,1,0,0,0,0,0,0,1,0,1.0,0.0,0.0,0.0,0.0,0.0,0.0,0.0,0.0,0.0,0.0,0.0,0,0,0,1,1,0,0,0,0,1,0,0,0,0,0,0,0,0.06711409395973149,-1.21841365797505,0.07573930278223621,0.3736703603919092,-0.6735777313074641,-0.5967878560467649,-1.3219280948873624
-0.20689655172413793,0,0.5,1,0,0,1,0,1,0,0,0,0,0,0,1,0,0.0,0.0,0.0,0.0,0.0,0.0,0.0,0.0,1.0,0.0,0.0,0.0,0,0,0,0,1,0,0,0,0,0,0,0,0,0,0,0,0,-0.24161073825503357,-0.046398477383451646,0.17946415305915395,1.1200840609177067,0.7924253409608393,1.1794650380972311,-0.736965594166206
1.8275862068965518,0,0.9000000000000057,1,0,0,1,0,1,0,0,0,0,0,0,1,0,0.0,0.0,0.0,0.0,1.0,0.0,0.0,0.0,0.0,0.0,0.0,0.0,0,0,0,1,0,0,1,0,0,0,0,0,0,0,0,0,0,-0.13422818791946312,-0.1440085994308005,0.03146632462321312,0.8447917637013288,1.1198161695637927,0.9375507803116744,0.26303440583379395
1.0344827586206897,0,0.8000000000000114,1,0,1,0,0,1,0,0,0,0,0,0,1,0,0.0,0.0,0.0,0.0,0.0,0.0,0.0,0.0,0.0,0.0,0.0,1.0,0,0,0,1,0,0,0,0,0,0,0,0,0,0,0,0,0,1.0805369127516775,0.9994598179812031,1.0584570337718624,2.4751350866393893,0.923110037508502,0.908700463159222,0.4854268271702419
0.6551724137931034,1,0.20000000000001705,1,0,1,0,0,0,0,0,1,0,0,0,0,1,0.0,0.0,0.0,0.0,1.0,0.0,0.0,0.0,0.0,0.0,0.0,0.0,0,0,0,1,0,0,1,0,0,1,1,0,0,0,0,0,0,-0.05369127516778523,-0.8791014254157538,-0.4196493511307441,-0.45971183619556405,-0.9320941296030667,-0.9231819725908447,-0.736965594166206
-0.13793103448275862,0,0.700000000000017,1,0,0,1,0,1,0,0,0,0,0,0,1,0,0.0,0.0,0.0,1.0,0.0,0.0,0.0,0.0,0.0,0.0,0.0,0.0,0,0,0,0,0,1,1,0,0,0,1,0,0,0,0,0,0,-0.05369127516778523,0.27263255623221005,-0.17329808101707983,0.0,-0.44845423396059875,-0.31255449400748914,-0.736965594166206
2.0344827586206895,0,0.4000000000000057,1,0,0,0,1,0,0,0,1,0,0,1,0,0,0.0,0.0,0.0,0.0,0.0,0.0,0.0,1.0,0.0,0.0,0.0,0.0,1,0,0,0,0,1,0,0,0,1,0,0,0,0,0,0,0,-0.36912751677852346,0.7072298978827639,-0.9838897145774169,-0.5973579848037531,-0.6154774966199021,-0.5234324523010943,-1.3219280948873624
1.3448275862068966,1,0.700000000000017,1,0,0,1,0,0,0,0,1,0,0,1,0,0,0.0,0.0,0.0,0.0,0.0,0.0,0.0,0.0,0.0,0.0,0.0,1.0,0,0,0,0,0,1,0,0,0,1,1,0,0,0,0,0,0,-0.44295302013422816,-0.9395894030983597,-1.4070699871624215,-2.039507733308835,-0.6154774966199021,-0.5234324523010943,-1.3219280948873624
-0.8620689655172413,1,0.10000000000002274,0,0,0,0,1,0,0,0,1,0,0,0,0,1,1.0,0.0,0.0,0.0,0.0,0.0,0.0,0.0,0.0,0.0,0.0,0.0,1,0,0,0,0,0,1,0,0,0,0,0,0,0,0,1,0,-0.44295302013422816,-0.16095700087823192,-1.4070699871624215,-2.039507733308835,-0.4843305931653706,-0.46159098629542233,-0.32192809488736235
0.4482758620689655,0,0.8000000000000114,1,0,1,0,0,1,0,0,0,0,0,0,1,0,0.0,1.0,0.0,0.0,0.0,0.0,0.0,0.0,0.0,0.0,0.0,0.0,1,0,0,0,0,1,0,0,0,0,0,1,0,0,0,0,0,0.832214765100671,1.6903399094949538,1.2073028940168042,0.09954602329692071,0.03518566168186925,0.10896685056689351,-0.736965594166206
-0.3793103448275862,1,0.30000000000001137,1,0,0,1,0,1,0,0,0,0,0,0,1,0,0.0,0.0,0.0,0.0,1.0,0.0,0.0,0.0,0.0,0.0,0.0,0.0,0,0,0,0,0,1,1,0,0,0,0,0,0,0,0,0,0,0.7651006711409396,0.32360053085060336,0.03146632462321312,-0.5973579848037531,0.3604878618749464,0.5902452854112349,-0.736965594166206
-0.27586206896551724,1,0.10000000000002274,1,0,1,0,0,1,0,0,0,0,0,0,1,0,0.0,0.0,0.0,0.0,0.0,0.0,0.0,0.0,0.0,1.0,0.0,0.0,0,0,0,0,1,0,1,0,0,0,0,0,0,0,0,0,0,-0.2885906040268456,0.15145680102203068,-0.3657063459459329,-0.10466081047388179,0.7827096609981056,1.1794650380972311,-0.736965594166206
1.3448275862068966,0,0.5,1,0,1,0,0,1,0,0,0,0,0,0,1,0,0.0,0.0,0.0,0.0,0.0,0.0,0.0,1.0,0.0,0.0,0.0,0.0,0,0,0,0,0,1,0,0,0,1,0,1,0,0,0,0,0,-0.22818791946308725,1.8738183480669026,0.028004138347778745,0.7717596693105655,0.5416760920058674,0.908700463159222,-0.736965594166206
1.5517241379310345,0,0.700000000000017,0,0,0,0,1,0,0,1,0,0,0,1,0,0,0.0,0.0,0.0,0.0,0.0,0.0,0.0,0.0,0.0,0.0,1.0,0.0,0,0,0,0,1,0,1,0,0,0,0,0,0,0,0,0,0,-0.40939597315436244,-0.4534282959863338,-1.124949805439085,-0.7496097847521995,-0.27300404985656557,-0.31255449400748914,-0.736965594166206
0.2413793103448276,1,0.10000000000002274,1,0,0,1,0,1,0,0,0,0,0,0,1,0,0.0,0.0,0.0,0.0,0.0,0.0,1.0,0.0,0.0,0.0,0.0,0.0,1,0,0,1,0,0,0,0,0,0,0,0,0,0,0,0,0,-0.2550335570469799,-0.5160171946658885,-0.05406912629093195,1.249099671807958,-0.3836980347548376,-0.3578507794449409,-0.736965594166206
-0.2413793103448276,1,0.0,1,1,0,0,0,1,0,0,0,0,0,0,1,0,0.0,0.0,0.0,0.0,0.0,1.0,0.0,0.0,0.0,0.0,0.0,0.0,0,0,0,1,0,0,0,0,0,0,1,0,1,0,0,0,0,1.0805369127516775,-0.15872593188220355,0.426711194039265,-0.33313313904221287,0.6190042601705491,0.29807298457586645,0.4854268271702419
0.27586206896551724,1,0.4000000000000057,1,1,0,0,0,1,0,0,0,0,0,0,1,0,0.0,0.0,0.0,0.0,0.0,0.0,0.0,1.0,0.0,0.0,0.0,0.0,0,0,0,1,0,0,0,0,0,0,0,0,0,0,0,0,0,-0.2348993288590604,-0.5412609421707992,-0.7379632260526588,-0.9224233415693557,-0.9320941296030667,-0.9231819725908447,-1.3219280948873624
0.2413793103448276,0,0.4000000000000057,1,0,0,1,0,1,0,0,0,0,1,0,0,0,0.0,0.0,0.0,0.0,0.0,0.0,0.0,1.0,0.0,0.0,0.0,0.0,0,0,0,1,0,1,0,1,0,0,0,0,0,0,0,0,1,0.7651006711409396,0.2187730177696245,0.09903964120625659,-0.33313313904221287,0.01775576934642723,0.2760665882784065,0.6780719051126377
-0.2413793103448276,0,0.700000000000017,1,0,1,0,0,1,0,0,0,0,0,0,1,0,0.0,0.0,0.0,0.0,0.0,0.0,0.0,0.0,0.0,0.0,0.0,1.0,0,0,0,1,0,0,0,0,0,0,0,0,0,0,0,0,0,1.0805369127516775,0.04127018094898012,0.9469858451494911,0.7717596693105655,-0.05542236995815684,-0.12368293201134385,-0.32192809488736235
-0.4482758620689655,1,0.30000000000001137,1,0,0,1,0,1,0,0,0,0,0,0,1,0,0.0,0.0,1.0,0.0,0.0,0.0,0.0,0.0,0.0,0.0,0.0,0.0,0,0,0,0,1,0,0,0,0,1,0,0,0,0,0,0,0,-0.2348993288590604,-0.948250987666285,-0.6878018312696041,-0.5973579848037531,0.05230698717915964,-0.05962431082057667,0.26303440583379395
0.10344827586206896,0,0.30000000000001137,1,0,0,1,0,1,0,0,0,0,0,0,1,0,0.0,0.0,0.0,1.0,0.0,0.0,0.0,0.0,0.0,0.0,0.0,0.0,0,0,0,1,0,0,1,0,0,0,0,0,0,0,0,0,0,0.7651006711409396,-0.6700433784289875,0.38555903225994265,-0.2153165603828081,-0.27300404985656557,-0.157719918514846,-0.736965594166206
0.0,0,0.700000000000017,1,0,0,1,0,0,0,0,1,0,0,0,0,1,0.0,0.0,0.0,0.0,1.0,0.0,0.0,0.0,0.0,0.0,0.0,0.0,0,0,0,1,0,1,0,0,0,0,0,0,0,0,0,0,1,-0.3624161073825503,-1.101921309176436,-0.825464332980539,0.0,-0.9320941296030667,-0.9231819725908447,-1.3219280948873624
1.1724137931034482,1,0.6000000000000227,0,0,0,0,1,0,0,1,0,0,0,1,0,0,0.0,0.0,0.0,0.0,0.0,0.0,0.0,0.0,0.0,0.0,1.0,0.0,0,0,0,0,0,1,0,0,0,1,1,0,0,0,0,0,0,0.832214765100671,-0.1423667755820058,0.09241934705470987,-0.7496097847521995,-0.03656705672767457,-0.05962431082057667,-0.32192809488736235
-0.896551724137931,0,0.0,0,0,0,0,1,0,0,0,1,0,0,0,0,1,0.0,0.0,0.0,0.0,1.0,0.0,0.0,0.0,0.0,0.0,0.0,0.0,0,1,0,1,1,1,0,0,0,0,0,1,0,0,0,0,0,-0.1476510067114094,-0.9843993825527586,-0.29189205197948376,-0.2153165603828081,-0.9320941296030667,-0.9231819725908447,0.26303440583379395
-0.10344827586206896,1,0.0,1,0,0,1,0,0,0,0,1,0,0,0,0,1,0.0,0.0,0.0,0.0,0.0,0.0,0.0,1.0,0.0,0.0,0.0,0.0,0,0,0,1,0,0,0,1,0,0,1,0,0,0,0,0,0,-0.11409395973154363,-0.6488378252524297,0.32343322280347275,0.5402881638044359,-0.17839578835790348,-0.31255449400748914,1.0000000000000007
-0.13793103448275862,0,0.20000000000001705,1,0,0,0,1,0,1,0,0,1,0,0,0,0,0.0,0.0,0.0,0.0,1.0,0.0,0.0,0.0,0.0,0.0,0.0,0.0,0,0,0,1,0,0,0,0,0,1,0,0,0,0,1,0,0,-0.06040268456375844,-0.3770106859614246,-0.5845553830655271,-0.45971183619556405,-0.4843305931653706,-0.5234324523010943,-0.32192809488736235
0.2413793103448276,0,0.10000000000002274,1,0,1,0,0,1,0,0,0,0,0,0,1,0,0.0,0.0,0.0,1.0,0.0,0.0,0.0,0.0,0.0,0.0,0.0,0.0,0,0,0,1,0,0,1,0,0,0,0,0,0,0,1,0,0,-0.2348993288590604,0.28220010263027784,-0.017789210757413302,1.249099671807958,1.0024654529668053,1.3263342348286624,1.0000000000000007
-0.3448275862068966,0,0.9000000000000057,1,0,0,1,0,1,0,0,0,0,0,0,1,0,0.0,0.0,0.0,0.0,0.0,0.0,0.0,0.0,1.0,0.0,0.0,0.0,0,0,0,0,1,0,0,0,0,0,0,0,0,0,0,0,0,-0.14093959731543623,0.0038958916091473756,-0.2698071766372397,-0.45971183619556405,-0.09440525778300253,-0.12368293201134385,-0.32192809488736235
-0.06896551724137931,0,0.4000000000000057,1,0,0,1,0,1,0,0,0,0,0,0,1,0,0.0,0.0,0.0,0.0,0.0,0.0,0.0,0.0,0.0,1.0,0.0,0.0,0,1,0,1,0,0,0,0,0,1,0,0,0,0,0,0,0,0.7651006711409396,-0.19565860874771165,0.4775477295779049,0.8447917637013288,0.48385849871184977,0.44222257845083546,0.0
-0.3793103448275862,0,0.20000000000001705,1,0,0,1,0,1,0,0,0,0,0,0,1,0,0.0,0.0,1.0,0.0,0.0,0.0,0.0,0.0,0.0,0.0,0.0,0.0,0,0,0,0,0,1,1,0,0,0,1,0,0,0,0,0,0,-0.1476510067114094,0.2695284153278356,-0.48207711310457785,-0.7496097847521995,0.5188255573243372,0.908700463159222,-0.736965594166206
0.41379310344827586,0,0.4000000000000057,1,0,0,1,0,1,0,0,0,0,0,0,0,1,0.0,0.0,1.0,0.0,0.0,0.0,0.0,0.0,0.0,0.0,0.0,0.0,0,0,0,1,0,0,0,0,0,0,0,0,0,0,0,0,0,-0.06040268456375844,0.4526029109647665,-0.3467709106205867,-0.2153165603828081,-0.6154774966199021,-0.5234324523010943,-0.32192809488736235
-0.1724137931034483,0,0.4000000000000057,1,0,0,1,0,1,0,0,0,0,0,0,1,0,1.0,0.0,0.0,0.0,0.0,0.0,0.0,0.0,0.0,0.0,0.0,0.0,0,0,0,1,0,0,0,0,0,1,0,0,1,0,0,0,0,-0.20805369127516776,0.24445189556535332,-0.4196493511307442,0.5402881638044359,-0.5664967330375806,-0.46159098629542233,-0.736965594166206
-0.7241379310344828,0,0.8000000000000114,1,0,1,0,0,1,0,0,0,0,0,0,1,0,0.0,0.0,0.0,0.0,1.0,0.0,0.0,0.0,0.0,0.0,0.0,0.0,0,0,0,0,0,0,1,0,0,0,0,0,0,0,0,0,0,0.2885906040268456,0.23046605643733897,0.09903964120625659,0.6967790260802048,0.8958928532243638,1.1794650380972311,-0.32192809488736235
0.4827586206896552,1,0.0,1,0,0,1,0,1,0,0,0,0,0,0,1,0,0.0,1.0,0.0,0.0,0.0,0.0,0.0,0.0,0.0,0.0,0.0,0.0,0,0,0,1,0,0,0,0,0,1,0,0,0,0,1,0,0,1.0805369127516775,0.5911867821606773,0.5115546786521002,0.0,1.1116574481903712,1.3263342348286624,0.0
1.2758620689655173,0,0.6000000000000227,1,0,0,1,0,1,0,0,0,0,0,0,1,0,0.0,0.0,0.0,0.0,1.0,0.0,0.0,0.0,0.0,0.0,0.0,0.0,0,0,0,0,1,1,0,0,0,0,1,0,0,0,0,0,0,-0.05369127516778523,1.092527481796405,0.031466324623213346,0.9160197607056829,-0.6735777313074641,-0.5967878560467649,-1.3219280948873624
0.8620689655172413,0,0.30000000000001137,1,0,1,0,0,0,0,1,0,0,0,1,0,0,0.0,0.0,1.0,0.0,0.0,0.0,0.0,0.0,0.0,0.0,0.0,0.0,0,0,0,0,1,0,0,0,0,0,0,0,1,0,0,0,0,-0.18791946308724833,-0.7744205519388448,-0.3849925268983476,-0.5973579848037531,-0.41506133301186154,-0.46159098629542233,0.0
0.13793103448275862,0,1.0,1,0,1,0,0,1,0,0,0,0,0,0,1,0,0.0,0.0,0.0,0.0,0.0,0.0,1.0,0.0,0.0,0.0,0.0,0.0,1,0,0,0,0,1,0,0,0,0,0,1,0,0,0,0,0,0.48993288590604017,1.77031398191854,0.9512083702151871,0.8447917637013288,0.03518566168186925,0.10896685056689351,-0.736965594166206
0.5517241379310345,0,0.0,1,0,1,0,0,1,0,0,0,0,0,0,1,0,0.0,0.0,0.0,0.0,0.0,0.0,0.0,1.0,0.0,0.0,0.0,0.0,0,0,0,1,0,0,0,1,0,0,0,0,0,0,0,0,0,0.7651006711409396,0.28979879702107436,0.4158281235562353,-0.45971183619556405,-0.9320941296030667,-0.9231819725908447,-1.3219280948873624
-0.4482758620689655,1,0.20000000000001705,1,0,1,0,0,1,0,0,0,0,0,0,1,0,0.0,0.0,1.0,0.0,0.0,0.0,0.0,0.0,0.0,0.0,0.0,0.0,0,1,0,1,0,0,0,0,0,0,0,0,0,0,0,0,0,1.0805369127516775,-0.5244912626970895,0.32917288436683706,-0.45971183619556405,-0.9320941296030667,-0.9231819725908447,-0.736965594166206
0.7586206896551724,1,0.10000000000002274,1,0,1,0,0,1,0,0,0,0,0,0,1,0,0.0,0.0,0.0,0.0,0.0,0.0,0.0,0.0,0.0,0.0,0.0,1.0,1,0,0,0,0,1,0,0,0,0,0,1,0,0,0,0,0,-0.13422818791946312,1.9250767901935124,-0.21013542552550818,0.45836890322464535,-0.44845423396059875,-0.31255449400748914,-1.3219280948873624
0.10344827586206896,0,0.0,1,0,0,1,0,1,0,0,0,0,0,0,1,0,0.0,0.0,1.0,0.0,0.0,0.0,0.0,0.0,0.0,0.0,0.0,0.0,0,0,0,0,0,1,0,0,0,1,1,0,0,0,0,0,0,0.34228187919463077,0.7471579483595442,0.05206693856714238,-0.5973579848037531,1.0024654529668053,0.908700463159222,0.26303440583379395
1.7241379310344827,0,0.10000000000002274,1,0,0,1,0,1,0,0,0,0,0,0,1,0,0.0,0.0,0.0,0.0,0.0,0.0,0.0,0.0,0.0,0.0,0.0,1.0,0,0,0,1,0,0,0,1,0,0,0,0,0,0,0,0,0,1.0805369127516775,0.6790059874634764,0.6516342623161536,0.8447917637013288,0.03518566168186925,-0.157719918514846,0.6780719051126377
-0.41379310344827586,1,0.4000000000000057,1,0,1,0,0,1,0,0,0,0,0,0,1,0,1.0,0.0,0.0,0.0,0.0,0.0,0.0,0.0,0.0,0.0,0.0,0.0,0,0,0,0,1,0,0,0,0,1,0,0,1,0,0,0,0,-0.28187919463087246,-0.2901808813948775,-0.5725472354135114,0.6967790260802048,0.7631112597443181,1.0215354196458677,-0.736965594166206
0.034482758620689655,1,0.30000000000001137,1,0,1,0,0,1,0,0,0,0,0,0,1,0,0.0,0.0,0.0,0.0,0.0,0.0,0.0,0.0,1.0,0.0,0.0,0.0,0,0,0,0,0,1,0,0,0,0,0,1,0,0,0,0,0,0.48993288590604017,1.3693985930290964,0.6612769579338184,0.19466105017012347,1.0024654529668053,1.0215354196458677,0.4854268271702419
-0.3793103448275862,0,0.5,1,0,0,1,0,1,0,0,0,0,0,0,1,0,0.0,0.0,0.0,0.0,0.0,0.0,0.0,0.0,0.0,1.0,0.0,0.0,0,0,0,1,0,0,1,0,0,0,0,0,0,0,1,0,0,-0.13422818791946312,-1.5650607103623757,-0.5785295544920406,0.0,-0.9320941296030667,-0.9231819725908447,-1.3219280948873624
-0.10344827586206896,0,0.0,1,1,0,0,0,1,0,0,0,1,0,0,0,0,0.0,0.0,0.0,0.0,0.0,0.0,1.0,0.0,0.0,0.0,0.0,0.0,1,1,1,0,0,0,0,0,0,0,0,0,0,0,0,1,0,-0.16778523489932887,0.9301526200803845,-0.2142986887887563,0.3736703603919092,-0.2241178154456085,-0.23079549314771128,0.26303440583379395
0.8620689655172413,0,0.10000000000002274,0,0,0,0,1,0,0,1,0,0,0,1,0,0,0.0,0.0,0.0,0.0,0.0,0.0,0.0,0.0,1.0,0.0,0.0,0.0,0,0,0,1,0,0,0,0,0,1,0,0,0,0,0,0,0,-0.3422818791946308,1.0438253415430119,-0.7683932619758896,-0.2153165603828081,-0.5664967330375806,-0.5967878560467649,-0.736965594166206
-0.10344827586206896,1,0.4000000000000057,1,0,1,0,0,1,0,0,0,0,0,0,1,0,0.0,0.0,0.0,0.0,0.0,0.0,0.0,1.0,0.0,0.0,0.0,0.0,0,0,0,0,1,0,0,0,0,0,0,0,1,0,0,0,0,1.0805369127516775,0.24445189556535332,0.5576697287737643,0.285888863509545,0.1019714635793437,-0.05962431082057667,0.6780719051126377
0.6896551724137931,0,0.4000000000000057,1,0,0,1,0,1,0,0,0,0,0,0,1,0,0.0,0.0,0.0,0.0,0.0,0.0,0.0,0.0,0.0,0.0,0.0,1.0,0,0,0,1,0,0,0,1,0,0,0,0,0,0,0,0,0,0.7651006711409396,0.6199041584355774,0.2619755163353987,-0.9224233415693557,0.6615079760474513,0.908700463159222,0.26303440583379395
1.1724137931034482,1,0.10000000000002274,1,0,0,1,0,0,0,0,1,0,0,0,0,1,0.0,0.0,0.0,0.0,0.0,1.0,0.0,0.0,0.0,0.0,0.0,0.0,0,0,0,1,0,0,0,0,0,1,0,0,0,0,1,0,0,1.0805369127516775,-0.2833776388899052,0.5193171837154211,0.9855710999281423,-0.20089933647209446,-0.05962431082057667,-0.32192809488736235
0.4482758620689655,0,0.6000000000000227,1,0,0,1,0,1,0,0,0,0,0,0,1,0,0.0,0.0,0.0,0.0,0.0,0.0,1.0,0.0,0.0,0.0,0.0,0.0,0,1,0,1,0,0,0,0,0,0,0,0,0,0,0,0,0,-0.44295302013422816,-0.26839173920312964,-1.4070699871624215,-2.039507733308835,-0.09440525778300253,-0.3578507794449409,1.1375035237499354
-0.2413793103448276,0,0.700000000000017,1,0,1,0,0,1,0,0,0,0,0,0,1,0,0.0,0.0,1.0,0.0,0.0,0.0,0.0,0.0,0.0,0.0,0.0,0.0,0,1,0,0,0,1,0,0,0,0,0,1,0,0,0,0,0,0.48993288590604017,0.890491972393633,0.2708930090318166,-0.45971183619556405,0.7432836140370617,1.0215354196458677,-0.32192809488736235
-0.5172413793103449,0,0.10000000000002274,1,0,0,1,0,1,0,0,0,0,0,0,1,0,0.0,0.0,0.0,0.0,0.0,0.0,0.0,0.0,0.0,1.0,0.0,0.0,0,0,0,0,0,0,1,0,0,0,0,0,0,0,0,0,0,-0.44295302013422816,-0.21593302785468077,-1.4070699871624215,-0.9224233415693557,0.8682642561370995,1.3263342348286624,-0.736965594166206
-0.20689655172413793,0,0.10000000000002274,1,0,0,1,0,0,1,0,0,1,0,0,0,0,0.0,0.0,0.0,0.0,0.0,0.0,0.0,0.0,0.0,0.0,0.0,1.0,0,0,0,1,0,0,0,0,0,1,0,0,1,0,0,0,0,0.34228187919463077,-0.44086817576081905,0.4076229891315837,0.9160197607056829,0.2804552591354187,0.23079549314771114,0.6780719051126377
0.034482758620689655,0,0.10000000000002274,1,0,0,1,0,1,0,0,0,0,0,0,1,0,0.0,0.0,1.0,0.0,0.0,0.0,0.0,0.0,0.0,0.0,0.0,0.0,0,0,0,1,0,0,1,0,0,0,0,0,0,0,0,0,1,1.0805369127516775,0.49366379898567125,0.8344099216389661,0.6967790260802048,0.5302954566588778,0.8495918482279355,-0.32192809488736235
-0.4827586206896552,0,0.6000000000000227,1,0,0,1,0,1,0,0,0,0,0,0,1,0,0.0,0.0,0.0,0.0,0.0,1.0,0.0,0.0,0.0,0.0,0.0,0.0,0,0,0,0,1,0,1,0,0,0,0,0,0,0,0,0,0,0.34228187919463077,-0.4581993546209249,0.02453357915470486,0.285888863509545,-0.6154774966199021,-0.5234324523010943,-0.736965594166206
0.0,0,0.20000000000001705,1,0,1,0,0,0,0,0,1,0,0,0,0,1,0.0,0.0,0.0,0.0,0.0,0.0,0.0,0.0,1.0,0.0,0.0,0.0,1,0,0,1,0,1,0,0,0,0,0,0,0,0,0,0,0,-0.3624161073825503,-0.01784020083750171,-0.9838897145774169,-0.7496097847521995,-0.6735777313074641,-0.5967878560467649,0.0
0.0,0,0.9000000000000057,1,0,0,1,0,1,0,0,0,0,0,0,1,0,0.0,0.0,0.0,1.0,0.0,0.0,0.0,0.0,0.0,0.0,0.0,0.0,0,0,0,0,0,1,0,0,0,1,1,0,0,0,0,0,0,0.48993288590604017,-0.05151090783188153,0.9575280198414086,0.6967790260802048,-0.05542236995815684,0.0560003770413949,0.0
0.6896551724137931,0,0.6000000000000227,1,0,0,1,0,1,0,0,0,0,0,0,1,0,0.0,0.0,0.0,0.0,0.0,0.0,0.0,0.0,0.0,0.0,0.0,1.0,1,0,0,0,0,1,0,0,0,1,0,0,0,0,0,0,0,0.48993288590604017,1.1784687757762116,0.4749063579690922,0.285888863509545,0.0,0.0560003770413949,-0.32192809488736235
0.5172413793103449,1,0.10000000000002274,0,0,0,0,1,0,0,0,1,0,0,1,0,0,0.0,0.0,0.0,1.0,0.0,0.0,0.0,0.0,0.0,0.0,0.0,0.0,0,0,0,1,0,1,0,0,0,0,0,0,0,0,0,0,0,-0.4161073825503355,-0.3438954840232807,-1.207580893556269,-0.9224233415693557,-0.6735777313074641,-0.5967878560467649,-1.3219280948873624
0.06896551724137931,1,0.20000000000001705,1,1,0,0,0,1,0,0,0,0,0,0,1,0,0.0,0.0,0.0,0.0,0.0,0.0,0.0,0.0,0.0,0.0,1.0,0.0,0,0,0,1,0,0,0,0,0,0,0,0,0,0,0,1,0,-0.08053691275167789,0.13947265908383377,-0.2698071766372399,0.09954602329692071,1.1521317056178897,1.1794650380972311,0.26303440583379395
0.0,1,0.10000000000002274,1,0,1,0,0,1,0,0,0,0,0,0,1,0,0.0,0.0,0.0,0.0,0.0,0.0,0.0,0.0,0.0,0.0,1.0,0.0,0,0,0,1,0,0,1,0,0,0,0,0,0,0,0,0,0,-0.08053691275167789,0.06072151084357035,-0.23533687030549652,-0.5973579848037531,0.9320941296030667,1.3263342348286624,-0.736965594166206
0.034482758620689655,0,0.4000000000000057,1,1,0,0,0,1,0,0,0,0,0,0,1,0,0.0,0.0,1.0,0.0,0.0,0.0,0.0,0.0,0.0,0.0,0.0,0.0,1,1,0,0,0,0,0,0,0,0,0,0,0,0,0,1,0,-0.03355704697986583,1.7027670958628978,-0.261092391640791,-0.2153165603828081,-0.018100638189351426,0.1344558448132036,0.0
1.2758620689655173,0,0.6000000000000227,1,0,0,1,0,1,0,0,0,0,0,0,1,0,0.0,0.0,0.0,0.0,0.0,0.0,0.0,0.0,0.0,0.0,0.0,1.0,1,0,0,0,0,1,0,0,0,0,0,1,0,0,0,0,0,0.395973154362416,1.7538786931534045,0.2105147321824801,0.6196850107744367,0.6823402603061349,0.908700463159222,-0.32192809488736235
-0.10344827586206896,1,1.0,1,1,0,0,0,1,0,0,0,0,0,0,1,0,0.0,0.0,0.0,0.0,1.0,0.0,0.0,0.0,0.0,0.0,0.0,0.0,0,0,0,0,0,0,1,0,0,0,0,1,0,0,0,1,0,-0.08053691275167789,1.039001014962639,0.05547216356160948,0.6196850107744367,-0.03656705672767457,0.1344558448132036,-0.736965594166206
-0.4827586206896552,0,0.5,1,0,0,1,0,1,0,0,0,0,0,0,1,0,0.0,0.0,0.0,0.0,0.0,0.0,0.0,0.0,1.0,0.0,0.0,0.0,0,0,0,1,0,0,0,1,0,1,0,0,0,0,0,0,0,-0.3758389261744966,-0.3952681665457545,-0.9958126851139742,-1.1274121468458216,0.0,-0.09103698790077436,0.26303440583379395
1.3103448275862069,1,0.5,0,0,0,0,1,0,0,0,1,0,0,0,0,1,0.0,0.0,0.0,0.0,0.0,0.0,0.0,1.0,0.0,0.0,0.0,0.0,0,0,0,1,0,1,0,1,0,0,0,0,0,0,0,0,1,-0.44295302013422816,1.0350602469122048,-1.4070699871624215,-1.1274121468458216,0.17982694289849213,-0.029314871250031297,0.4854268271702419
0.9655172413793104,1,0.30000000000001137,1,0,0,1,0,0,0,1,0,0,0,1,0,0,0.0,0.0,0.0,0.0,0.0,0.0,0.0,0.0,0.0,1.0,0.0,0.0,0,0,0,0,0,0,1,0,0,1,1,0,1,0,0,0,0,-0.24832214765100669,-0.5755393626053553,-0.8086027063439648,-0.5973579848037531,-0.41506133301186154,-0.2703937395026851,-0.736965594166206
0.13793103448275862,1,0.9000000000000057,1,0,0,1,0,1,0,0,0,0,0,0,1,0,0.0,0.0,0.0,0.0,0.0,1.0,0.0,0.0,0.0,0.0,0.0,0.0,0,0,0,0,0,1,1,0,0,0,1,0,0,0,0,0,0,0.832214765100671,1.0596515025326156,0.4854497253115001,0.45836890322464535,0.733281269455903,1.0215354196458677,0.0
0.2413793103448276,1,0.10000000000002274,1,0,0,0,1,0,0,0,1,0,0,0,0,1,0.0,0.0,0.0,0.0,0.0,0.0,1.0,0.0,0.0,0.0,0.0,0.0,1,0,0,0,1,1,0,0,0,1,0,0,0,0,0,0,0,-0.20134228187919465,-0.2874231425856383,-0.11808637166111347,0.0,-0.2481240298807802,-0.2703937395026851,0.26303440583379395
1.0,0,0.30000000000001137,0,0,0,0,1,0,0,1,0,0,0,1,0,0,0.0,1.0,0.0,0.0,0.0,0.0,0.0,0.0,0.0,0.0,0.0,0.0,0,0,0,1,0,0,1,0,0,0,0,0,0,0,0,0,0,0.7651006711409396,-0.23265087832399695,0.5063621801845122,0.0,0.713094154941621,1.0215354196458677,0.4854268271702419
-0.41379310344827586,1,0.4000000000000057,0,0,0,0,1,0,1,0,0,1,0,0,0,0,1.0,0.0,0.0,0.0,0.0,0.0,0.0,0.0,0.0,0.0,0.0,0.0,0,0,0,0,0,0,1,0,0,0,0,0,0,0,0,0,0,-0.2751677852348994,0.07245925650971037,-0.7530012533668862,-1.1274121468458216,-0.27300404985656557,-0.09103698790077436,-0.32192809488736235
-0.5517241379310345,0,0.5,1,0,1,0,0,1,0,0,0,0,0,0,1,0,1.0,0.0,0.0,0.0,0.0,0.0,0.0,0.0,0.0,0.0,0.0,0.0,1,0,0,0,1,1,0,0,0,0,0,1,0,0,0,0,0,-0.13422818791946312,0.6844643185362139,0.014071049906405514,0.9160197607056829,0.9587903084426829,0.9375507803116744,-0.32192809488736235
-0.4482758620689655,0,0.8000000000000114,1,0,1,0,0,1,0,0,0,0,0,0,1,0,0.0,1.0,0.0,0.0,0.0,0.0,0.0,0.0,0.0,0.0,0.0,0.0,0,0,0,1,0,0,1,0,0,0,0,0,0,0,0,0,0,0.7651006711409396,0.20786040718430487,0.38555903225994265,0.9855710999281423,-0.44845423396059875,-0.4071075610119756,0.0
-0.6551724137931034,0,0.4000000000000057,1,1,0,0,0,0,0,0,1,0,0,0,0,1,0.0,0.0,0.0,0.0,0.0,0.0,1.0,0.0,0.0,0.0,0.0,0.0,1,1,1,0,0,0,1,0,0,0,0,0,0,0,1,1,0,0.0,0.11575675093546399,0.017567097100799733,0.45836890322464535,-0.41506133301186154,-0.46159098629542233,0.26303440583379395
-0.41379310344827586,0,0.6000000000000227,1,0,0,1,0,1,0,0,0,0,0,0,1,0,0.0,0.0,0.0,0.0,0.0,0.0,1.0,0.0,0.0,0.0,0.0,0.0,0,0,0,0,0,1,0,0,0,1,1,0,1,0,0,0,0,0.7651006711409396,-0.07006469201981451,0.14779361840531544,-0.5973579848037531,0.9587903084426829,1.1794650380972311,0.4854268271702419
1.3448275862068966,1,0.20000000000001705,0,0,0,0,1,0,0,1,0,0,0,1,0,0,0.0,0.0,0.0,0.0,0.0,0.0,0.0,0.0,0.0,1.0,0.0,0.0,0,0,0,1,0,0,0,0,0,0,0,0,0,1,0,0,0,-0.05369127516778523,-1.3433320717603667,-0.19773162727640384,-0.33313313904221287,-0.35403388971568844,-0.31255449400748914,-0.736965594166206
0.034482758620689655,1,0.700000000000017,1,0,0,1,0,1,0,0,0,0,0,0,1,0,0.0,0.0,0.0,0.0,0.0,0.0,0.0,0.0,0.0,0.0,1.0,0.0,0,1,0,0,0,1,1,0,0,1,0,0,0,0,0,0,0,0.48993288590604017,0.04127018094898012,0.22276933704285976,0.0,0.8958928532243638,1.3263342348286624,-0.32192809488736235
-0.13793103448275862,0,0.0,1,0,0,1,0,1,0,0,0,0,0,0,1,0,1.0,0.0,0.0,0.0,0.0,0.0,0.0,0.0,0.0,0.0,0.0,0.0,1,0,0,0,0,0,1,0,0,0,0,0,0,0,0,0,0,1.0805369127516775,0.8812153161362472,0.15736210013633894,-0.33313313904221287,0.9140822264296563,1.1794650380972311,0.26303440583379395
-0.13793103448275862,1,0.10000000000002274,1,0,1,0,0,1,0,0,0,0,0,0,1,0,0.0,0.0,0.0,0.0,0.0,0.0,1.0,0.0,0.0,0.0,0.0,0.0,1,0,0,0,0,1,1,0,0,0,1,0,0,0,0,0,0,-0.2684563758389262,0.4355959394415166,-0.7305695567266767,-0.45971183619556405,0.8867299535046614,1.1794650380972311,1.485426827170242
0.034482758620689655,0,0.6000000000000227,1,1,0,0,0,1,0,0,0,0,0,0,1,0,0.0,0.0,0.0,0.0,0.0,0.0,0.0,0.0,0.0,0.0,0.0,1.0,0,0,0,1,0,0,0,0,0,0,0,0,0,0,0,1,0,0.7651006711409396,0.2101899370425801,0.7158726643189657,-0.45971183619556405,0.8212493896867531,1.1794650380972311,-0.32192809488736235
0.6206896551724138,0,0.6000000000000227,1,1,0,0,0,0,1,0,0,1,0,0,0,0,0.0,0.0,0.0,0.0,0.0,0.0,0.0,0.0,1.0,0.0,0.0,0.0,0,0,0,1,0,0,0,0,0,1,0,0,1,0,0,0,0,-0.36912751677852346,-0.23569735939461425,-0.928711945325688,-0.33313313904221287,-0.9320941296030667,-0.9231819725908447,-0.736965594166206
1.0,0,0.10000000000002274,0,0,0,0,1,0,0,1,0,0,0,1,0,0,0.0,0.0,0.0,0.0,0.0,1.0,0.0,0.0,0.0,0.0,0.0,0.0,0,0,0,0,0,0,1,0,0,0,0,0,0,0,1,0,0,-0.44295302013422816,-0.08121703126288814,-1.4070699871624215,-2.039507733308835,-0.9320941296030667,-0.9231819725908447,-2.3219280948873626
0.9655172413793104,0,0.9000000000000057,1,0,1,0,0,1,0,0,0,0,1,0,0,0,1.0,0.0,0.0,0.0,0.0,0.0,0.0,0.0,0.0,0.0,0.0,0.0,1,0,0,0,0,1,1,0,0,0,0,0,0,0,0,0,0,0.395973154362416,1.6626722632579636,0.22276933704285976,0.6967790260802048,-0.325819435233824,-0.4071075610119756,-0.32192809488736235
0.5862068965517241,1,0.10000000000002274,1,0,0,1,0,1,0,0,0,0,0,0,1,0,0.0,0.0,0.0,0.0,0.0,0.0,0.0,0.0,0.0,1.0,0.0,0.0,0,0,0,1,0,0,0,0,0,1,1,0,0,0,0,0,0,-0.2885906040268456,0.6479907523467985,-0.42470012919432854,0.45836890322464535,0.8682642561370995,0.908700463159222,0.0
1.4827586206896552,0,1.0,1,0,0,1,0,0,0,0,1,0,0,1,0,0,0.0,0.0,0.0,1.0,0.0,0.0,0.0,0.0,0.0,0.0,0.0,0.0,0,0,0,0,0,1,0,0,0,1,1,0,0,0,0,0,0,-0.3087248322147651,-0.4594484692128047,-0.745439513902728,-0.7496097847521995,-0.6154774966199021,-0.5234324523010943,-0.736965594166206
0.034482758620689655,1,0.4000000000000057,1,0,1,0,0,0,0,0,1,0,0,0,0,1,0.0,0.0,0.0,0.0,0.0,0.0,1.0,0.0,0.0,0.0,0.0,0.0,0,1,1,1,0,0,0,0,0,0,0,0,0,0,1,0,0,-0.22818791946308725,-0.1912830804733348,-0.050397475413199555,0.7717596693105655,-0.05542236995815684,-0.12368293201134385,0.6780719051126377
0.41379310344827586,0,0.4000000000000057,0,0,0,0,1,0,1,0,0,1,0,0,0,0,0.0,1.0,0.0,0.0,0.0,0.0,0.0,0.0,0.0,0.0,0.0,0.0,0,0,0,1,0,0,1,0,0,0,0,0,0,0,0,0,0,-0.2684563758389262,-0.7936280293710593,-0.8984705966390675,-1.3945587590305173,0.17982694289849235,0.23079549314771114,0.0
-0.1724137931034483,0,0.700000000000017,0,0,0,0,1,0,1,0,0,1,0,0,0,0,0.0,0.0,0.0,0.0,0.0,0.0,0.0,0.0,0.0,1.0,0.0,0.0,0,0,0,1,0,0,0,0,0,1,1,0,0,0,0,0,0,-0.28187919463087246,-0.023965150355481222,-0.6540151729780824,-0.33313313904221287,0.4235773000444688,0.20748041370096285,0.26303440583379395
0.9310344827586207,1,0.10000000000002274,0,0,0,0,1,0,0,0,1,0,0,0,0,1,0.0,0.0,0.0,1.0,0.0,0.0,0.0,0.0,0.0,0.0,0.0,0.0,0,0,0,0,0,1,0,0,0,0,0,0,0,0,0,0,0,-0.44295302013422816,-0.21112416233756554,-1.4070699871624215,-2.039507733308835,-0.6735777313074641,-0.5967878560467649,0.0
0.4482758620689655,0,0.0,1,0,0,1,0,1,0,0,0,0,0,0,1,0,0.0,0.0,0.0,0.0,0.0,0.0,0.0,0.0,0.0,1.0,0.0,0.0,0,0,0,1,0,0,0,0,0,0,0,0,0,0,0,0,0,0.22818791946308717,0.0,-0.010646331919355868,0.09954602329692071,-0.3836980347548376,-0.3578507794449409,-0.32192809488736235
-0.4827586206896552,1,0.0,1,0,1,0,0,0,1,0,0,1,0,0,0,0,0.0,0.0,0.0,0.0,0.0,1.0,0.0,0.0,0.0,0.0,0.0,0.0,0,0,0,1,0,0,0,0,0,0,0,0,0,0,0,0,0,0.2885906040268456,-0.9731365192596315,0.1381658874108588,0.5402881638044359,-0.325819435233824,-0.31255449400748914,0.26303440583379395
1.5862068965517242,0,0.700000000000017,0,0,0,0,1,0,0,0,1,0,0,1,0,0,0.0,0.0,0.0,0.0,0.0,0.0,1.0,0.0,0.0,0.0,0.0,0.0,0,0,0,1,0,0,0,1,0,0,0,0,0,0,0,0,0,0.7651006711409396,-0.40814385594097763,-0.06885646494289624,-1.3945587590305173,-0.6735777313074641,-0.5967878560467649,-0.736965594166206
-0.7586206896551724,1,0.20000000000001705,1,0,1,0,0,1,0,0,0,0,0,0,1,0,0.0,0.0,0.0,0.0,1.0,0.0,0.0,0.0,0.0,0.0,0.0,0.0,0,0,0,0,1,0,0,0,0,1,0,0,0,0,0,0,0,-0.28187919463087246,-0.4858382077816814,-0.5906256845087011,-0.33313313904221287,-0.09440525778300253,-0.09103698790077436,0.8479969065549505
-0.3793103448275862,1,0.0,1,0,1,0,0,1,0,0,0,0,0,0,1,0,0.0,0.0,0.0,0.0,0.0,0.0,0.0,0.0,1.0,0.0,0.0,0.0,0,0,0,1,0,0,0,0,0,1,0,0,0,0,0,0,0,-0.1476510067114094,-0.11543157810038991,-0.3420896557325782,0.6196850107744367,-0.09440525778300253,0.08283225866466219,-0.736965594166206
2.0344827586206895,0,1.0,1,0,0,0,1,0,0,1,0,0,0,1,0,0,0.0,0.0,0.0,0.0,0.0,0.0,0.0,1.0,0.0,0.0,0.0,0.0,0,0,0,0,0,1,0,0,0,1,0,0,0,0,0,0,0,-0.44295302013422816,0.49433737140684947,-1.4070699871624215,-2.039507733308835,-0.3836980347548376,-0.23079549314771128,-1.3219280948873624
-0.3103448275862069,0,0.20000000000001705,1,0,0,1,0,1,0,0,0,0,0,0,1,0,0.0,0.0,0.0,0.0,0.0,0.0,0.0,1.0,0.0,0.0,0.0,0.0,0,0,0,1,0,0,0,0,0,1,1,0,0,0,0,0,0,0.06711409395973149,-0.8526621923315478,0.3090000832652137,0.8447917637013288,-0.6154774966199021,-0.5234324523010943,-0.736965594166206
-0.8620689655172413,1,0.10000000000002274,1,0,1,0,0,1,0,0,0,0,0,0,1,0,0.0,0.0,0.0,0.0,0.0,1.0,0.0,0.0,0.0,0.0,0.0,0.0,0,0,0,1,1,0,0,0,0,1,0,0,0,0,0,0,0,-0.16778523489932887,0.06072151084357035,-0.23533687030549674,1.311745441909603,0.6509890353127565,1.0215354196458677,-0.32192809488736235
0.2413793103448276,0,0.4000000000000057,1,0,0,1,0,1,0,0,0,0,0,0,1,0,0.0,0.0,0.0,0.0,0.0,1.0,0.0,0.0,0.0,0.0,0.0,0.0,1,0,0,0,0,1,0,0,0,1,0,0,0,0,0,0,0,-0.06040268456375844,0.4339732096279328,-0.16126099688969012,0.0,0.334372402329592,0.2760665882784065,0.6780719051126377
0.2413793103448276,1,0.30000000000001137,1,0,0,0,1,0,0,0,1,0,0,0,0,1,0.0,0.0,0.0,0.0,0.0,0.0,0.0,1.0,0.0,0.0,0.0,0.0,0,0,0,1,0,0,0,0,0,0,1,0,0,0,0,0,0,0.7651006711409396,-0.7251396643182507,0.3772147091302788,-0.10466081047388179,-0.05542236995815684,-0.2703937395026851,0.4854268271702419
0.27586206896551724,0,0.20000000000001705,1,0,0,1,0,1,0,0,0,0,1,0,0,0,0.0,0.0,0.0,0.0,0.0,0.0,0.0,1.0,0.0,0.0,0.0,0.0,0,0,0,0,1,0,0,0,0,1,1,0,1,0,0,0,0,1.0805369127516775,0.47988007854388737,0.4880764020960248,0.45836890322464535,1.1360370567617541,1.3263342348286624,0.0
0.5517241379310345,0,0.0,1,0,1,0,0,1,0,0,0,0,0,0,1,0,0.0,1.0,0.0,0.0,0.0,0.0,0.0,0.0,0.0,0.0,0.0,0.0,0,1,0,0,0,1,0,0,0,0,0,1,0,0,0,0,0,0.2885906040268456,1.809990103822616,-0.261092391640791,-0.5973579848037531,0.9410351317817048,0.908700463159222,0.0
-0.9655172413793104,1,0.0,1,0,1,0,0,1,0,0,0,0,0,0,1,0,1.0,0.0,0.0,0.0,0.0,0.0,0.0,0.0,0.0,0.0,0.0,0.0,0,0,0,0,1,0,0,0,0,1,0,1,0,0,0,0,0,-0.19463087248322147,-0.6704290826336662,-0.6280401728202402,-0.33313313904221287,1.1760433005670086,1.1794650380972311,0.0
-0.06896551724137931,0,0.20000000000001705,1,0,0,1,0,1,0,0,0,0,0,0,1,0,0.0,0.0,0.0,0.0,0.0,0.0,0.0,0.0,0.0,1.0,0.0,0.0,0,0,0,1,0,0,0,0,0,0,0,0,0,0,0,0,1,1.0805369127516775,0.13947265908383377,0.4880764020960246,-0.45971183619556405,0.03518566168186925,0.0,-0.32192809488736235
-0.5862068965517241,0,1.0,1,0,0,1,0,1,0,0,0,0,0,0,1,0,0.0,0.0,0.0,0.0,0.0,0.0,0.0,0.0,0.0,1.0,0.0,0.0,0,0,0,0,1,0,0,0,0,1,0,0,1,0,0,0,0,0.34228187919463077,-1.12612477699565,-0.028572924475072477,0.0,-0.35403388971568844,-0.2703937395026851,-0.736965594166206
0.3448275862068966,1,0.4000000000000057,1,0,0,1,0,1,0,0,0,0,0,0,1,0,0.0,0.0,0.0,0.0,1.0,0.0,0.0,0.0,0.0,0.0,0.0,0.0,0,0,0,1,0,0,0,0,0,0,0,0,0,1,0,0,0,0.7651006711409396,0.5401859088449047,1.0905302780578365,0.5402881638044359,0.6403997314170754,0.8495918482279355,0.26303440583379395
0.9310344827586207,1,0.0,1,0,1,0,0,1,0,0,0,0,0,0,1,0,0.0,0.0,0.0,0.0,0.0,0.0,0.0,0.0,0.0,0.0,0.0,1.0,1,0,0,0,0,1,0,0,0,0,0,1,0,0,0,0,0,-0.348993288590604,2.1494317641036136,-0.8428296237157488,-0.7496097847521995,-0.2988608636367374,-0.31255449400748914,-0.736965594166206
0.06896551724137931,0,0.8000000000000114,1,0,0,1,0,1,0,0,0,0,0,0,1,0,0.0,0.0,0.0,0.0,0.0,0.0,0.0,0.0,0.0,1.0,0.0,0.0,0,0,0,1,0,0,0,0,0,0,0,0,0,0,1,0,0,0.7651006711409396,0.019454552458953958,1.3390769061498955,1.311745441909603,-0.3836980347548376,-0.4071075610119756,-0.736965594166206
1.7241379310344827,1,0.10000000000002274,0,0,0,0,1,0,0,0,1,0,0,1,0,0,0.0,0.0,0.0,0.0,0.0,0.0,0.0,0.0,0.0,1.0,0.0,0.0,1,0,0,0,0,1,0,0,0,0,0,0,0,0,0,0,0,-0.28187919463087246,-0.6228683787837289,-0.737963226052659,-0.10466081047388179,-0.9320941296030667,-0.9231819725908447,-1.3219280948873624
-0.5862068965517241,1,0.0,1,1,0,0,0,1,0,0,0,0,0,0,1,0,0.0,0.0,0.0,1.0,0.0,0.0,0.0,0.0,0.0,0.0,0.0,0.0,0,0,0,0,0,1,1,0,0,0,0,0,0,0,0,1,0,-0.38926174496644295,0.5565474960160957,-0.9958126851139742,-0.9224233415693557,0.8116943129959044,1.0215354196458677,0.26303440583379395
0.2413793103448276,1,0.30000000000001137,1,1,0,0,0,1,0,0,0,0,0,0,1,0,0.0,0.0,0.0,0.0,0.0,1.0,0.0,0.0,0.0,0.0,0.0,0.0,1,0,1,0,0,1,0,0,0,0,0,0,0,0,0,1,0,0.832214765100671,1.8795533284329144,0.7368577805180526,0.285888863509545,-0.3836980347548376,-0.23079549314771128,-1.3219280948873624
0.7586206896551724,0,0.30000000000001137,1,0,1,0,0,1,0,0,0,0,0,0,1,0,0.0,0.0,0.0,0.0,0.0,0.0,0.0,0.0,0.0,1.0,0.0,0.0,0,0,0,1,0,0,0,0,0,0,1,0,0,0,0,0,0,1.0805369127516775,0.20598005666366073,0.5373091822490891,0.285888863509545,-0.3836980347548376,-0.23079549314771128,-1.3219280948873624
1.7241379310344827,0,0.30000000000001137,0,0,0,0,1,0,0,1,0,0,0,1,0,0,0.0,0.0,0.0,0.0,0.0,0.0,0.0,0.0,1.0,0.0,0.0,0.0,0,0,0,1,0,0,1,0,0,0,0,0,0,0,0,0,0,-0.3221476510067114,-0.3881362650120998,-0.8887821186398424,-0.9224233415693557,-0.03656705672767457,-0.029314871250031297,0.4854268271702419
-0.7931034482758621,0,0.20000000000001705,1,0,0,0,1,1,0,0,0,0,0,0,1,0,0.0,1.0,0.0,0.0,0.0,0.0,0.0,0.0,0.0,0.0,0.0,0.0,0,0,0,0,0,0,0,0,0,0,0,0,0,0,0,0,0,-0.20805369127516776,-1.4296492432787085,-0.3327883408674097,-0.10466081047388179,-0.9320941296030667,-0.9231819725908447,-0.32192809488736235
-0.13793103448275862,0,0.9000000000000057,1,0,1,0,0,0,0,0,1,0,0,0,0,1,0.0,0.0,0.0,0.0,0.0,0.0,0.0,0.0,0.0,1.0,0.0,0.0,0,0,0,1,0,0,1,0,0,0,0,0,0,0,0,0,0,1.0805369127516775,-0.1440085994308005,0.5652507461940621,0.7717596693105655,-0.44845423396059875,-0.31255449400748914,-1.3219280948873624
0.8620689655172413,0,1.0,1,0,0,1,0,1,0,0,0,0,0,0,1,0,0.0,0.0,0.0,0.0,0.0,0.0,0.0,0.0,0.0,0.0,0.0,1.0,0,0,0,1,0,0,0,1,0,0,0,0,0,1,0,0,0,0.2885906040268456,-0.3468202246403647,0.6199787337125309,0.6967790260802048,0.4600592805655788,0.319689794753462,1.3785116232537302
0.7931034482758621,0,0.10000000000002274,1,0,0,1,0,1,0,0,0,0,0,0,1,0,0.0,0.0,0.0,0.0,0.0,0.0,0.0,0.0,1.0,0.0,0.0,0.0,0,0,0,1,0,0,0,1,0,1,1,0,0,0,0,0,0,0.22818791946308717,0.5826406624138034,-0.356195978309997,0.0,0.05230698717915964,-0.1933425405422934,0.4854268271702419
-0.5862068965517241,0,0.4000000000000057,1,0,0,1,0,1,0,0,0,0,0,0,1,0,0.0,0.0,0.0,0.0,0.0,0.0,0.0,0.0,1.0,0.0,0.0,0.0,0,0,0,1,0,0,0,0,0,0,0,0,0,0,0,0,0,0.2885906040268456,-0.6765761115316363,0.05886947859372801,0.8447917637013288,-0.17839578835790348,-0.2703937395026851,0.26303440583379395
0.6551724137931034,0,0.10000000000002274,1,0,1,0,0,0,0,1,0,0,0,1,0,0,0.0,0.0,0.0,0.0,0.0,0.0,0.0,0.0,0.0,0.0,0.0,1.0,0,0,0,1,0,0,1,0,0,0,0,0,0,0,1,0,0,-0.18120805369127516,0.010768539676629227,-0.6153721907350752,-0.9224233415693557,-0.325819435233824,-0.23079549314771128,-0.736965594166206
-0.3448275862068966,0,0.10000000000002274,1,1,0,0,0,1,0,0,0,0,0,0,1,0,0.0,0.0,0.0,0.0,0.0,0.0,0.0,1.0,0.0,0.0,0.0,0.0,1,0,1,0,0,0,0,0,0,0,0,0,0,0,0,1,0,-0.22818791946308725,0.8717574799287878,-0.4713831985992338,-0.10466081047388179,-0.6735777313074641,-0.5967878560467649,-1.3219280948873624
0.896551724137931,1,0.20000000000001705,0,0,0,0,1,0,0,0,1,0,0,0,0,1,0.0,0.0,0.0,0.0,0.0,0.0,0.0,1.0,0.0,0.0,0.0,0.0,0,0,0,1,0,1,0,1,0,0,0,0,0,0,0,0,0,0.7651006711409396,-0.0990601243224079,0.2589924120679735,0.19466105017012347,-0.6154774966199021,-0.5234324523010943,-0.736965594166206
0.4482758620689655,0,0.4000000000000057,0,0,0,0,1,1,0,0,0,0,0,0,1,0,0.0,0.0,1.0,0.0,0.0,0.0,0.0,0.0,0.0,0.0,0.0,0.0,0,0,0,1,0,0,0,1,0,1,0,0,1,0,0,0,0,1.0805369127516775,0.24445189556535332,0.9385179909731091,-0.2153165603828081,0.05230698717915964,0.08283225866466219,0.8479969065549505
-0.10344827586206896,0,0.6000000000000227,1,0,1,0,0,1,0,0,0,0,0,0,1,0,0.0,0.0,0.0,1.0,0.0,0.0,0.0,0.0,0.0,0.0,0.0,0.0,0,0,0,0,0,0,0,0,0,1,0,1,0,0,0,0,0,-0.3624161073825503,0.08335379115453657,-0.9499830512782597,-0.7496097847521995,-0.2481240298807802,-0.05962431082057667,-0.736965594166206
-0.20689655172413793,1,0.20000000000001705,1,1,0,0,0,1,0,0,0,0,0,0,1,0,0.0,0.0,0.0,0.0,0.0,0.0,0.0,0.0,0.0,0.0,0.0,1.0,0,0,0,1,0,0,0,0,0,0,0,0,0,0,0,0,0,0.7651006711409396,1.1178030158500503,0.841057924103112,0.3736703603919092,0.9587903084426829,0.9375507803116744,-0.32192809488736235
1.0344827586206897,0,0.6000000000000227,1,0,0,1,0,1,0,0,0,0,1,0,0,0,0.0,0.0,0.0,0.0,0.0,0.0,0.0,0.0,0.0,0.0,0.0,1.0,0,0,0,1,0,1,0,1,0,0,0,0,0,0,0,0,0,-0.30201342281879195,-0.07006469201981451,-0.5785295544920406,0.0,-0.6735777313074641,-0.5967878560467649,-0.736965594166206
-0.8275862068965517,0,0.0,1,0,1,0,0,1,0,0,0,0,0,0,1,0,0.0,0.0,0.0,0.0,1.0,0.0,0.0,0.0,0.0,0.0,0.0,0.0,0,0,0,0,0,1,1,0,0,0,0,0,0,0,0,0,0,0.2885906040268456,0.5019293343248449,0.07909028850206115,0.7717596693105655,0.6081950804690024,0.5902452854112349,-0.32192809488736235
-0.7931034482758621,0,1.0,1,0,0,1,0,1,0,0,0,0,0,0,1,0,0.0,0.0,0.0,1.0,0.0,0.0,0.0,0.0,0.0,0.0,0.0,0.0,0,0,0,0,1,0,1,0,0,0,0,0,1,0,0,0,0,-0.17449664429530204,-0.8096344343271191,-0.23958999910168696,0.09954602329692071,-0.41506133301186154,-0.4071075610119756,-0.32192809488736235
2.1379310344827585,1,0.8000000000000114,1,0,0,0,1,0,0,0,1,0,0,0,0,1,1.0,0.0,0.0,0.0,0.0,0.0,0.0,0.0,0.0,0.0,0.0,0.0,1,0,0,0,0,1,0,0,0,0,0,1,0,0,0,0,0,-0.11409395973154363,0.8481111237869134,-0.5725472354135114,-0.33313313904221287,-0.35403388971568844,-0.3578507794449409,0.0
-0.10344827586206896,0,0.10000000000002274,1,0,1,0,0,1,0,0,0,0,0,0,1,0,0.0,1.0,0.0,0.0,0.0,0.0,0.0,0.0,0.0,0.0,0.0,0.0,0,0,0,0,1,0,1,0,0,1,0,0,0,0,1,0,0,1.0805369127516775,0.3514468174589396,0.6395170043276517,0.3736703603919092,0.5188255573243372,0.08283225866466219,1.1375035237499354
0.3793103448275862,0,1.0,1,0,1,0,0,1,0,0,0,0,0,0,1,0,0.0,0.0,0.0,1.0,0.0,0.0,0.0,0.0,0.0,0.0,0.0,0.0,0,0,0,0,0,1,0,0,0,1,0,0,0,0,0,0,0,1.0805369127516775,0.6593816652420126,0.615064668978677,0.3736703603919092,0.7827096609981056,0.9375507803116744,0.0
-0.5517241379310345,0,0.8000000000000114,1,0,1,0,0,1,0,0,0,0,0,0,1,0,1.0,0.0,0.0,0.0,0.0,0.0,0.0,0.0,0.0,0.0,0.0,0.0,0,0,0,1,0,0,1,0,0,0,0,0,0,0,1,0,0,-0.348993288590604,-0.44740464831854293,-0.8340811894016062,0.09954602329692071,-0.5233438140443791,-0.4071075610119756,-0.736965594166206
1.0689655172413792,0,0.9000000000000057,1,0,1,0,0,1,0,0,0,0,0,0,1,0,0.0,0.0,1.0,0.0,0.0,0.0,0.0,0.0,0.0,0.0,0.0,0.0,0,0,0,1,0,0,0,1,0,0,0,0,0,0,0,0,0,0.7651006711409396,0.5525735065151025,0.4643035899639541,0.09954602329692071,-0.6154774966199021,-0.5234324523010943,-0.32192809488736235
0.3103448275862069,0,0.6000000000000227,1,0,0,1,0,1,0,0,0,0,0,0,1,0,0.0,0.0,0.0,0.0,0.0,0.0,0.0,0.0,1.0,0.0,0.0,0.0,0,0,0,1,0,0,0,0,0,0,1,0,0,0,0,0,0,-0.15436241610738255,0.6524865256558637,-0.29189205197948376,0.0,0.294156817072996,0.5902452854112349,-0.32192809488736235
0.3448275862068966,0,0.30000000000001137,1,0,0,1,0,1,0,0,0,0,0,0,1,0,0.0,0.0,0.0,0.0,0.0,0.0,0.0,0.0,0.0,1.0,0.0,0.0,1,0,0,0,0,1,0,0,0,1,0,0,0,0,0,0,0,-0.4026845637583893,0.5521972887124381,-1.0615447414807022,0.45836890322464535,1.3801468299464463,1.1794650380972311,1.1375035237499354
-0.27586206896551724,1,0.4000000000000057,0,0,0,0,1,0,0,1,0,0,0,1,0,0,0.0,0.0,0.0,0.0,0.0,0.0,0.0,0.0,0.0,0.0,0.0,1.0,0,0,0,0,0,1,0,0,0,1,1,0,0,0,0,0,0,-0.3758389261744966,-0.7552977584334316,-1.0916500350834346,-1.1274121468458216,-0.3836980347548376,-0.23079549314771128,-1.3219280948873624
2.0344827586206895,0,0.0,1,0,1,0,0,0,0,1,0,0,0,1,0,0,0.0,0.0,0.0,0.0,0.0,1.0,0.0,0.0,0.0,0.0,0.0,0.0,0,0,0,1,0,0,0,0,0,0,0,0,0,0,1,1,0,0.2885906040268456,-0.07476435593067499,0.01056638110135514,0.0,-0.2481240298807802,-0.3578507794449409,1.0000000000000007
0.2413793103448276,1,0.8000000000000114,1,0,0,0,1,0,0,0,1,0,0,0,0,1,0.0,0.0,0.0,0.0,0.0,0.0,0.0,0.0,0.0,1.0,0.0,0.0,0,0,0,1,0,0,1,1,0,0,0,0,0,0,0,0,0,0.2885906040268456,-0.36905587375051807,-0.16927271336898617,-0.2153165603828081,-0.6735777313074641,-0.5967878560467649,-0.736965594166206
-0.3448275862068966,1,0.0,1,0,1,0,0,1,0,0,0,0,0,0,1,0,0.0,1.0,0.0,0.0,0.0,0.0,0.0,0.0,0.0,0.0,0.0,0.0,0,0,0,0,0,0,1,0,0,0,0,0,0,0,1,0,0,1.0805369127516775,-0.28162072865150684,0.8476863254492061,0.285888863509545,-0.35403388971568844,-0.2703937395026851,-0.32192809488736235
-0.3103448275862069,0,0.8000000000000114,1,0,0,1,0,1,0,0,0,0,1,0,0,0,0.0,0.0,0.0,0.0,0.0,0.0,0.0,0.0,0.0,0.0,0.0,1.0,0,0,0,1,0,0,0,0,0,1,0,0,1,0,0,0,0,1.0805369127516775,-0.32212437995968624,0.5853257747692951,0.09954602329692071,0.17982694289849213,0.0560003770413949,0.4854268271702419
-0.5517241379310345,0,0.0,1,0,0,1,0,1,0,0,0,0,0,0,1,0,0.0,0.0,0.0,0.0,0.0,0.0,1.0,0.0,0.0,0.0,0.0,0.0,0,0,0,1,0,0,1,0,0,0,0,0,0,0,0,0,0,-0.35570469798657717,-0.15872593188220355,-1.0474359092160128,-1.1274121468458216,-0.41506133301186154,-0.46159098629542233,-0.736965594166206
0.7241379310344828,0,1.0,1,0,0,1,0,0,0,0,1,0,0,0,0,1,0.0,0.0,0.0,0.0,0.0,0.0,0.0,0.0,0.0,0.0,0.0,1.0,0,0,0,1,0,0,0,0,0,0,0,0,0,0,0,0,0,-0.44295302013422816,0.10029131484677371,-1.4070699871624215,-1.1274121468458216,-0.5233438140443791,-0.4071075610119756,0.0
0.7241379310344828,0,0.9000000000000057,1,0,0,1,0,0,1,0,0,1,0,0,0,0,0.0,0.0,0.0,0.0,0.0,0.0,0.0,1.0,0.0,0.0,0.0,0.0,0,0,0,1,0,0,0,0,0,1,0,0,0,0,0,0,0,1.0805369127516775,0.14837922620039304,0.7438073214914762,0.45836890322464535,0.43584606984150637,0.20748041370096285,1.485426827170242
0.4482758620689655,0,0.30000000000001137,1,0,0,1,0,1,0,0,0,0,0,0,1,0,0.0,0.0,0.0,0.0,0.0,0.0,0.0,0.0,0.0,0.0,0.0,1.0,0,0,0,1,0,0,0,1,0,0,0,0,0,0,0,0,0,1.0805369127516775,0.25513169031764865,0.7391767944655284,0.45836890322464535,0.4956093444158855,0.23079549314771114,0.0
-0.6551724137931034,1,0.0,1,1,0,0,0,1,0,0,0,0,0,0,1,0,0.0,0.0,0.0,0.0,0.0,0.0,0.0,0.0,0.0,0.0,0.0,1.0,1,0,1,0,0,0,1,0,0,0,0,0,0,1,0,1,0,0.48993288590604017,1.202184650884201,0.35476998300760665,-0.45971183619556405,0.8307526761998301,0.9375507803116744,0.26303440583379395
-0.06896551724137931,1,0.0,1,0,1,0,0,1,0,0,0,0,1,0,0,0,0.0,0.0,1.0,0.0,0.0,0.0,0.0,0.0,0.0,0.0,0.0,0.0,0,0,0,1,0,0,0,0,0,0,0,0,0,0,0,0,0,0.7651006711409396,-0.15872593188220355,0.007053026583963849,-0.7496097847521995,-0.1565449347162588,0.0560003770413949,-0.736965594166206
1.2413793103448276,1,0.8000000000000114,0,0,0,0,1,0,0,1,0,0,0,1,0,0,0.0,0.0,0.0,0.0,0.0,0.0,0.0,1.0,0.0,0.0,0.0,0.0,0,0,0,1,0,0,0,0,0,0,0,0,0,0,0,0,0,-0.24832214765100669,-0.8638512597186992,-0.8699291640149156,-1.3945587590305173,-0.3836980347548376,-0.31255449400748914,-0.736965594166206
0.10344827586206896,0,0.9000000000000057,1,0,1,0,0,1,0,0,0,0,0,0,1,0,0.0,0.0,0.0,0.0,0.0,0.0,0.0,0.0,0.0,1.0,0.0,0.0,0,0,0,1,0,0,0,0,0,1,0,0,0,0,0,0,0,-0.20134228187919465,0.23127110595816858,-0.3561959783099968,0.0,0.5753025528872597,0.908700463159222,-0.32192809488736235
0.3793103448275862,0,0.10000000000002274,0,0,0,0,1,0,1,0,0,1,0,0,0,0,0.0,0.0,0.0,0.0,1.0,0.0,0.0,0.0,0.0,0.0,0.0,0.0,0,0,0,0,0,0,1,0,0,0,0,0,0,0,0,0,0,-0.1476510067114094,-0.3091977032995753,-0.41462427727288137,-0.5973579848037531,0.13379628652394823,0.23079549314771114,0.4854268271702419
-0.2413793103448276,0,0.30000000000001137,1,0,0,1,0,1,0,0,0,0,0,0,1,0,0.0,0.0,0.0,0.0,0.0,0.0,0.0,0.0,1.0,0.0,0.0,0.0,1,0,0,1,0,1,0,0,0,1,0,0,0,0,0,0,0,0.0,0.1258570772083238,-0.13752916940740764,0.0,0.334372402329592,0.2760665882784065,0.4854268271702419
-0.5862068965517241,1,0.10000000000002274,1,0,1,0,0,1,0,0,0,0,0,0,1,0,0.0,0.0,1.0,0.0,0.0,0.0,0.0,0.0,0.0,0.0,0.0,0.0,0,0,0,0,0,0,1,0,0,0,0,0,0,0,1,0,0,0.832214765100671,0.09221397076219066,0.062258938530656976,-0.33313313904221287,0.9676056682959214,1.3263342348286624,0.26303440583379395
1.1724137931034482,0,0.4000000000000057,0,0,0,0,1,0,0,1,0,0,0,1,0,0,0.0,0.0,0.0,0.0,0.0,0.0,0.0,0.0,0.0,1.0,0.0,0.0,0,0,0,1,0,0,1,0,0,0,0,0,0,0,1,0,0,-0.44295302013422816,0.05744198823030382,-1.4070699871624215,-2.039507733308835,-0.20089933647209446,-0.2703937395026851,-0.736965594166206
-0.20689655172413793,1,0.0,1,0,1,0,0,0,0,0,1,0,0,0,0,1,0.0,0.0,0.0,0.0,0.0,0.0,0.0,0.0,0.0,0.0,0.0,1.0,0,0,0,1,0,1,0,1,0,0,0,0,0,0,0,0,0,0.22818791946308717,0.5205126198067578,-0.014213192547320494,-0.2153165603828081,-0.9320941296030667,-0.9231819725908447,0.4854268271702419
0.3103448275862069,0,0.10000000000002274,1,0,0,1,0,1,0,0,0,0,0,0,1,0,0.0,1.0,0.0,0.0,0.0,0.0,0.0,0.0,0.0,0.0,0.0,0.0,1,0,0,1,0,0,0,0,0,1,0,0,0,0,0,0,0,0.7651006711409396,0.15145680102203068,0.2856511031775968,0.19466105017012347,-0.2241178154456085,-0.157719918514846,0.0
-0.7241379310344828,0,0.10000000000002274,1,1,0,0,0,1,0,0,0,0,0,0,1,0,1.0,0.0,0.0,0.0,0.0,0.0,0.0,0.0,0.0,0.0,0.0,0.0,1,0,1,0,0,0,1,0,0,0,0,0,0,0,0,1,0,0.06711409395973149,-0.37460289787374096,-0.41462427727288137,-0.10466081047388179,0.7827096609981056,1.1794650380972311,0.6780719051126377
-0.6896551724137931,0,0.0,1,0,0,1,0,1,0,0,0,0,0,0,1,0,0.0,0.0,1.0,0.0,0.0,0.0,0.0,0.0,0.0,0.0,0.0,0.0,0,0,0,0,0,0,1,0,0,0,0,0,0,0,0,0,0,0.48993288590604017,0.5019293343248449,-0.12971653678935785,0.5402881638044359,0.25257683397388525,-0.05962431082057667,0.0
-0.27586206896551724,1,0.30000000000001137,1,0,1,0,0,1,0,0,0,0,0,0,1,0,1.0,0.0,0.0,0.0,0.0,0.0,0.0,0.0,0.0,0.0,0.0,0.0,0,0,0,0,1,0,0,0,0,1,0,0,0,0,0,0,0,0.832214765100671,-0.23265087832399695,0.7275565315905844,0.45836890322464535,1.3290008941324234,1.3263342348286624,-0.32192809488736235
-0.13793103448275862,1,0.700000000000017,1,0,1,0,0,1,0,0,0,0,0,0,1,0,0.0,0.0,0.0,0.0,0.0,0.0,0.0,1.0,0.0,0.0,0.0,0.0,0,0,0,0,0,1,0,0,0,1,0,0,0,0,0,0,0,-0.16778523489932887,-0.7777808793069194,-0.11808637166111347,0.6196850107744367,-0.6735777313074641,-0.5967878560467649,-0.32192809488736235
-0.5172413793103449,1,0.0,1,0,1,0,0,1,0,0,0,0,0,0,1,0,0.0,0.0,0.0,0.0,0.0,0.0,0.0,0.0,1.0,0.0,0.0,0.0,0,0,0,0,0,1,0,0,0,1,1,0,0,0,0,0,0,0.832214765100671,0.28979879702107436,0.18884276168679645,-0.33313313904221287,0.32111060722634305,-0.09103698790077436,1.0000000000000007
0.20689655172413793,1,0.4000000000000057,1,0,0,1,0,1,0,0,0,0,0,0,1,0,0.0,1.0,0.0,0.0,0.0,0.0,0.0,0.0,0.0,0.0,0.0,0.0,0,0,0,0,0,0,1,0,0,0,0,0,0,0,1,0,0,-0.05369127516778523,0.11575675093546399,-0.5093690659347363,0.6967790260802048,-0.2481240298807802,-0.23079549314771128,-0.32192809488736235
-0.41379310344827586,0,0.0,1,0,0,1,0,1,0,0,0,0,0,0,1,0,0.0,0.0,0.0,0.0,0.0,1.0,0.0,0.0,0.0,0.0,0.0,0.0,0,0,0,0,1,0,0,0,0,1,1,0,0,0,0,0,0,-0.31543624161073824,-0.2050811431117187,-0.4046496979064352,0.6196850107744367,0.20948337528249636,0.08283225866466219,0.8479969065549505
0.6896551724137931,0,0.6000000000000227,1,0,0,0,1,0,1,0,0,1,0,0,0,0,0.0,0.0,0.0,0.0,0.0,0.0,1.0,0.0,0.0,0.0,0.0,0.0,0,0,0,1,0,0,0,1,0,0,0,0,0,0,1,0,0,1.0805369127516775,0.19484489437492367,0.9406378178658952,0.7717596693105655,0.5529695155633996,0.20748041370096285,0.4854268271702419
-0.10344827586206896,0,0.30000000000001137,1,0,1,0,0,1,0,0,0,0,0,0,1,0,0.0,0.0,0.0,0.0,0.0,0.0,0.0,1.0,0.0,0.0,0.0,0.0,0,0,0,0,0,0,0,1,0,0,0,0,0,0,0,0,0,-0.2348993288590604,-0.45981409115509536,-0.6344520498757813,-0.45971183619556405,-0.6154774966199021,-0.5234324523010943,-1.3219280948873624
-0.5517241379310345,0,0.5,1,0,0,1,0,1,0,0,0,0,0,0,0,1,0.0,0.0,0.0,0.0,0.0,0.0,0.0,0.0,1.0,0.0,0.0,0.0,0,0,0,0,1,0,1,0,0,0,0,1,0,0,0,0,0,0.48993288590604017,-0.9199880306082449,-0.010646331919355868,-0.7496097847521995,-0.9320941296030667,-0.9231819725908447,-0.32192809488736235
1.5172413793103448,1,0.6000000000000227,1,0,0,0,1,0,0,0,1,0,0,0,0,1,0.0,0.0,1.0,0.0,0.0,0.0,0.0,0.0,0.0,0.0,0.0,0.0,0,0,1,1,0,1,0,0,0,0,0,1,0,0,0,0,0,-0.16778523489932887,0.3130660354765247,-0.043083823973863074,0.6196850107744367,-0.9320941296030667,-0.9231819725908447,-1.3219280948873624
0.5517241379310345,1,0.9000000000000057,1,0,0,1,0,1,0,0,0,0,0,0,1,0,0.0,0.0,0.0,0.0,0.0,0.0,0.0,0.0,0.0,1.0,0.0,0.0,0,0,0,0,1,0,0,0,0,1,0,0,1,1,0,0,0,0.832214765100671,0.1909363601743269,1.6068002531227006,4.345161371932258,0.5753025528872597,0.8495918482279355,-0.32192809488736235
-0.7241379310344828,1,0.30000000000001137,1,1,0,0,0,1,0,0,0,0,0,0,1,0,0.0,0.0,0.0,0.0,0.0,0.0,0.0,0.0,0.0,1.0,0.0,0.0,0,1,0,0,1,0,1,0,0,0,0,0,0,0,0,1,0,1.0805369127516775,0.4642199357324869,0.7322122110988268,-0.33313313904221287,0.9050100518413058,1.0215354196458677,0.26303440583379395
-0.7931034482758621,0,0.9000000000000057,1,0,0,1,0,1,0,0,0,0,1,0,0,0,0.0,1.0,0.0,0.0,0.0,0.0,0.0,0.0,0.0,0.0,0.0,0.0,1,0,0,0,1,0,0,0,0,1,0,0,0,0,0,0,0,-0.44295302013422816,-1.0120754189112953,-1.4070699871624215,-1.1274121468458216,-0.44845423396059875,-0.4071075610119756,-0.32192809488736235
-0.6551724137931034,1,0.4000000000000057,1,0,0,1,0,1,0,0,0,0,0,0,1,0,0.0,1.0,0.0,0.0,0.0,0.0,0.0,0.0,0.0,0.0,0.0,0.0,0,0,0,0,1,0,0,0,0,1,0,0,0,0,0,0,0,0.7651006711409396,-0.4672891689494007,0.4076229891315837,0.45836890322464535,-0.018100638189351426,-0.09103698790077436,-0.32192809488736235
0.4827586206896552,0,0.4000000000000057,0,0,0,0,1,1,0,0,0,0,0,0,1,0,0.0,0.0,0.0,0.0,0.0,0.0,0.0,0.0,0.0,1.0,0.0,0.0,0,0,0,1,0,1,0,1,0,0,0,0,0,0,0,0,0,-0.44295302013422816,-0.7432072140138254,-1.4070699871624215,-0.9224233415693557,-0.6735777313074641,-0.5967878560467649,-0.32192809488736235
0.0,1,0.20000000000001705,1,0,1,0,0,1,0,0,0,0,0,0,1,0,0.0,0.0,0.0,0.0,0.0,0.0,0.0,0.0,1.0,0.0,0.0,0.0,0,0,0,1,0,0,0,1,0,0,0,0,0,0,0,0,0,1.0805369127516775,0.19413633357235605,0.9278899889590475,-0.5973579848037531,0.6403997314170756,0.23079549314771114,0.4854268271702419
1.0,0,0.30000000000001137,0,0,0,0,1,0,0,1,0,0,0,1,0,0,0.0,0.0,0.0,0.0,0.0,0.0,0.0,1.0,0.0,0.0,0.0,0.0,0,0,0,1,0,0,0,0,0,0,0,0,0,0,0,0,0,-0.44295302013422816,-0.7588800351595503,-1.4070699871624215,-0.9224233415693557,-0.6735777313074641,-0.5967878560467649,-0.736965594166206
0.1724137931034483,1,0.4000000000000057,1,0,1,0,0,1,0,0,0,0,0,0,1,0,0.0,0.0,1.0,0.0,0.0,0.0,0.0,0.0,0.0,0.0,0.0,0.0,0,0,0,1,0,0,0,0,0,0,0,0,0,0,1,0,0,-0.2550335570469799,-0.4020619686514436,-0.31898544108285615,0.19466105017012347,-0.41506133301186154,-0.2703937395026851,-0.736965594166206
0.6551724137931034,1,0.0,1,0,0,1,0,1,0,0,0,0,0,0,1,0,0.0,0.0,0.0,0.0,0.0,0.0,0.0,0.0,0.0,0.0,0.0,1.0,0,0,0,1,0,0,1,0,0,0,0,0,0,0,0,0,0,1.0805369127516775,0.35926387814988225,0.936396246551428,0.3736703603919092,0.7532265959499521,0.8495918482279355,-0.32192809488736235
0.3103448275862069,1,0.9000000000000057,1,1,0,0,0,1,0,0,0,0,0,0,1,0,0.0,0.0,0.0,0.0,0.0,0.0,0.0,0.0,0.0,1.0,0.0,0.0,0,0,0,1,0,0,0,0,0,1,0,0,0,0,0,0,0,-0.16778523489932887,0.0038958916091473756,-0.2310991236814443,0.5402881638044359,0.13379628652394823,0.29807298457586645,-0.32192809488736235
-0.1724137931034483,1,0.10000000000002274,1,0,1,0,0,1,0,0,0,0,0,0,0,1,0.0,0.0,1.0,0.0,0.0,0.0,0.0,0.0,0.0,0.0,0.0,0.0,0,0,0,1,0,0,1,0,0,0,0,0,0,1,1,0,0,0.0,-0.603450510057012,0.5853257747692954,0.6967790260802048,0.01775576934642723,-0.157719918514846,0.6780719051126377
0.6551724137931034,1,0.0,0,0,0,0,1,0,0,0,1,0,0,1,0,0,0.0,0.0,0.0,0.0,0.0,0.0,0.0,0.0,0.0,0.0,0.0,1.0,0,0,0,1,0,0,0,0,0,0,0,0,0,0,1,0,0,-0.18120805369127516,-0.8582617106592307,-0.7379632260526588,-0.10466081047388179,-0.9320941296030667,-0.9231819725908447,-0.736965594166206
-0.20689655172413793,0,0.0,1,0,0,0,1,0,0,0,1,0,0,0,0,1,0.0,0.0,0.0,0.0,0.0,0.0,0.0,1.0,0.0,0.0,0.0,0.0,0,0,0,1,0,1,0,0,0,0,0,0,0,0,0,0,0,-0.2751677852348994,0.0,-0.6947514450308109,-0.45971183619556405,-0.5664967330375806,-0.5967878560467649,-0.32192809488736235
-0.3103448275862069,0,1.0,1,0,0,1,0,1,0,0,0,0,0,0,1,0,0.0,0.0,0.0,1.0,0.0,0.0,0.0,0.0,0.0,0.0,0.0,0.0,0,0,0,0,0,1,1,0,0,1,0,0,0,0,0,0,0,-0.14093959731543623,0.39073745074456007,-0.3281677533231954,0.45836890322464535,-0.5664967330375806,-0.46159098629542233,0.26303440583379395
0.8620689655172413,0,0.0,0,0,0,0,1,0,0,1,0,0,0,1,0,0,0.0,0.0,0.0,0.0,0.0,0.0,0.0,1.0,0.0,0.0,0.0,0.0,0,0,0,0,0,1,0,0,0,1,0,0,0,0,0,0,0,-0.046979865771812096,-0.2762156305707213,-0.3849925268983476,-0.7496097847521995,-0.2241178154456085,-0.2703937395026851,-0.736965594166206
-0.7586206896551724,1,0.0,1,1,0,0,0,1,0,0,0,0,0,0,1,0,0.0,0.0,0.0,0.0,0.0,0.0,0.0,0.0,1.0,0.0,0.0,0.0,0,1,1,0,0,0,1,0,0,0,0,0,0,0,0,1,0,-0.22818791946308725,1.1055706846638944,-0.3053554582267142,0.5402881638044359,0.8307526761998301,1.0215354196458677,-0.32192809488736235
-0.3448275862068966,0,0.9000000000000057,1,0,0,1,0,1,0,0,0,0,0,0,1,0,0.0,0.0,0.0,0.0,1.0,0.0,0.0,0.0,0.0,0.0,0.0,0.0,0,0,0,1,0,0,1,0,0,0,0,0,0,0,0,0,0,-0.31543624161073824,-0.6203585143497922,-0.8428296237157488,-0.7496097847521995,-0.6154774966199021,-0.5234324523010943,-0.736965594166206
0.8275862068965517,0,0.30000000000001137,1,0,0,1,0,0,0,0,1,0,0,0,1,0,0.0,0.0,0.0,0.0,0.0,0.0,0.0,0.0,0.0,0.0,1.0,0.0,0,0,0,1,0,0,0,0,0,0,0,0,0,0,0,0,0,-0.15436241610738255,-0.03051092749035372,-0.4660818145966645,-0.10466081047388179,-0.1565449347162588,0.0560003770413949,-0.736965594166206
-0.4827586206896552,1,0.30000000000001137,1,1,0,0,0,1,0,0,0,0,0,0,1,0,0.0,0.0,0.0,0.0,0.0,1.0,0.0,0.0,0.0,0.0,0.0,0.0,0,1,1,0,0,0,1,0,0,0,0,0,0,0,0,1,0,-0.261744966442953,1.0592041016448965,-0.5607094419924123,-0.33313313904221287,0.8307526761998301,1.0215354196458677,-0.32192809488736235
-0.896551724137931,0,0.30000000000001137,1,0,0,1,0,1,0,0,0,0,0,0,1,0,0.0,0.0,0.0,0.0,0.0,1.0,0.0,0.0,0.0,0.0,0.0,0.0,0,0,0,1,0,0,1,0,0,0,0,0,0,0,0,0,0,0.48993288590604017,0.09714676860542147,0.24700619598681203,-0.7496097847521995,0.5072642600343616,0.8495918482279355,-0.736965594166206
-0.1724137931034483,0,0.0,1,0,1,0,0,1,0,0,0,0,0,0,1,0,0.0,0.0,0.0,1.0,0.0,0.0,0.0,0.0,0.0,0.0,0.0,0.0,0,0,0,1,0,0,1,0,0,0,0,0,0,0,0,0,1,-0.2348993288590604,0.15864320248150596,-0.8254643329805389,-1.1274121468458216,-0.6154774966199021,-0.5234324523010943,-0.736965594166206
-0.3793103448275862,1,0.9000000000000057,1,1,0,0,0,1,0,0,0,0,0,0,1,0,0.0,0.0,0.0,0.0,0.0,0.0,0.0,0.0,0.0,0.0,1.0,0.0,1,1,1,0,0,0,1,0,0,0,0,0,0,0,0,1,0,0.832214765100671,1.3996567521893382,0.8165847487677468,0.19466105017012347,-0.3836980347548376,-0.31255449400748914,-0.736965594166206
-0.3793103448275862,1,0.20000000000001705,1,0,1,0,0,1,0,0,0,0,0,0,1,0,0.0,0.0,0.0,0.0,0.0,0.0,0.0,0.0,0.0,0.0,1.0,0.0,0,0,0,0,0,0,1,0,0,0,0,0,0,0,0,0,0,0.832214765100671,0.9620704024628984,0.48018540437007395,-0.2153165603828081,0.5753025528872597,0.8495918482279355,-0.32192809488736235
-0.034482758620689655,0,0.8000000000000114,1,0,0,1,0,1,0,0,0,0,0,0,1,0,0.0,0.0,0.0,0.0,0.0,0.0,0.0,0.0,0.0,0.0,0.0,1.0,0,0,0,0,0,1,0,0,0,1,0,0,0,0,0,0,0,-0.36912751677852346,0.1172310617012803,-0.9838897145774169,-0.9224233415693557,-0.20089933647209446,-0.05962431082057667,-0.736965594166206
-0.6896551724137931,0,0.20000000000001705,1,0,0,1,0,1,0,0,0,0,1,0,0,0,0.0,0.0,1.0,0.0,0.0,0.0,0.0,0.0,0.0,0.0,0.0,0.0,0,0,0,0,0,1,0,0,0,0,1,0,1,0,0,0,0,0.0,-0.38382062728568933,-0.050397475413199555,-0.10466081047388179,0.20948337528249636,0.46159098629542217,-0.32192809488736235
1.0344827586206897,0,0.9000000000000057,1,0,1,0,0,1,0,0,0,0,0,0,1,0,0.0,0.0,0.0,0.0,0.0,0.0,0.0,1.0,0.0,0.0,0.0,0.0,0,0,0,1,0,0,0,1,0,0,0,0,0,0,0,0,0,0.7651006711409396,0.12617343740993867,1.5919086812718413,2.2385997799026764,-0.13529307677780772,0.08283225866466219,-0.32192809488736235
-0.1724137931034483,0,0.5,1,0,1,0,0,1,0,0,0,0,0,0,1,0,0.0,1.0,0.0,0.0,0.0,0.0,0.0,0.0,0.0,0.0,0.0,0.0,0,0,0,1,0,0,0,0,0,0,0,0,0,0,1,0,0,0.2885906040268456,-0.012549272174199443,0.1763256056922709,0.09954602329692071,1.036708103961386,1.3263342348286624,-0.32192809488736235
1.3103448275862069,0,1.0,1,0,0,1,0,1,0,0,0,0,0,0,1,0,0.0,0.0,0.0,0.0,0.0,0.0,0.0,0.0,0.0,1.0,0.0,0.0,0,1,0,1,1,0,0,0,0,0,0,0,0,0,0,0,0,1.0805369127516775,1.1866685248309972,0.5928019577416314,0.5402881638044359,-0.3836980347548376,-0.31255449400748914,-0.32192809488736235
0.13793103448275862,0,0.0,1,0,0,1,0,1,0,0,0,0,0,0,1,0,0.0,1.0,0.0,0.0,0.0,0.0,0.0,0.0,0.0,0.0,0.0,0.0,0,0,0,1,0,1,0,0,0,0,1,0,0,0,0,0,0,-0.046979865771812096,0.5911867821606773,-0.33742888803179727,-0.45971183619556405,0.48385849871184977,0.0560003770413949,1.0000000000000007
0.41379310344827586,1,0.0,0,0,0,0,1,0,0,1,0,0,0,1,0,0,0.0,0.0,0.0,0.0,1.0,0.0,0.0,0.0,0.0,0.0,0.0,0.0,0,0,0,1,0,0,1,0,0,0,0,0,0,0,0,0,0,-0.2550335570469799,-0.4719557105103365,-0.8792714562108573,-1.3945587590305173,-0.27300404985656557,-0.23079549314771128,0.0
-0.13793103448275862,0,0.6000000000000227,1,0,0,1,0,1,0,0,0,0,0,0,1,0,0.0,0.0,0.0,0.0,0.0,0.0,0.0,0.0,1.0,0.0,0.0,0.0,0,0,0,0,0,1,0,0,0,1,1,0,0,0,0,0,0,-0.2684563758389262,0.5573672987276308,-0.5725472354135115,-0.45971183619556405,-0.2988608636367374,-0.3578507794449409,0.26303440583379395
-0.13793103448275862,0,0.5,1,1,0,0,0,1,0,0,0,0,0,0,1,0,0.0,0.0,0.0,1.0,0.0,0.0,0.0,0.0,0.0,0.0,0.0,0.0,0,0,0,1,0,0,0,0,0,0,0,0,0,0,1,0,0,1.0805369127516775,0.1362282928551225,0.21971434030971668,-1.1274121468458216,-0.2988608636367374,-0.5234324523010943,0.6780719051126377
-0.034482758620689655,0,0.20000000000001705,1,0,0,1,0,0,0,0,1,0,0,0,0,1,0.0,0.0,0.0,0.0,0.0,0.0,0.0,0.0,0.0,1.0,0.0,0.0,0,0,0,0,1,0,0,0,0,1,0,0,1,0,0,0,0,0.34228187919463077,-0.32463112038180403,0.5878209488991009,0.8447917637013288,1.5542369741248914,1.3263342348286624,0.4854268271702419
-0.7241379310344828,1,0.4000000000000057,1,0,0,1,0,1,0,0,0,0,0,0,1,0,0.0,0.0,0.0,0.0,0.0,1.0,0.0,0.0,0.0,0.0,0.0,0.0,0,0,0,0,1,0,0,0,0,0,0,1,0,0,0,0,0,-0.03355704697986583,-0.24114420647973764,-0.11423289934053545,-0.10466081047388179,0.3987004815127367,0.29807298457586645,0.26303440583379395
3.3793103448275863,0,0.4000000000000057,1,0,0,1,0,1,0,0,0,0,0,0,1,0,0.0,0.0,0.0,0.0,0.0,0.0,0.0,0.0,0.0,0.0,1.0,0.0,0,0,0,1,0,0,0,1,0,0,1,0,0,0,0,0,0,1.0805369127516775,1.639245007879622,1.2897244886905699,1.3732414552244092,-0.325819435233824,-0.3578507794449409,-0.32192809488736235
2.0,0,0.4000000000000057,0,0,0,0,1,0,0,0,1,0,0,0,0,1,0.0,0.0,0.0,0.0,0.0,0.0,0.0,0.0,1.0,0.0,0.0,0.0,0,0,0,1,0,0,0,0,0,1,0,0,0,0,0,0,1,1.0805369127516775,-0.35474745659572576,0.4696124618418498,0.9160197607056829,-0.9320941296030667,-0.9231819725908447,0.8479969065549505
0.5862068965517241,1,0.0,0,0,0,0,1,0,0,1,0,0,0,1,0,0,0.0,0.0,0.0,0.0,1.0,0.0,0.0,0.0,0.0,0.0,0.0,0.0,0,0,0,1,0,1,0,0,0,0,0,0,0,0,0,0,0,-0.44295302013422816,-0.15872593188220355,-1.4070699871624215,-2.039507733308835,-0.325819435233824,-0.2703937395026851,-0.736965594166206
1.3103448275862069,0,0.0,0,0,0,0,1,0,0,1,0,0,0,1,0,0,0.0,0.0,0.0,0.0,1.0,0.0,0.0,0.0,0.0,0.0,0.0,0.0,0,0,0,0,0,0,0,0,0,1,1,0,0,0,0,0,0,-0.28187919463087246,0.09921355270703598,-0.5967414582812222,-0.5973579848037531,-0.2988608636367374,-0.2703937395026851,-0.736965594166206
0.4827586206896552,0,0.10000000000002274,0,0,0,0,1,1,0,0,0,0,1,0,0,0,0.0,0.0,0.0,0.0,0.0,0.0,0.0,0.0,0.0,1.0,0.0,0.0,0,0,0,1,0,0,0,0,0,0,0,0,0,0,0,0,0,0.22818791946308717,-0.3073159170280342,-0.12195139869913393,-0.33313313904221287,-0.2988608636367374,-0.2703937395026851,0.8479969065549505
0.034482758620689655,0,0.6000000000000227,0,0,0,0,1,0,1,0,0,1,0,0,0,0,0.0,0.0,0.0,0.0,0.0,0.0,0.0,0.0,1.0,0.0,0.0,0.0,0,0,0,1,0,0,1,1,0,0,0,0,0,0,0,0,0,-0.4026845637583893,-0.5641732947624077,-1.0338600668262725,-0.7496097847521995,0.34749675837613464,0.0,0.8479969065549505
0.3793103448275862,0,0.700000000000017,1,0,1,0,0,1,0,0,0,0,0,0,1,0,0.0,0.0,0.0,0.0,0.0,0.0,1.0,0.0,0.0,0.0,0.0,0.0,0,0,0,0,0,1,0,0,0,1,0,0,0,0,0,0,0,1.0805369127516775,1.7291341924558257,0.33774697538322573,-0.2153165603828081,-0.41506133301186154,-0.46159098629542233,-0.736965594166206
-0.3793103448275862,1,0.10000000000002274,1,0,0,1,0,1,0,0,0,0,0,0,1,0,0.0,0.0,0.0,0.0,0.0,0.0,1.0,0.0,0.0,0.0,0.0,0.0,0,0,0,0,0,0,1,0,0,0,0,0,0,0,0,0,0,-0.08053691275167789,0.15145680102203068,-0.3753043722993551,-0.2153165603828081,0.25257683397388525,0.23079549314771114,0.0
0.7586206896551724,0,0.10000000000002274,0,0,0,0,1,0,0,0,1,0,0,0,0,1,0.0,0.0,0.0,0.0,0.0,0.0,0.0,0.0,1.0,0.0,0.0,0.0,0,0,0,1,0,1,0,0,0,0,0,0,0,0,0,0,1,-0.3825503355704698,-0.3441073064380068,-0.851715854085623,0.6196850107744367,0.294156817072996,0.319689794753462,0.4854268271702419
-0.3103448275862069,0,0.4000000000000057,1,1,0,0,0,1,0,0,0,0,0,0,1,0,0.0,0.0,0.0,0.0,0.0,0.0,0.0,0.0,0.0,0.0,0.0,1.0,1,0,1,0,0,1,1,0,0,0,0,0,0,0,0,1,0,0.395973154362416,1.2269225021925816,0.038365818938879775,-0.10466081047388179,0.334372402329592,0.3618329492587622,0.0
0.0,1,0.5,0,0,0,0,1,0,0,0,1,0,0,0,0,1,1.0,0.0,0.0,0.0,0.0,0.0,0.0,0.0,0.0,0.0,0.0,0.0,1,0,0,0,0,1,0,0,0,0,0,1,0,0,0,0,0,-0.19463087248322147,-0.8323399764618281,-0.6474381501629705,-0.45971183619556405,-0.2241178154456085,-0.2703937395026851,0.4854268271702419
-0.5517241379310345,0,0.10000000000002274,1,0,0,1,0,1,0,0,0,0,0,0,1,0,0.0,0.0,0.0,1.0,0.0,0.0,0.0,0.0,0.0,0.0,0.0,0.0,0,0,0,0,1,0,0,0,0,1,1,0,0,0,0,0,0,0.34228187919463077,-0.5160171946658885,0.2827097958462844,1.721158710337855,-0.4843305931653706,-0.46159098629542233,-0.736965594166206
-0.2413793103448276,0,0.30000000000001137,1,0,0,1,0,1,0,0,0,0,0,0,1,0,0.0,0.0,0.0,0.0,0.0,0.0,1.0,0.0,0.0,0.0,0.0,0.0,0,0,0,0,0,0,0,0,0,1,1,0,0,0,1,0,0,-0.31543624161073824,-0.8603187966866602,-0.928711945325688,-0.5973579848037531,0.7631112597443181,1.1794650380972311,0.0
-0.27586206896551724,1,0.700000000000017,1,0,0,1,0,1,0,0,0,0,0,0,1,0,0.0,0.0,0.0,0.0,0.0,0.0,0.0,0.0,1.0,0.0,0.0,0.0,0,0,0,0,1,0,0,0,0,0,0,0,0,0,0,0,0,0.34228187919463077,-1.101921309176436,0.7850419488452618,1.6654420532534049,0.17982694289849235,0.44222257845083546,-0.736965594166206
-0.7241379310344828,0,0.10000000000002274,1,1,0,0,0,1,0,0,0,0,0,0,1,0,0.0,0.0,0.0,0.0,0.0,0.0,1.0,0.0,0.0,0.0,0.0,0.0,1,0,1,0,0,0,1,0,0,0,0,0,0,1,0,1,0,-0.28187919463087246,0.8717574799287878,-0.6091136127378125,-0.2153165603828081,0.43584606984150637,0.2760665882784065,0.6780719051126377
0.41379310344827586,0,0.4000000000000057,1,0,1,0,0,1,0,0,0,0,0,0,1,0,0.0,0.0,0.0,0.0,0.0,0.0,0.0,0.0,1.0,0.0,0.0,0.0,0,0,0,1,0,0,0,0,0,0,0,1,0,0,0,0,0,-0.20805369127516776,1.1167927127862465,-0.537517187794678,0.19466105017012347,1.2766709456605607,0.9375507803116744,1.0000000000000007
-0.3448275862068966,1,0.20000000000001705,1,0,1,0,0,1,0,0,0,0,0,0,1,0,0.0,0.0,0.0,1.0,0.0,0.0,0.0,0.0,0.0,0.0,0.0,0.0,0,0,0,1,0,0,1,0,0,0,0,0,0,0,0,0,0,-0.348993288590604,-0.38382062728568933,-0.745439513902728,0.09954602329692071,0.06913557571732576,0.29807298457586645,-0.32192809488736235
0.8620689655172413,1,0.30000000000001137,0,0,0,0,1,0,0,0,1,0,0,0,0,1,0.0,0.0,0.0,0.0,0.0,0.0,0.0,0.0,0.0,1.0,0.0,0.0,0,0,0,1,0,0,0,0,0,0,0,0,0,1,0,0,0,-0.44295302013422816,-0.5842338369118361,-1.4070699871624215,-2.039507733308835,-0.6154774966199021,-0.5234324523010943,-1.3219280948873624
-0.5517241379310345,0,1.0,1,1,0,0,0,1,0,0,0,0,0,0,1,0,0.0,0.0,0.0,0.0,0.0,1.0,0.0,0.0,0.0,0.0,0.0,0.0,0,1,1,0,0,0,1,0,0,0,0,0,0,1,0,0,0,0.48993288590604017,1.039001014962639,0.552599424280004,1.249099671807958,-0.35403388971568844,-0.1933425405422934,-1.3219280948873624
0.2413793103448276,0,0.0,1,1,0,0,0,1,0,0,0,0,0,0,1,0,0.0,0.0,0.0,0.0,0.0,0.0,0.0,0.0,0.0,1.0,0.0,0.0,0,0,0,1,0,0,0,0,0,0,0,0,0,1,0,0,0,0.48993288590604017,-0.5109356414615643,0.30319272288641963,0.0,0.30770696263625097,0.6421492205550592,-0.32192809488736235
0.7931034482758621,0,0.700000000000017,1,0,1,0,0,1,0,0,0,0,0,0,1,0,1.0,0.0,0.0,0.0,0.0,0.0,0.0,0.0,0.0,0.0,0.0,0.0,0,0,0,1,0,0,0,0,1,0,0,0,0,0,1,0,0,1.0805369127516775,0.27263255623221005,1.019819580418892,2.655791672416073,0.9050100518413058,1.3263342348286624,0.26303440583379395
1.793103448275862,0,0.9000000000000057,0,0,0,0,1,0,0,0,1,0,0,1,0,0,0.0,0.0,0.0,0.0,0.0,0.0,0.0,0.0,0.0,1.0,0.0,0.0,0,0,0,1,0,1,0,0,0,0,1,0,0,0,0,0,0,-0.44295302013422816,0.3326530917094029,-1.4070699871624215,-1.3945587590305173,-0.5233438140443791,-0.4071075610119756,-1.3219280948873624
0.7241379310344828,0,0.4000000000000057,0,0,0,0,1,0,1,0,0,1,0,0,0,0,0.0,0.0,0.0,0.0,0.0,0.0,0.0,0.0,1.0,0.0,0.0,0.0,0,0,0,1,0,0,0,1,0,1,0,0,0,0,0,0,0,1.0805369127516775,0.2515357788989264,0.8232858832034539,0.09954602329692071,0.518825557324337,0.20748041370096285,0.6780719051126377
1.103448275862069,0,0.5,0,0,0,0,1,0,0,1,0,0,0,1,0,0,0.0,0.0,1.0,0.0,0.0,0.0,0.0,0.0,0.0,0.0,0.0,0.0,1,0,0,0,0,1,0,0,0,1,0,0,0,0,0,0,0,-0.28187919463087246,-0.3516847916803961,-0.8428296237157488,-1.1274121468458216,-0.20089933647209446,-0.2703937395026851,-0.736965594166206
0.41379310344827586,0,0.6000000000000227,1,0,1,0,0,1,0,0,0,0,0,0,1,0,0.0,0.0,0.0,0.0,0.0,0.0,0.0,0.0,0.0,0.0,0.0,1.0,0,0,0,1,0,0,0,0,0,0,0,0,0,0,1,0,0,-0.03355704697986583,0.08335379115453657,-0.17329808101708005,-0.45971183619556405,0.7827096609981056,0.29807298457586645,0.0
0.1724137931034483,1,0.20000000000001705,1,0,0,1,0,1,0,0,0,0,0,0,1,0,0.0,0.0,0.0,0.0,1.0,0.0,0.0,0.0,0.0,0.0,0.0,0.0,0,0,0,0,0,1,1,0,0,0,1,0,0,0,0,0,0,-0.35570469798657717,0.9620704024628984,-0.8340811894016062,-0.33313313904221287,0.8212493896867531,0.8495918482279355,0.6780719051126377
0.896551724137931,1,0.0,1,0,1,0,0,1,0,0,0,0,0,0,1,0,0.0,0.0,0.0,0.0,0.0,0.0,0.0,0.0,0.0,0.0,1.0,0.0,1,0,0,0,0,1,0,0,0,0,0,1,0,0,0,0,0,1.0805369127516775,1.7172796813635858,0.3604078853221612,-0.45971183619556405,0.9050100518413058,1.1794650380972311,-0.32192809488736235
1.9655172413793103,0,0.0,0,0,0,0,1,0,0,0,1,0,0,1,0,0,1.0,0.0,0.0,0.0,0.0,0.0,0.0,0.0,0.0,0.0,0.0,0.0,0,0,0,0,0,1,0,0,0,1,0,0,0,0,0,0,0,-0.046979865771812096,-0.3150936028609239,-0.4874707035389301,-1.1274121468458216,-0.9320941296030667,-0.9231819725908447,-1.3219280948873624
0.13793103448275862,0,0.4000000000000057,1,0,1,0,0,0,1,0,0,1,0,0,0,0,0.0,1.0,0.0,0.0,0.0,0.0,0.0,0.0,0.0,0.0,0.0,0.0,1,0,0,0,0,1,0,0,0,1,0,0,0,0,0,0,0,-0.44295302013422816,0.18022032578977337,-1.4070699871624215,-0.5973579848037531,-0.09440525778300253,-0.05962431082057667,0.0
0.0,0,0.0,1,1,0,0,0,1,0,0,0,0,0,0,1,0,0.0,0.0,0.0,0.0,0.0,1.0,0.0,0.0,0.0,0.0,0.0,0.0,1,0,0,1,0,0,0,0,0,0,0,0,0,0,0,1,0,0.7651006711409396,0.15864320248150596,0.22276933704285976,-0.33313313904221287,0.8775206584661518,0.908700463159222,0.0
-0.5172413793103449,1,0.4000000000000057,1,0,0,1,0,1,0,0,0,0,0,0,1,0,0.0,0.0,1.0,0.0,0.0,0.0,0.0,0.0,0.0,0.0,0.0,0.0,0,0,0,0,0,1,0,0,0,1,0,0,0,0,0,0,0,-0.2751677852348994,-0.24114420647973764,-0.43488040245666615,0.5402881638044359,-0.6154774966199021,-0.5234324523010943,0.4854268271702419
-0.5862068965517241,1,0.4000000000000057,1,0,0,1,0,1,0,0,0,0,0,0,1,0,0.0,0.0,0.0,0.0,0.0,0.0,0.0,0.0,0.0,0.0,0.0,1.0,0,0,0,0,1,0,0,0,0,0,0,0,1,0,0,0,0,-0.03355704697986583,-0.24114420647973764,0.21358707059997695,0.3736703603919092,0.23838864594233974,0.08283225866466219,0.0
0.5862068965517241,0,0.30000000000001137,1,0,1,0,0,1,0,0,0,0,0,0,1,0,0.0,0.0,0.0,0.0,0.0,0.0,0.0,0.0,0.0,0.0,1.0,0.0,1,0,0,0,0,0,0,0,0,0,0,1,0,0,0,0,0,1.0805369127516775,1.242026012774639,0.5167331622023432,-0.2153165603828081,0.993809661976111,1.3263342348286624,0.26303440583379395
-0.9655172413793104,0,0.0,1,0,0,1,0,1,0,0,0,0,0,0,1,0,0.0,1.0,0.0,0.0,0.0,0.0,0.0,0.0,0.0,0.0,0.0,0.0,0,0,0,0,1,0,0,0,0,1,0,0,0,0,0,0,0,-0.14093959731543623,-0.7047357773632381,0.10233889954846202,0.3736703603919092,-0.2988608636367374,-0.1933425405422934,0.0
0.7931034482758621,0,0.6000000000000227,1,0,1,0,0,1,0,0,0,0,0,0,1,0,0.0,0.0,0.0,0.0,0.0,0.0,1.0,0.0,0.0,0.0,0.0,0.0,1,0,0,0,0,1,0,0,0,0,0,1,0,0,0,0,0,0.395973154362416,1.8039706099844703,0.597770591349551,0.09954602329692071,-0.11459349848569159,0.10896685056689351,-1.3219280948873624
-0.8620689655172413,0,0.700000000000017,1,0,0,1,0,1,0,0,0,0,0,0,1,0,0.0,1.0,0.0,0.0,0.0,0.0,0.0,0.0,0.0,0.0,0.0,0.0,1,0,0,0,0,0,0,0,0,1,0,0,0,0,0,0,0,0.34228187919463077,-0.8379180088710965,-0.19773162727640384,0.09954602329692071,-0.17839578835790348,-0.1933425405422934,0.4854268271702419
-0.2413793103448276,1,0.9000000000000057,1,0,1,0,0,1,0,0,0,0,0,0,1,0,0.0,0.0,1.0,0.0,0.0,0.0,0.0,0.0,0.0,0.0,0.0,0.0,0,0,0,0,1,0,0,0,0,0,0,0,1,0,0,0,0,-0.18791946308724833,-0.3352076020944373,-0.5093690659347364,0.09954602329692071,1.1601326019669986,1.1794650380972311,-0.32192809488736235
-0.6551724137931034,0,0.0,0,0,0,0,1,0,0,0,1,0,0,0,0,1,0.0,0.0,0.0,0.0,0.0,0.0,0.0,0.0,0.0,0.0,0.0,1.0,0,1,0,1,1,0,0,0,0,1,0,0,0,1,1,0,0,0.2885906040268456,-0.9731365192596315,0.11546444126591218,-0.45971183619556405,-0.9320941296030667,-0.9231819725908447,-0.32192809488736235
0.5172413793103449,1,0.4000000000000057,1,0,1,0,0,1,0,0,0,0,0,0,1,0,1.0,0.0,0.0,0.0,0.0,0.0,0.0,0.0,0.0,0.0,0.0,0.0,0,0,0,1,0,0,1,0,0,0,0,0,0,0,0,0,0,0.7651006711409396,0.4974900862118608,0.17002977323251345,0.285888863509545,-0.4843305931653706,-0.3578507794449409,-1.3219280948873624
2.0,1,0.5,0,0,0,0,1,0,0,0,1,0,0,1,0,0,1.0,0.0,0.0,0.0,0.0,0.0,0.0,0.0,0.0,0.0,0.0,0.0,0,0,0,0,0,1,0,0,0,0,0,0,0,0,0,0,0,-0.3221476510067114,-0.20166267368235397,-0.6153721907350752,-0.45971183619556405,-0.9320941296030667,-0.9231819725908447,-0.736965594166206
0.27586206896551724,1,0.30000000000001137,1,0,1,0,0,1,0,0,0,0,0,0,1,0,0.0,0.0,1.0,0.0,0.0,0.0,0.0,0.0,0.0,0.0,0.0,0.0,1,1,0,0,0,1,0,0,0,0,0,0,0,0,0,0,0,-0.03355704697986583,1.190305276385636,0.17946415305915417,0.19466105017012347,0.8307526761998298,0.908700463159222,0.0
-0.06896551724137931,0,1.0,1,0,0,0,1,0,0,0,1,0,0,0,0,1,0.0,0.0,1.0,0.0,0.0,0.0,0.0,0.0,0.0,0.0,0.0,0.0,0,0,0,1,1,0,1,0,0,0,0,0,0,0,0,0,0,-0.18791946308724833,-0.6897398755242,-0.10274078811080618,0.19466105017012347,0.2804552591354187,0.319689794753462,0.6780719051126377
0.0,1,0.20000000000001705,1,0,0,1,0,1,0,0,0,0,0,0,1,0,0.0,0.0,0.0,0.0,0.0,0.0,0.0,0.0,0.0,1.0,0.0,0.0,0,0,0,1,0,0,0,0,0,0,0,0,0,0,0,0,0,-0.0738255033557047,-0.8526621923315478,0.21665359568412523,0.9855710999281423,-0.41506133301186154,-0.5234324523010943,-0.32192809488736235
0.3448275862068966,1,0.9000000000000057,1,0,0,1,0,1,0,0,0,0,0,0,1,0,0.0,0.0,0.0,1.0,0.0,0.0,0.0,0.0,0.0,0.0,0.0,0.0,0,0,0,0,0,1,0,0,0,1,0,0,0,0,0,0,0,-0.3221476510067114,-0.3352076020944373,-0.8699291640149156,0.45836890322464535,0.5072642600343616,0.29807298457586645,0.6780719051126377
0.3448275862068966,1,0.20000000000001705,0,0,0,0,1,0,0,0,1,0,0,0,0,1,0.0,0.0,0.0,0.0,0.0,0.0,0.0,0.0,0.0,1.0,0.0,0.0,0,0,0,0,0,1,0,0,0,1,1,0,0,0,0,0,0,-0.2684563758389262,-0.4567719886131514,-0.4767147906515723,-0.33313313904221287,-0.4843305931653706,-0.46159098629542233,-0.736965594166206
-0.3448275862068966,0,1.0,1,0,1,0,0,1,0,0,0,0,0,0,1,0,0.0,0.0,0.0,0.0,1.0,0.0,0.0,0.0,0.0,0.0,0.0,0.0,1,0,0,0,0,0,1,0,0,0,1,0,0,0,0,0,0,-0.14093959731543623,0.21598803520324697,-0.45556765393220555,1.1200840609177067,-0.05542236995815684,-0.09103698790077436,-0.32192809488736235
0.13793103448275862,0,0.9000000000000057,1,0,0,1,0,1,0,0,0,0,0,0,1,0,0.0,0.0,0.0,0.0,1.0,0.0,0.0,0.0,0.0,0.0,0.0,0.0,0,0,0,0,0,0,1,0,0,0,1,0,0,0,1,0,0,-0.3221476510067114,-0.39157887842363553,-0.5845553830655271,0.19466105017012347,-0.11459349848569159,-0.2703937395026851,0.6780719051126377
1.9310344827586208,0,0.9000000000000057,1,0,1,0,0,0,1,0,0,1,0,0,0,0,0.0,0.0,0.0,0.0,0.0,0.0,0.0,0.0,1.0,0.0,0.0,0.0,0,0,0,1,0,0,0,0,0,1,1,0,0,0,0,0,0,-0.13422818791946312,-0.8010401320658188,-0.20185204252549713,0.0,-0.018100638189351426,0.23079549314771114,-0.32192809488736235
-0.1724137931034483,1,0.20000000000001705,1,0,1,0,0,1,0,0,0,0,0,0,1,0,0.0,0.0,0.0,0.0,0.0,0.0,1.0,0.0,0.0,0.0,0.0,0.0,0,0,0,1,0,1,0,0,0,0,0,0,0,0,0,0,1,0.7651006711409396,1.6240194176053853,1.0013012885511998,1.5514161815217586,0.5416760920058674,0.908700463159222,-0.32192809488736235
-0.3103448275862069,0,0.0,1,0,0,1,0,1,0,0,0,0,1,0,0,0,0.0,0.0,0.0,0.0,0.0,0.0,0.0,0.0,1.0,0.0,0.0,0.0,0,0,0,1,0,0,0,0,0,1,0,0,0,0,0,0,1,0.48993288590604017,-0.07476435593067499,-0.11808637166111347,-0.45971183619556405,-0.5233438140443791,-0.4071075610119756,-0.736965594166206
-0.6551724137931034,0,0.30000000000001137,1,0,0,0,1,1,0,0,0,0,0,0,1,0,0.0,0.0,0.0,0.0,0.0,0.0,0.0,0.0,1.0,0.0,0.0,0.0,0,0,0,1,0,0,1,0,0,0,0,0,0,0,0,0,0,-0.05369127516778523,-1.4148862444835157,-0.20185204252549713,-0.2153165603828081,-0.6154774966199021,-0.5234324523010943,-0.736965594166206
-0.06896551724137931,1,0.5,1,0,0,1,0,1,0,0,0,0,0,0,1,0,0.0,1.0,0.0,0.0,0.0,0.0,0.0,0.0,0.0,0.0,0.0,0.0,0,0,0,0,0,1,0,0,0,0,1,0,0,0,0,0,0,0.2885906040268456,0.9844438791572426,0.986799136111405,1.6088746125432187,0.713094154941621,0.908700463159222,0.26303440583379395
-0.6551724137931034,1,0.9000000000000057,1,0,1,0,0,1,0,0,0,0,0,0,1,0,0.0,0.0,0.0,0.0,1.0,0.0,0.0,0.0,0.0,0.0,0.0,0.0,0,0,0,0,1,0,0,0,0,0,0,0,0,0,0,0,0,-0.18791946308724833,-0.4324513550552792,-0.6153721907350752,0.09954602329692071,0.8116943129959044,0.9375507803116744,0.26303440583379395
0.0,0,0.20000000000001705,1,0,1,0,0,1,0,0,0,0,1,0,0,0,0.0,0.0,0.0,0.0,0.0,0.0,0.0,0.0,0.0,0.0,0.0,1.0,0,0,0,1,0,0,1,0,0,0,0,0,0,1,1,1,0,-0.17449664429530204,-0.3742783790491816,-0.6673446300654058,-0.5973579848037531,-0.2241178154456085,-0.12368293201134385,0.4854268271702419
-0.8275862068965517,0,0.0,0,0,0,0,1,1,0,0,0,0,0,0,1,0,0.0,0.0,0.0,0.0,0.0,0.0,1.0,0.0,0.0,0.0,0.0,0.0,0,0,0,0,1,0,1,0,0,0,0,1,0,0,0,0,0,-0.28187919463087246,-0.7681275927131729,-0.825464332980539,-0.7496097847521995,-0.27300404985656557,-0.09103698790077436,-0.736965594166206
0.1724137931034483,1,0.10000000000002274,1,0,1,0,0,1,0,0,0,0,0,0,1,0,0.0,0.0,0.0,0.0,0.0,0.0,0.0,0.0,0.0,0.0,1.0,0.0,0,0,0,1,0,0,0,0,0,0,0,1,1,0,0,0,0,-0.13422818791946312,0.694135635096232,0.03146632462321312,1.1200840609177067,0.23838864594233974,0.29807298457586645,-0.32192809488736235
1.1379310344827587,0,0.6000000000000227,1,0,1,0,0,1,0,0,0,0,0,0,1,0,0.0,0.0,0.0,0.0,0.0,0.0,0.0,0.0,0.0,0.0,1.0,0.0,0,0,0,1,0,0,0,1,0,0,0,0,0,0,0,0,0,0.7651006711409396,0.6524865256558637,0.426711194039265,0.09954602329692071,0.6297386331638595,0.908700463159222,0.0
-0.3103448275862069,0,0.5,1,1,0,0,0,1,0,0,0,0,0,0,1,0,0.0,1.0,0.0,0.0,0.0,0.0,0.0,0.0,0.0,0.0,0.0,0.0,1,1,1,0,0,0,1,0,0,0,0,0,0,0,0,1,0,-0.22818791946308725,1.8491940383706194,-0.6153721907350752,-0.33313313904221287,0.06913557571732576,0.1344558448132036,-0.736965594166206
0.9655172413793104,1,0.20000000000001705,1,0,0,0,1,0,0,0,1,0,0,0,0,1,0.0,0.0,0.0,0.0,0.0,0.0,0.0,0.0,0.0,0.0,0.0,1.0,1,1,0,1,0,1,0,0,0,1,0,0,0,0,0,0,0,-0.026845637583892613,0.0896843553276926,-0.47138319859923367,-0.10466081047388179,-0.17839578835790348,-0.2703937395026851,0.6780719051126377
0.13793103448275862,0,0.4000000000000057,1,0,0,1,0,1,0,0,0,0,0,0,1,0,0.0,0.0,0.0,0.0,0.0,0.0,0.0,0.0,1.0,0.0,0.0,0.0,0,0,0,0,1,0,0,0,0,1,0,0,0,0,0,0,0,0.832214765100671,-0.7314254304392245,0.4985469038172765,-0.2153165603828081,0.8212493896867531,1.1794650380972311,0.0
-0.1724137931034483,1,0.0,1,0,1,0,0,1,0,0,0,0,0,0,1,0,1.0,0.0,0.0,0.0,0.0,0.0,0.0,0.0,0.0,0.0,0.0,0.0,0,0,0,0,0,0,0,0,0,1,0,1,0,0,0,0,0,-0.18120805369127516,-0.11543157810038991,-0.4046496979064352,-0.2153165603828081,0.5641777020802599,0.8495918482279355,0.0
0.896551724137931,0,0.6000000000000227,1,0,1,0,0,1,0,0,0,0,0,0,1,0,0.0,0.0,0.0,0.0,0.0,0.0,0.0,0.0,1.0,0.0,0.0,0.0,0,0,0,1,0,0,0,0,0,0,0,0,0,0,0,0,0,-0.11409395973154363,0.2665588659846978,0.6370849333657261,1.3732414552244092,1.1116574481903712,1.3263342348286624,0.0
0.6551724137931034,1,0.8000000000000114,1,0,0,1,0,0,0,0,1,0,0,0,0,1,0.0,1.0,0.0,0.0,0.0,0.0,0.0,0.0,0.0,0.0,0.0,0.0,0,0,0,0,1,1,1,0,0,0,0,0,0,0,0,0,0,-0.06040268456375844,-0.9395712351549009,0.4643035899639541,0.9855710999281423,-0.6735777313074641,-0.5967878560467649,0.8479969065549505
0.41379310344827586,1,0.4000000000000057,1,0,1,0,0,1,0,0,0,0,0,0,1,0,0.0,0.0,1.0,0.0,0.0,0.0,0.0,0.0,0.0,0.0,0.0,0.0,1,0,0,0,0,1,0,0,0,0,0,1,0,0,0,0,0,0.48993288590604017,1.597085198176199,1.1901217251092782,0.3736703603919092,-0.11459349848569159,0.10896685056689351,-1.3219280948873624
0.034482758620689655,0,0.10000000000002274,1,0,0,0,1,0,0,0,1,0,0,0,0,1,0.0,0.0,1.0,0.0,0.0,0.0,0.0,0.0,0.0,0.0,0.0,0.0,0,0,0,1,0,0,0,0,0,1,1,0,1,0,0,0,0,1.0805369127516775,-0.4993573777093563,0.2105147321824801,0.0,0.2804552591354187,0.319689794753462,1.2630344058337943
0.13793103448275862,1,0.20000000000001705,1,0,0,1,0,1,0,0,0,0,0,0,1,0,0.0,0.0,0.0,0.0,0.0,0.0,0.0,0.0,0.0,0.0,0.0,1.0,0,0,0,1,0,0,0,0,0,0,1,0,0,0,0,0,0,0.34228187919463077,-0.01784020083750171,0.33489363420573676,0.5402881638044359,0.44800577741465486,0.46159098629542217,0.0
-0.4827586206896552,1,0.8000000000000114,1,0,0,1,0,1,0,0,0,0,0,0,1,0,0.0,0.0,0.0,0.0,0.0,1.0,0.0,0.0,0.0,0.0,0.0,0.0,0,0,0,0,1,0,1,0,0,0,0,0,0,0,0,0,0,0.48993288590604017,-0.6093568797567119,0.5500593462047302,0.285888863509545,-0.11459349848569159,-0.12368293201134385,0.26303440583379395
-0.27586206896551724,0,0.5,1,1,0,0,0,1,0,0,0,0,0,0,1,0,0.0,0.0,0.0,0.0,0.0,0.0,0.0,0.0,0.0,1.0,0.0,0.0,1,1,1,0,0,0,0,0,0,0,0,0,0,0,0,1,0,-0.05369127516778523,-0.15931254875631254,0.9321469842455483,1.721158710337855,0.1646980600933915,-0.09103698790077436,1.1375035237499354
1.8620689655172413,0,1.0,1,0,0,0,1,0,0,0,1,0,0,1,0,0,1.0,0.0,0.0,0.0,0.0,0.0,0.0,0.0,0.0,0.0,0.0,0.0,0,0,0,1,0,1,0,0,0,0,0,0,0,0,0,0,0,-0.44295302013422816,0.49433737140684947,-1.4070699871624215,-1.1274121468458216,-0.6154774966199021,-0.5234324523010943,-1.3219280948873624
0.8275862068965517,0,0.20000000000001705,1,0,0,0,1,0,0,0,1,0,0,0,0,1,0.0,0.0,0.0,0.0,0.0,0.0,0.0,0.0,0.0,0.0,0.0,1.0,0,0,0,1,0,0,0,0,0,0,0,0,0,0,0,0,1,1.0805369127516775,-0.33564392202448834,0.7017665768645577,0.45836890322464535,-0.9320941296030667,-0.9231819725908447,-0.736965594166206
0.3448275862068966,1,0.20000000000001705,1,0,0,1,0,1,0,0,0,0,0,0,1,0,0.0,0.0,0.0,0.0,0.0,0.0,0.0,0.0,0.0,1.0,0.0,0.0,0,0,0,1,0,0,0,0,0,1,0,0,1,0,0,0,0,-0.046979865771812096,-0.7166662387121493,0.038365818938879775,0.6196850107744367,0.5973095079532761,0.46159098629542217,0.6780719051126377
1.2758620689655173,0,1.0,1,0,0,1,0,1,0,0,0,0,0,0,1,0,0.0,0.0,0.0,0.0,0.0,0.0,1.0,0.0,0.0,0.0,0.0,0.0,0,0,0,0,0,0,1,0,1,0,1,0,0,0,0,0,0,0.34228187919463077,0.11157133761439983,0.5296187928408455,0.5402881638044359,0.42357730004446903,0.44222257845083546,0.26303440583379395
0.896551724137931,1,0.700000000000017,1,0,0,0,1,0,1,0,0,1,0,0,0,0,0.0,0.0,0.0,0.0,0.0,0.0,1.0,0.0,0.0,0.0,0.0,0.0,0,0,0,1,0,0,0,0,0,1,0,0,0,0,0,0,0,-0.44295302013422816,-0.6862873914202529,-1.4070699871624215,-2.039507733308835,-0.2481240298807802,-0.2703937395026851,0.26303440583379395
-0.5172413793103449,0,0.8000000000000114,1,0,0,1,0,1,0,0,0,0,0,0,1,0,0.0,0.0,0.0,1.0,0.0,0.0,0.0,0.0,0.0,0.0,0.0,0.0,0,0,0,1,0,0,1,0,0,0,0,0,0,0,1,0,0,1.0805369127516775,0.1426247182901423,0.5928019577416314,0.09954602329692071,-0.13529307677780772,0.08283225866466219,-1.3219280948873624
0.5862068965517241,1,0.30000000000001137,1,0,1,0,0,1,0,0,0,0,0,0,1,0,0.0,0.0,0.0,0.0,0.0,1.0,0.0,0.0,0.0,0.0,0.0,0.0,1,0,0,0,0,0,0,0,0,1,0,1,0,0,0,0,0,0.832214765100671,1.7200131654663924,0.426711194039265,0.0,0.993809661976111,1.3263342348286624,-0.736965594166206
-0.034482758620689655,1,0.6000000000000227,1,0,0,1,0,1,0,0,0,0,0,0,1,0,0.0,0.0,0.0,1.0,0.0,0.0,0.0,0.0,0.0,0.0,0.0,0.0,1,1,0,0,0,1,0,0,0,0,0,0,0,0,0,0,0,-0.20134228187919465,0.08335379115453657,-0.17329808101707983,0.19466105017012347,0.5072642600343616,0.5902452854112349,-0.32192809488736235
-0.41379310344827586,0,0.700000000000017,1,0,0,1,0,1,0,0,0,0,0,0,1,0,0.0,0.0,0.0,0.0,0.0,0.0,1.0,0.0,0.0,0.0,0.0,0.0,0,0,0,0,1,0,0,0,0,1,0,0,0,0,0,0,0,0.34228187919463077,-0.3037796961659167,0.04180324544858579,0.3736703603919092,-0.20089933647209446,-0.05962431082057667,-0.32192809488736235
-0.4827586206896552,1,0.10000000000002274,1,1,0,0,0,1,0,0,0,0,0,0,1,0,0.0,0.0,0.0,0.0,1.0,0.0,0.0,0.0,0.0,0.0,0.0,0.0,1,0,1,0,0,0,1,0,0,0,0,0,0,0,0,1,0,0.48993288590604017,1.0224687914147597,0.24700619598681203,0.5402881638044359,0.6509890353127565,1.0215354196458677,-0.32192809488736235
0.3103448275862069,0,0.8000000000000114,1,0,0,1,0,1,0,0,0,0,0,0,0,1,0.0,1.0,0.0,0.0,0.0,0.0,0.0,0.0,0.0,0.0,0.0,0.0,0,0,0,1,0,0,1,1,0,0,0,0,0,0,0,0,0,1.0805369127516775,-0.6093568797567119,1.025961023138489,1.493023283211703,-0.11459349848569159,-0.09103698790077436,0.26303440583379395
0.5862068965517241,0,0.0,0,0,0,0,1,1,0,0,0,0,0,0,1,0,0.0,0.0,0.0,0.0,0.0,0.0,0.0,0.0,1.0,0.0,0.0,0.0,1,0,0,1,0,0,0,1,0,0,0,0,0,0,0,0,0,-0.3758389261744966,0.0,-0.8792714562108573,0.6967790260802048,-0.09440525778300253,-0.12368293201134385,0.26303440583379395
1.2758620689655173,0,0.9000000000000057,1,0,0,1,0,1,0,0,0,0,0,0,1,0,0.0,0.0,0.0,0.0,1.0,0.0,0.0,0.0,0.0,0.0,0.0,0.0,1,0,0,0,0,1,0,0,0,0,0,1,0,0,0,0,0,-0.2348993288590604,1.5010162039683594,-0.23533687030549674,0.45836890322464535,0.7729386196912933,0.908700463159222,-0.32192809488736235
1.0344827586206897,1,0.20000000000001705,1,0,1,0,0,1,0,0,0,0,0,0,1,0,0.0,0.0,0.0,0.0,1.0,0.0,0.0,0.0,0.0,0.0,0.0,0.0,1,1,0,0,0,1,0,0,0,0,0,0,0,0,0,0,0,0.2885906040268456,1.6177512898067141,0.6612769579338184,0.6196850107744367,0.7532265959499519,0.908700463159222,0.0
1.2758620689655173,1,0.0,1,0,1,0,0,1,0,0,0,0,1,0,0,0,0.0,0.0,0.0,0.0,0.0,0.0,0.0,0.0,0.0,1.0,0.0,0.0,1,0,0,0,0,1,0,0,0,1,0,0,0,0,0,0,0,1.0805369127516775,2.1494317641036136,0.8210544110385787,0.285888863509545,0.9140822264296563,1.0215354196458677,0.26303440583379395
1.1379310344827587,1,0.0,1,0,1,0,0,1,0,0,0,0,0,0,1,0,0.0,0.0,0.0,0.0,0.0,0.0,0.0,0.0,1.0,0.0,0.0,0.0,1,0,0,1,0,0,0,0,0,0,0,1,0,0,0,0,0,1.0805369127516775,1.3574622523602715,1.1476369135837057,0.9160197607056829,1.0282035189173087,0.9375507803116744,0.0
1.896551724137931,0,0.9000000000000057,0,0,0,0,1,0,0,0,1,0,0,1,0,0,0.0,0.0,0.0,0.0,0.0,0.0,0.0,1.0,0.0,0.0,0.0,0.0,0,0,0,0,0,1,0,0,0,1,0,0,0,0,0,0,0,-0.44295302013422816,-0.5179513551658832,-1.4070699871624215,-2.039507733308835,-0.6735777313074641,-0.5967878560467649,-1.3219280948873624
-0.4482758620689655,1,0.10000000000002274,1,0,0,1,0,1,0,0,0,0,0,0,1,0,0.0,0.0,0.0,0.0,1.0,0.0,0.0,0.0,0.0,0.0,0.0,0.0,0,0,0,1,0,0,0,0,0,1,0,0,0,0,0,0,0,0.2885906040268456,0.32901112733950366,0.09573313968017547,1.249099671807958,-0.05542236995815684,-0.09103698790077436,0.0
-0.41379310344827586,1,0.0,1,0,0,1,0,1,0,0,0,0,0,0,1,0,0.0,0.0,0.0,0.0,0.0,0.0,1.0,0.0,0.0,0.0,0.0,0.0,1,0,0,0,0,0,1,0,0,0,0,0,0,0,0,0,0,0.832214765100671,0.4233517043967463,0.27976335980698136,0.3736703603919092,0.294156817072996,0.5902452854112349,-0.32192809488736235
-0.5862068965517241,0,0.4000000000000057,1,0,0,1,0,0,0,0,1,0,0,0,0,1,0.0,0.0,0.0,0.0,0.0,0.0,0.0,0.0,0.0,0.0,1.0,0.0,0,0,0,1,0,0,0,0,0,1,0,1,0,0,0,0,0,-0.16778523489932887,-1.0164833979360608,-0.4451684124800391,0.0,-0.41506133301186154,-0.2703937395026851,0.0
-0.034482758620689655,0,0.8000000000000114,1,0,0,1,0,0,0,0,1,0,0,0,0,1,0.0,0.0,1.0,0.0,0.0,0.0,0.0,0.0,0.0,0.0,0.0,0.0,0,0,0,0,0,0,1,1,0,0,0,0,0,1,0,0,0,1.0805369127516775,-0.39203159980461283,0.6052005386613492,-0.9224233415693557,-0.2988608636367374,-0.1933425405422934,-0.736965594166206
0.6551724137931034,0,0.6000000000000227,1,0,0,1,0,1,0,0,0,0,0,0,1,0,0.0,0.0,0.0,0.0,0.0,0.0,1.0,0.0,0.0,0.0,0.0,0.0,1,1,0,1,0,0,0,0,0,0,0,0,0,0,0,0,0,0.395973154362416,-0.07006469201981451,0.24399604575224826,0.8447917637013288,0.6081950804690026,0.44222257845083546,0.26303440583379395
-0.10344827586206896,1,0.10000000000002274,1,1,0,0,0,1,0,0,0,0,0,0,1,0,0.0,0.0,0.0,0.0,0.0,0.0,0.0,0.0,0.0,0.0,1.0,0.0,0,0,1,0,0,0,1,0,0,0,0,0,0,1,0,1,0,-0.3288590604026846,1.0438253415430119,-0.520521063109647,-0.2153165603828081,-0.44845423396059875,-0.31255449400748914,-1.3219280948873624
0.6206896551724138,0,1.0,1,0,0,1,0,1,0,0,0,0,0,0,1,0,0.0,0.0,0.0,1.0,0.0,0.0,0.0,0.0,0.0,0.0,0.0,0.0,0,0,0,1,0,0,0,0,0,1,0,0,0,0,0,0,0,-0.11409395973154363,0.5352085855442678,0.02105458600161584,0.285888863509545,-0.2241178154456085,-0.2703937395026851,-0.32192809488736235
0.20689655172413793,0,0.20000000000001705,1,0,0,1,0,1,0,0,0,0,1,0,0,0,0.0,1.0,0.0,0.0,0.0,0.0,0.0,0.0,0.0,0.0,0.0,0.0,0,0,0,1,0,0,0,0,0,0,0,0,0,0,1,0,1,1.0805369127516775,-0.1408429124703228,0.6076710988622878,-0.33313313904221287,0.5641777020802599,0.319689794753462,1.0000000000000007
0.10344827586206896,1,0.30000000000001137,1,0,1,0,0,1,0,0,0,0,0,0,1,0,0.0,0.0,0.0,0.0,0.0,0.0,0.0,0.0,0.0,0.0,1.0,0.0,1,0,0,0,0,1,0,0,0,0,0,1,0,0,0,0,0,0.48993288590604017,1.5045491338286585,0.27976335980698136,-0.2153165603828081,0.8307526761998298,0.8495918482279355,0.4854268271702419
0.41379310344827586,0,0.8000000000000114,1,0,0,1,0,1,0,0,0,0,0,0,1,0,0.0,0.0,0.0,1.0,0.0,0.0,0.0,0.0,0.0,0.0,0.0,0.0,0,0,0,0,0,1,0,0,0,1,0,0,0,0,0,0,1,-0.3825503355704698,0.6372343064103223,-0.8607466044406755,0.0,0.05230698717915964,0.23079549314771114,-0.736965594166206
-0.7586206896551724,1,0.0,1,1,0,0,0,0,0,0,1,0,0,0,0,1,0.0,0.0,0.0,0.0,0.0,0.0,1.0,0.0,0.0,0.0,0.0,0.0,0,1,1,0,0,0,1,0,0,0,0,0,0,0,0,0,0,1.0805369127516775,-0.2050811431117187,0.10563096209977138,-0.45971183619556405,-0.6735777313074641,-0.5967878560467649,0.8479969065549505
-0.4827586206896552,0,0.9000000000000057,0,0,0,0,1,0,0,0,1,0,0,0,0,1,0.0,1.0,0.0,0.0,0.0,0.0,0.0,0.0,0.0,0.0,0.0,0.0,0,0,0,1,1,0,0,0,0,0,0,0,1,0,0,0,0,1.0805369127516775,-0.6098422765532504,0.8277421431316269,0.45836890322464535,0.20948337528249636,0.319689794753462,0.26303440583379395
0.2413793103448276,1,0.20000000000001705,1,0,1,0,0,1,0,0,0,0,0,0,1,0,0.0,0.0,1.0,0.0,0.0,0.0,0.0,0.0,0.0,0.0,0.0,0.0,1,1,0,0,0,1,0,0,0,0,0,0,0,0,0,0,0,0.395973154362416,1.8259565750545543,0.2738549936782156,0.6196850107744367,0.06913557571732576,0.10896685056689351,-0.736965594166206
-0.7586206896551724,0,0.30000000000001137,0,0,0,0,1,0,1,0,0,1,0,0,0,0,0.0,0.0,0.0,1.0,0.0,0.0,0.0,0.0,0.0,0.0,0.0,0.0,0,0,0,1,0,0,0,0,0,1,0,1,0,0,0,0,0,-0.05369127516778523,-0.07565498395272462,-0.4196493511307441,-0.5973579848037531,0.30770696263625097,-0.09103698790077436,1.678071905112638
-0.10344827586206896,1,1.0,1,1,0,0,0,1,0,0,0,0,0,0,1,0,0.0,0.0,0.0,0.0,0.0,0.0,0.0,0.0,0.0,0.0,1.0,0.0,1,0,1,0,0,1,1,0,0,0,0,0,1,0,0,1,0,0.832214765100671,1.3768032309626488,0.4880764020960248,0.5402881638044359,-0.3836980347548376,-0.31255449400748914,-0.736965594166206
0.6206896551724138,1,0.10000000000002274,1,0,1,0,0,1,0,0,0,0,0,0,1,0,0.0,0.0,0.0,0.0,0.0,1.0,0.0,0.0,0.0,0.0,0.0,0.0,0,0,0,0,0,0,0,0,0,1,1,0,0,0,0,0,0,0.832214765100671,1.4392273547110095,0.9469858451494911,1.249099671807958,1.103466026137682,1.1794650380972311,0.0
-0.06896551724137931,0,0.5,1,0,1,0,0,1,0,0,0,0,0,0,1,0,0.0,0.0,0.0,0.0,0.0,0.0,0.0,0.0,0.0,1.0,0.0,0.0,1,1,0,0,0,0,1,0,0,0,0,1,0,0,0,0,0,-0.13422818791946312,0.34734975759315984,-0.3561959783099968,-0.2153165603828081,-0.3836980347548376,-0.23079549314771128,-1.3219280948873624
-0.8275862068965517,0,0.20000000000001705,1,0,0,1,0,1,0,0,0,0,0,0,1,0,0.0,0.0,0.0,0.0,0.0,0.0,1.0,0.0,0.0,0.0,0.0,0.0,0,0,0,0,0,1,0,0,0,0,0,1,0,0,0,0,0,0.34228187919463077,-0.6114647887916422,-0.16126099688969012,-0.5973579848037531,0.1019714635793437,0.08283225866466219,0.26303440583379395
-0.3448275862068966,0,0.4000000000000057,1,0,0,0,1,0,0,0,1,0,0,0,0,1,0.0,0.0,0.0,0.0,0.0,0.0,0.0,0.0,1.0,0.0,0.0,0.0,0,0,0,1,0,0,1,0,0,0,0,0,0,0,0,0,0,-0.44295302013422816,-0.9634439254377122,-1.4070699871624215,-2.039507733308835,-0.35403388971568844,-0.2703937395026851,0.0
-0.6551724137931034,1,0.0,1,1,0,0,0,1,0,0,0,0,0,0,1,0,1.0,0.0,0.0,0.0,0.0,0.0,0.0,0.0,0.0,0.0,0.0,0.0,1,1,1,0,0,0,1,0,0,0,0,0,0,0,0,1,0,0.832214765100671,1.0431681225844076,0.8783646922583874,0.285888863509545,0.6926562399661667,0.8495918482279355,0.26303440583379395
-0.6896551724137931,0,0.700000000000017,1,0,0,0,1,0,0,0,1,0,0,0,0,1,0.0,0.0,1.0,0.0,0.0,0.0,0.0,0.0,0.0,0.0,0.0,0.0,0,1,0,1,1,0,0,0,0,0,0,0,0,0,0,0,0,-0.13422818791946312,-0.686657060445445,-0.3753043722993551,-0.33313313904221287,0.19475272581557568,0.319689794753462,0.26303440583379395
-0.10344827586206896,0,0.30000000000001137,0,0,0,0,1,1,0,0,0,0,0,0,1,0,0.0,0.0,0.0,0.0,0.0,0.0,0.0,0.0,1.0,0.0,0.0,0.0,0,0,0,0,1,0,1,0,0,1,0,0,0,0,0,0,0,-0.046979865771812096,-0.3942931959653598,0.18259650386818604,1.0535588884633251,0.30770696263625097,0.29807298457586645,0.0
0.1724137931034483,1,0.4000000000000057,1,1,0,0,0,1,0,0,0,0,0,0,1,0,0.0,0.0,0.0,1.0,0.0,0.0,0.0,0.0,0.0,0.0,0.0,0.0,0,0,0,1,0,0,0,0,0,0,0,0,0,0,0,0,0,1.0805369127516775,-0.07560779676944467,0.9064875210745492,0.19466105017012347,0.23838864594233974,0.3618329492587622,-0.736965594166206
0.8620689655172413,0,0.10000000000002274,1,0,0,1,0,0,0,0,1,0,0,0,0,1,0.0,0.0,0.0,0.0,0.0,0.0,0.0,0.0,0.0,0.0,0.0,1.0,0,0,0,1,0,1,0,0,0,1,0,0,0,0,0,0,0,-0.2550335570469799,-0.045259528456490984,-0.4608101309254607,0.285888863509545,-0.5664967330375806,-0.46159098629542233,-0.736965594166206
-0.13793103448275862,0,0.10000000000002274,1,0,1,0,0,1,0,0,0,0,0,0,1,0,0.0,1.0,0.0,0.0,0.0,0.0,0.0,0.0,0.0,0.0,0.0,0.0,1,0,0,1,0,1,0,1,0,0,0,0,1,0,0,0,0,1.0805369127516775,0.15145680102203068,0.27976335980698136,0.09954602329692071,0.7232184860973505,1.0215354196458677,0.0
0.10344827586206896,0,0.30000000000001137,0,0,0,0,1,0,0,1,0,0,0,1,0,0,0.0,0.0,0.0,0.0,0.0,0.0,0.0,1.0,0.0,0.0,0.0,0.0,1,0,0,0,0,0,1,0,0,0,0,0,0,0,0,0,0,-0.4026845637583893,-0.7207073610843463,-1.1627467428697298,-1.3945587590305173,-0.6735777313074641,-0.5967878560467649,-1.3219280948873624
-0.2413793103448276,0,0.8000000000000114,1,0,1,0,0,1,0,0,0,0,0,0,1,0,0.0,0.0,0.0,0.0,1.0,0.0,0.0,0.0,0.0,0.0,0.0,0.0,0,0,0,1,0,0,1,0,0,0,0,0,0,0,1,0,0,1.0805369127516775,-0.36905587375051807,0.7850419488452618,0.3736703603919092,0.22402635017168981,0.08283225866466219,-0.32192809488736235
-0.7241379310344828,1,0.9000000000000057,1,0,0,1,0,1,0,0,0,0,0,0,1,0,0.0,0.0,0.0,0.0,0.0,0.0,0.0,0.0,0.0,0.0,1.0,0.0,0,0,0,1,0,0,1,0,0,0,0,0,0,0,0,0,0,-0.19463087248322147,-0.8010401320658188,-0.22266911710613124,0.7717596693105655,-0.17839578835790348,-0.31255449400748914,0.26303440583379395
1.0,1,0.20000000000001705,1,0,1,0,0,1,0,0,0,0,0,0,1,0,0.0,0.0,0.0,0.0,0.0,0.0,1.0,0.0,0.0,0.0,0.0,0.0,0,0,0,1,0,0,0,0,0,0,0,1,0,0,0,0,1,0.832214765100671,1.6240194176053853,1.0564385913369785,2.7435618739879244,0.9587903084426829,0.9375507803116744,-0.32192809488736235
-0.6206896551724138,1,0.10000000000002274,1,0,0,1,0,1,0,0,0,0,0,0,1,0,1.0,0.0,0.0,0.0,0.0,0.0,0.0,0.0,0.0,0.0,0.0,0.0,0,0,0,0,1,0,0,0,0,1,0,0,1,0,0,0,0,-0.13422818791946312,-0.21112416233756554,-0.24385867879865641,0.09954602329692071,-0.20089933647209446,-0.31255449400748914,-0.32192809488736235
1.1379310344827587,1,0.700000000000017,0,0,0,0,1,0,0,0,1,0,0,1,0,0,0.0,0.0,0.0,0.0,0.0,0.0,0.0,0.0,0.0,0.0,0.0,1.0,0,0,0,0,0,1,1,0,0,0,0,0,0,0,0,0,0,-0.44295302013422816,-0.5939309009155682,-1.4070699871624215,-2.039507733308835,-0.6735777313074641,-0.5967878560467649,-0.736965594166206
0.06896551724137931,0,0.20000000000001705,0,0,0,0,1,0,1,0,0,1,0,0,0,0,0.0,0.0,0.0,0.0,0.0,0.0,0.0,0.0,1.0,0.0,0.0,0.0,0,0,0,1,0,0,0,0,0,0,1,0,0,0,0,0,0,-0.44295302013422816,-0.7166662387121493,-1.4070699871624215,-2.039507733308835,-0.35403388971568844,-0.2703937395026851,0.26303440583379395
-0.7931034482758621,1,1.0,1,1,0,0,0,1,0,0,0,0,0,0,1,0,0.0,0.0,0.0,0.0,0.0,0.0,0.0,0.0,0.0,0.0,0.0,1.0,1,1,1,0,0,0,1,0,0,0,0,0,0,0,0,1,0,0.0,0.704710734756267,-0.09513530558237804,-0.10466081047388179,0.19475272581557548,0.15934484576540012,-0.32192809488736235
1.3448275862068966,0,1.0,1,0,1,0,0,0,0,0,1,0,0,1,0,0,0.0,0.0,0.0,0.0,0.0,0.0,1.0,0.0,0.0,0.0,0.0,0.0,0,0,0,1,0,1,0,0,0,1,0,0,0,0,0,0,0,-0.16778523489932887,-1.0927814304686685,-0.5318151411288617,-1.1274121468458216,-0.9320941296030667,-0.9231819725908447,-0.736965594166206
-0.10344827586206896,0,0.8000000000000114,1,0,1,0,0,1,0,0,0,0,0,0,1,0,0.0,0.0,0.0,1.0,0.0,0.0,0.0,0.0,0.0,0.0,0.0,0.0,0,0,0,1,0,0,0,1,0,0,0,0,0,1,0,0,0,0.7651006711409396,0.3418396549406857,0.30609886382704177,-0.45971183619556405,0.7631112597443179,0.9375507803116744,-0.32192809488736235
-0.13793103448275862,0,1.0,1,0,0,1,0,1,0,0,0,0,0,0,1,0,0.0,0.0,0.0,0.0,0.0,0.0,0.0,1.0,0.0,0.0,0.0,0.0,0,0,0,0,0,0,1,0,0,1,1,0,0,0,0,0,0,1.0805369127516775,0.39073745074456007,1.0564385913369785,0.285888863509545,1.2385201468714548,1.0215354196458677,-0.32192809488736235
0.1724137931034483,1,0.8000000000000114,1,0,1,0,0,1,0,0,0,0,0,0,1,0,0.0,0.0,0.0,0.0,0.0,0.0,0.0,1.0,0.0,0.0,0.0,0.0,0,0,0,0,1,1,0,0,0,0,0,1,0,0,0,0,0,1.0805369127516775,1.2939358923914657,0.7205539106899983,0.19466105017012347,0.7232184860973505,0.908700463159222,0.4854268271702419
-1.0344827586206897,1,0.0,1,0,0,1,0,1,0,0,0,0,0,0,1,0,0.0,0.0,0.0,0.0,0.0,0.0,1.0,0.0,0.0,0.0,0.0,0.0,0,0,0,0,1,0,0,0,0,0,0,0,0,0,0,0,0,-0.14093959731543623,-1.519538098584911,0.028004138347778745,0.09954602329692071,0.7924253409608393,0.6421492205550592,0.0
-0.3793103448275862,1,0.0,1,0,0,1,0,1,0,0,0,0,0,0,1,0,0.0,0.0,1.0,0.0,0.0,0.0,0.0,0.0,0.0,0.0,0.0,0.0,0,0,0,0,0,0,1,0,0,0,0,0,0,0,0,0,0,-0.1476510067114094,0.5911867821606773,-0.2142986887887563,1.249099671807958,0.13379628652394823,0.2760665882784065,-0.736965594166206
-0.41379310344827586,0,1.0,1,0,0,1,0,1,0,0,0,0,0,0,0,1,0.0,0.0,0.0,0.0,0.0,0.0,0.0,0.0,0.0,0.0,1.0,0.0,0,0,0,0,1,0,0,0,0,0,0,0,1,0,0,0,0,-0.14093959731543623,-0.5602958728301602,-0.3327883408674097,0.6196850107744367,-0.6154774966199021,-0.5234324523010943,-0.32192809488736235
0.7931034482758621,0,0.9000000000000057,1,0,1,0,0,1,0,0,0,0,0,0,1,0,0.0,0.0,0.0,0.0,0.0,0.0,0.0,0.0,0.0,0.0,0.0,1.0,1,1,1,0,0,1,0,0,0,0,0,0,0,0,0,0,0,1.0805369127516775,0.23127110595816858,0.25001087817834017,-0.2153165603828081,0.6081950804690024,0.5902452854112349,0.4854268271702419
-0.20689655172413793,0,0.10000000000002274,1,0,1,0,0,1,0,0,0,0,0,0,1,0,0.0,0.0,0.0,0.0,0.0,0.0,0.0,0.0,0.0,1.0,0.0,0.0,0,0,0,0,0,1,1,0,0,0,0,0,0,0,0,0,0,-0.22818791946308725,0.5826406624138034,-0.8169732903463093,-0.7496097847521995,0.6926562399661667,0.9375507803116744,-0.32192809488736235
1.5172413793103448,1,1.0,1,0,0,1,0,0,0,0,1,0,0,0,0,1,0.0,0.0,0.0,0.0,0.0,0.0,1.0,0.0,0.0,0.0,0.0,0.0,0,1,1,0,0,1,0,0,0,0,0,0,0,0,0,0,0,0.832214765100671,-0.009913921746310927,0.3491139813485152,-0.2153165603828081,-0.27300404985656557,-0.31255449400748914,-0.32192809488736235
-0.4827586206896552,0,0.30000000000001137,1,0,1,0,0,1,0,0,0,0,0,0,1,0,0.0,1.0,0.0,0.0,0.0,0.0,0.0,0.0,0.0,0.0,0.0,0.0,0,1,0,0,0,0,0,0,0,0,0,0,0,0,1,0,0,1.0805369127516775,-0.5421460045676897,0.2105147321824801,-0.7496097847521995,-0.27300404985656557,-0.31255449400748914,-0.32192809488736235
-0.13793103448275862,1,0.10000000000002274,1,0,0,1,0,1,0,0,0,0,0,0,1,0,0.0,0.0,0.0,0.0,0.0,0.0,0.0,0.0,0.0,0.0,0.0,1.0,0,0,0,0,1,1,0,0,0,0,0,1,0,0,0,0,0,0.832214765100671,0.5826406624138034,0.4749063579690922,0.285888863509545,0.13379628652394823,0.08283225866466219,0.0
-0.13793103448275862,0,0.0,1,0,0,1,0,0,0,0,1,0,0,0,0,1,0.0,0.0,0.0,0.0,0.0,1.0,0.0,0.0,0.0,0.0,0.0,0.0,0,0,0,1,0,0,0,0,0,1,0,0,0,0,0,0,1,-0.2348993288590604,-1.0464190340575683,-0.5490349519486039,-0.33313313904221287,-0.9320941296030667,-0.9231819725908447,-1.3219280948873624
0.2413793103448276,0,0.4000000000000057,1,0,1,0,0,1,0,0,0,0,0,0,1,0,0.0,0.0,0.0,0.0,0.0,0.0,0.0,0.0,0.0,0.0,1.0,0.0,1,0,0,0,0,1,1,0,0,0,0,0,0,0,0,0,0,0.48993288590604017,0.664591106708574,0.6419461885554132,0.6196850107744367,0.7232184860973505,1.0215354196458677,0.0
0.7241379310344828,0,0.20000000000001705,1,0,1,0,0,0,0,0,1,0,0,0,0,1,0.0,0.0,0.0,0.0,0.0,0.0,1.0,0.0,0.0,0.0,0.0,0.0,0,0,0,1,0,0,0,0,0,0,0,0,0,0,0,0,1,-0.44295302013422816,0.16729276681295668,-1.4070699871624215,-0.7496097847521995,-0.1565449347162588,-0.05962431082057667,-0.32192809488736235
-0.5862068965517241,0,0.30000000000001137,1,0,1,0,0,1,0,0,0,0,0,0,1,0,0.0,1.0,0.0,0.0,0.0,0.0,0.0,0.0,0.0,0.0,0.0,0.0,0,0,0,1,0,0,0,0,0,1,0,0,0,0,0,0,0,1.0805369127516775,0.366243344965992,0.7322122110988268,-0.33313313904221287,0.8307526761998298,0.908700463159222,0.26303440583379395
0.2413793103448276,0,0.0,1,0,0,0,1,1,0,0,0,0,0,0,0,1,0.0,0.0,0.0,1.0,0.0,0.0,0.0,0.0,0.0,0.0,0.0,0.0,0,0,0,1,0,0,0,0,0,0,0,0,0,0,0,0,0,-0.4026845637583893,-0.11543157810038991,-1.0474359092160128,-0.9224233415693557,0.1646980600933915,0.319689794753462,0.26303440583379395
1.7241379310344827,1,0.4000000000000057,1,0,0,1,0,1,0,0,0,0,0,0,1,0,0.0,0.0,0.0,0.0,0.0,0.0,1.0,0.0,0.0,0.0,0.0,0.0,0,0,0,1,0,0,1,0,0,1,0,0,0,0,0,0,0,0.7651006711409396,1.1841830179166588,0.9363962465514284,1.249099671807958,0.7532265959499519,1.0215354196458677,-0.32192809488736235
2.3448275862068964,0,0.8000000000000114,1,0,0,0,1,0,0,1,0,0,0,1,0,0,0.0,0.0,0.0,0.0,0.0,1.0,0.0,0.0,0.0,0.0,0.0,0.0,1,1,0,0,0,1,0,0,0,0,0,0,0,0,0,0,0,-0.3825503355704698,0.7327076390627594,-1.0207610185191014,-0.9224233415693557,-0.1565449347162588,-0.029314871250031297,0.0
0.3448275862068966,1,0.0,1,0,1,0,0,1,0,0,0,0,0,0,1,0,0.0,0.0,0.0,0.0,0.0,0.0,0.0,0.0,1.0,0.0,0.0,0.0,0,0,0,0,0,0,1,0,0,0,0,0,0,0,0,0,0,0.2885906040268456,0.5019293343248449,0.4696124618418498,1.5514161815217586,0.8020865900590682,0.908700463159222,-0.32192809488736235
-0.7586206896551724,0,0.9000000000000057,1,0,0,1,0,1,0,0,0,0,0,0,1,0,0.0,0.0,0.0,0.0,0.0,0.0,0.0,0.0,1.0,0.0,0.0,0.0,0,0,0,1,0,0,1,0,0,0,0,0,0,0,0,0,0,0.2885906040268456,-0.8010401320658188,0.448285832475704,1.1852371380827535,-0.35403388971568844,-0.3578507794449409,-0.736965594166206
-0.2413793103448276,1,0.700000000000017,1,0,1,0,0,1,0,0,0,0,0,0,1,0,0.0,0.0,0.0,0.0,0.0,0.0,0.0,0.0,1.0,0.0,0.0,0.0,0,0,0,1,0,0,1,0,0,0,0,0,0,0,1,0,0,0.0,0.04127018094898012,0.1763256056922709,1.5514161815217586,1.062004244893531,1.3263342348286624,0.0
-0.20689655172413793,1,0.0,1,0,0,1,0,1,0,0,0,0,0,0,1,0,0.0,1.0,0.0,0.0,0.0,0.0,0.0,0.0,0.0,0.0,0.0,0.0,0,0,0,0,0,0,1,0,0,0,1,0,0,0,1,0,0,-0.3624161073825503,0.7485941715984595,-0.7017695328540805,-0.10466081047388179,0.8402050056512901,0.908700463159222,0.0
0.6551724137931034,1,0.10000000000002274,0,0,0,0,1,0,0,1,0,0,0,1,0,0,1.0,0.0,0.0,0.0,0.0,0.0,0.0,0.0,0.0,0.0,0.0,0.0,0,0,0,1,0,1,0,1,0,0,0,0,0,0,0,0,0,0.7651006711409396,-0.5579082016793048,-0.03580917950993587,-0.9224233415693557,0.1019714635793437,-0.029314871250031297,0.4854268271702419
-0.8275862068965517,0,0.4000000000000057,1,0,0,1,0,1,0,0,0,0,0,0,1,0,0.0,0.0,0.0,0.0,0.0,1.0,0.0,0.0,0.0,0.0,0.0,0.0,0,0,0,0,0,1,0,0,0,1,1,0,0,0,0,0,0,0.832214765100671,-0.6663220046356525,-0.03218629127367543,-1.3945587590305173,0.8116943129959044,0.2760665882784065,1.0000000000000007
0.13793103448275862,1,1.0,1,0,0,1,0,1,0,0,0,0,1,0,0,0,0.0,0.0,0.0,0.0,0.0,1.0,0.0,0.0,0.0,0.0,0.0,0.0,0,0,0,0,1,0,0,0,0,1,0,1,0,0,0,0,0,0.832214765100671,0.6593816652420126,0.5424192545815021,0.5402881638044359,1.2614902497898497,1.0215354196458677,0.0
0.06896551724137931,1,0.30000000000001137,1,0,1,0,0,1,0,0,0,0,0,0,1,0,0.0,0.0,0.0,0.0,0.0,0.0,0.0,1.0,0.0,0.0,0.0,0.0,0,0,0,0,1,1,0,0,0,0,0,1,0,0,0,0,0,1.0805369127516775,1.6014873252883866,0.4828193978242831,0.285888863509545,0.7029071326316836,0.908700463159222,0.4854268271702419
-0.3793103448275862,0,0.5,1,1,0,0,0,1,0,0,0,0,0,0,1,0,0.0,0.0,0.0,0.0,0.0,0.0,0.0,0.0,0.0,0.0,0.0,1.0,0,1,1,1,0,0,0,0,0,0,0,0,0,1,0,1,0,0.48993288590604017,1.573234822437525,0.5803260284644499,0.09954602329692071,-0.3836980347548376,-0.23079549314771128,-1.3219280948873624
-0.41379310344827586,0,0.0,1,1,0,0,0,1,0,0,0,0,0,0,1,0,0.0,0.0,0.0,0.0,0.0,0.0,0.0,0.0,0.0,1.0,0.0,0.0,0,0,0,1,0,0,1,0,0,0,0,0,0,0,0,1,0,1.0805369127516775,-0.5109356414615643,0.1219849611581071,-0.5973579848037531,-0.9320941296030667,-0.9231819725908447,-0.736965594166206
-0.9310344827586207,0,0.5,1,0,1,0,0,1,0,0,0,0,0,0,1,0,0.0,0.0,0.0,0.0,0.0,0.0,0.0,0.0,0.0,0.0,0.0,1.0,0,0,0,0,0,0,0,0,0,1,0,1,0,0,0,0,0,-0.16778523489932887,-0.7977735798848558,-0.5318151411288617,-0.33313313904221287,0.13379628652394845,0.23079549314771114,0.0
1.896551724137931,0,0.9000000000000057,1,0,0,0,1,0,0,1,0,0,0,1,0,0,1.0,0.0,0.0,0.0,0.0,0.0,0.0,0.0,0.0,0.0,0.0,0.0,0,0,0,1,0,1,0,0,0,0,0,0,0,0,0,0,0,0.0,0.23263600875892015,-0.42470012919432854,0.7717596693105655,-0.325819435233824,-0.2703937395026851,-0.32192809488736235
0.896551724137931,1,0.10000000000002274,1,0,0,1,0,1,0,0,0,0,0,0,1,0,0.0,0.0,0.0,0.0,0.0,0.0,0.0,0.0,0.0,0.0,1.0,0.0,0,0,0,1,0,0,0,0,0,0,0,0,0,0,0,0,0,-0.19463087248322147,-0.26094124593254925,0.10233889954846202,0.9160197607056829,-0.2481240298807802,-0.3578507794449409,0.4854268271702419
-0.8620689655172413,0,0.5,1,0,1,0,0,1,0,0,0,0,0,0,1,0,0.0,1.0,0.0,0.0,0.0,0.0,0.0,0.0,0.0,0.0,0.0,0.0,0,0,0,0,1,0,0,0,0,1,0,0,1,0,0,0,0,0.34228187919463077,-0.24700690023985125,-0.20598659311440579,-0.5973579848037531,0.11800444438775436,0.23079549314771114,-0.32192809488736235
0.2413793103448276,1,0.10000000000002274,1,0,1,0,0,1,0,0,0,0,0,0,0,1,0.0,0.0,0.0,0.0,0.0,0.0,0.0,0.0,0.0,0.0,1.0,0.0,0,0,0,1,0,0,0,0,0,0,0,0,0,0,0,0,0,1.0805369127516775,-0.12175641437018321,1.0341255796764321,0.285888863509545,-0.1565449347162588,-0.2703937395026851,0.26303440583379395
-0.7931034482758621,0,0.4000000000000057,0,0,0,0,1,1,0,0,0,0,1,0,0,0,0.0,1.0,0.0,0.0,0.0,0.0,0.0,0.0,0.0,0.0,0.0,0.0,0,0,0,0,1,0,0,0,0,1,0,0,1,0,0,0,0,-0.16778523489932887,-0.5412609421707992,-0.4874707035389301,0.09954602329692071,-0.5664967330375806,-0.5967878560467649,-0.736965594166206
0.3793103448275862,0,0.20000000000001705,1,0,1,0,0,1,0,0,0,0,0,0,1,0,0.0,0.0,0.0,0.0,0.0,0.0,0.0,0.0,0.0,0.0,1.0,0.0,0,0,0,1,0,0,0,0,0,1,1,0,0,0,0,0,0,0.34228187919463077,0.19413633357235605,-0.043083823973863074,-0.45971183619556405,1.1521317056178897,1.0215354196458677,0.8479969065549505
-0.3793103448275862,1,0.8000000000000114,1,0,0,1,0,1,0,0,0,0,0,0,1,0,0.0,1.0,0.0,0.0,0.0,0.0,0.0,0.0,0.0,0.0,0.0,0.0,0,0,0,0,1,0,0,0,0,1,0,0,1,0,0,0,0,1.0805369127516775,0.019454552458953958,0.8586905699897984,0.45836890322464535,1.1521317056178897,1.3263342348286624,0.0
-0.5517241379310345,1,0.5,1,1,0,0,0,1,0,0,0,0,0,0,1,0,0.0,0.0,0.0,0.0,0.0,0.0,0.0,0.0,0.0,0.0,1.0,0.0,1,1,1,0,0,0,1,0,0,0,0,0,0,0,0,1,0,0.832214765100671,0.875083367986401,1.0381976351618867,-0.10466081047388179,-0.2481240298807802,-0.05962431082057667,-1.3219280948873624
-0.27586206896551724,1,1.0,1,1,0,0,0,1,0,0,0,0,0,0,0,1,0.0,0.0,0.0,1.0,0.0,0.0,0.0,0.0,0.0,0.0,0.0,0.0,1,1,1,0,0,0,0,0,0,0,0,0,0,0,0,1,0,1.0805369127516775,0.11603599249459175,0.5627269822257706,0.285888863509545,-0.5664967330375806,-0.46159098629542233,0.0
0.1724137931034483,1,0.10000000000002274,1,0,1,0,0,1,0,0,0,0,0,0,1,0,0.0,0.0,0.0,0.0,0.0,0.0,0.0,0.0,0.0,0.0,0.0,1.0,0,0,0,1,0,0,0,0,0,0,0,1,0,0,1,0,0,-0.33557046979865773,1.3624799162936,-0.40962451913166026,0.7717596693105655,1.0869834864017194,1.0215354196458677,0.6780719051126377
-0.5517241379310345,0,0.8000000000000114,1,1,0,0,0,1,0,0,0,0,0,0,1,0,0.0,0.0,0.0,0.0,0.0,0.0,0.0,0.0,0.0,0.0,1.0,0.0,1,1,1,0,0,0,0,0,0,0,0,0,0,0,0,1,0,0.395973154362416,1.5649952971517442,0.722890675697265,0.5402881638044359,-0.44845423396059875,-0.31255449400748914,-1.3219280948873624
-0.13793103448275862,0,0.700000000000017,1,0,0,1,0,1,0,0,0,0,0,0,0,1,0.0,0.0,0.0,0.0,1.0,0.0,0.0,0.0,0.0,0.0,0.0,0.0,0,0,0,0,1,0,0,0,0,1,0,1,0,0,0,0,0,0.34228187919463077,0.21023961031282024,0.10563096209977138,0.09954602329692071,0.37334969101394155,0.2760665882784065,0.8479969065549505
0.4482758620689655,1,0.20000000000001705,1,0,0,0,1,0,0,0,1,0,0,0,0,1,1.0,0.0,0.0,0.0,0.0,0.0,0.0,0.0,0.0,0.0,0.0,0.0,0,0,0,1,0,1,0,0,0,0,0,0,0,0,0,0,0,-0.22818791946308725,-0.29602360444886033,-0.3996994441500668,-0.33313313904221287,-0.2481240298807802,-0.05962431082057667,0.0
0.7241379310344828,0,0.30000000000001137,1,0,0,0,1,1,0,0,0,0,0,0,0,1,0.0,0.0,0.0,0.0,1.0,0.0,0.0,0.0,0.0,0.0,0.0,0.0,1,0,0,0,0,0,1,0,0,0,0,0,0,0,0,0,0,1.0805369127516775,0.10053444735230624,0.14779361840531544,-0.5973579848037531,-0.09440525778300253,-0.2703937395026851,1.0000000000000007
-0.10344827586206896,0,0.20000000000001705,0,0,0,0,1,1,0,0,0,1,0,0,0,0,0.0,0.0,0.0,0.0,0.0,0.0,0.0,0.0,0.0,1.0,0.0,0.0,0,1,0,1,1,0,0,0,0,0,0,0,0,0,0,0,0,1.0805369127516775,-0.2292605672383729,0.2827097958462844,-0.2153165603828081,-0.5233438140443791,-0.5234324523010943,0.26303440583379395
-0.7241379310344828,1,0.5,0,0,0,0,1,0,0,0,1,0,0,0,0,1,1.0,0.0,0.0,0.0,0.0,0.0,0.0,0.0,0.0,0.0,0.0,0.0,0,0,0,1,0,0,1,0,0,0,0,0,0,0,0,1,0,-0.44295302013422816,0.10878479380285462,-1.4070699871624215,-2.039507733308835,-0.4843305931653706,-0.46159098629542233,0.0
0.27586206896551724,1,0.30000000000001137,1,0,0,1,0,1,0,0,0,0,0,0,1,0,0.0,0.0,0.0,0.0,0.0,0.0,0.0,0.0,0.0,0.0,1.0,0.0,0,0,0,1,0,0,1,1,0,0,0,0,0,0,0,0,0,-0.06040268456375844,-0.03051092749035372,-0.4196493511307441,0.3736703603919092,1.2462037612577945,0.9375507803116744,0.6780719051126377
-0.4482758620689655,0,0.4000000000000057,1,0,0,0,1,1,0,0,0,0,0,0,0,1,0.0,0.0,0.0,0.0,0.0,0.0,0.0,0.0,0.0,0.0,0.0,1.0,0,0,0,0,0,1,0,0,0,0,1,1,0,0,0,0,0,-0.03355704697986583,-0.03991034019839385,0.14459101231592855,0.09954602329692071,0.1019714635793437,-0.09103698790077436,0.6780719051126377
0.13793103448275862,1,0.6000000000000227,1,0,1,0,0,1,0,0,0,0,0,0,1,0,0.0,1.0,0.0,0.0,0.0,0.0,0.0,0.0,0.0,0.0,0.0,0.0,0,0,0,1,0,0,0,0,0,0,0,0,0,0,0,0,0,-0.09395973154362419,-0.8842201508910913,-0.028572924475072713,1.1852371380827535,-0.2988608636367374,-0.12368293201134385,-1.3219280948873624
-0.41379310344827586,0,0.20000000000001705,0,0,0,0,1,0,0,0,1,0,0,0,0,1,0.0,0.0,0.0,0.0,0.0,0.0,0.0,0.0,1.0,0.0,0.0,0.0,0,0,0,1,0,1,0,0,0,0,0,0,0,0,0,0,0,-0.18120805369127516,-0.39008148722117403,-0.745439513902728,-1.1274121468458216,-0.41506133301186154,-0.2703937395026851,-0.736965594166206
-0.4827586206896552,1,0.20000000000001705,1,1,0,0,0,1,0,0,0,0,0,0,1,0,0.0,0.0,1.0,0.0,0.0,0.0,0.0,0.0,0.0,0.0,0.0,0.0,0,0,1,0,0,0,1,0,0,0,0,0,0,0,0,1,0,0.395973154362416,1.456864773128073,0.017567097100799733,-0.2153165603828081,-0.2481240298807802,-0.05962431082057667,-1.3219280948873624
-0.4482758620689655,1,0.9000000000000057,1,0,1,0,0,1,0,0,0,0,0,0,0,1,0.0,0.0,0.0,0.0,0.0,0.0,0.0,0.0,0.0,0.0,1.0,0.0,0,0,0,1,0,0,0,0,0,0,0,0,0,0,0,0,0,1.0805369127516775,-0.8010401320658188,0.739176794465528,0.9160197607056829,-0.2481240298807802,-0.157719918514846,0.0
1.896551724137931,1,0.9000000000000057,1,0,1,0,0,1,0,0,0,0,0,0,1,0,0.0,1.0,0.0,0.0,0.0,0.0,0.0,0.0,0.0,0.0,0.0,0.0,1,0,0,0,0,0,0,0,0,0,0,1,0,0,0,0,0,1.0805369127516775,1.6143806929672153,0.4933188640870347,1.1200840609177067,-0.11459349848569159,0.10896685056689351,-1.3219280948873624
-0.7931034482758621,0,0.6000000000000227,1,0,0,0,1,1,0,0,0,0,0,0,1,0,0.0,1.0,0.0,0.0,0.0,0.0,0.0,0.0,0.0,0.0,0.0,0.0,0,0,0,0,1,1,0,0,0,1,0,0,0,0,0,0,0,-0.24832214765100669,-0.5641732947624077,-0.42470012919432854,0.19466105017012347,-0.3836980347548376,-0.31255449400748914,0.26303440583379395
0.10344827586206896,1,0.9000000000000057,1,0,0,1,0,1,0,0,0,0,0,0,1,0,0.0,0.0,0.0,0.0,0.0,0.0,0.0,0.0,0.0,0.0,0.0,1.0,0,0,0,0,0,0,0,0,0,1,0,0,0,0,1,0,0,0.2885906040268456,0.0038958916091473756,0.4076229891315837,1.3732414552244092,0.19475272581557568,0.44222257845083546,-0.32192809488736235
0.13793103448275862,0,0.6000000000000227,1,0,0,1,0,0,0,0,1,0,0,0,0,1,0.0,0.0,0.0,0.0,0.0,0.0,0.0,0.0,1.0,0.0,0.0,0.0,0,0,0,1,0,0,1,0,0,0,0,0,0,0,0,0,0,-0.44295302013422816,-0.6398388220261144,-1.4070699871624215,-2.039507733308835,-0.9320941296030667,-0.9231819725908447,-1.3219280948873624
-0.41379310344827586,0,0.700000000000017,1,0,0,0,1,0,0,0,1,0,0,0,0,1,0.0,0.0,0.0,0.0,0.0,0.0,0.0,0.0,0.0,1.0,0.0,0.0,0,0,0,1,1,0,0,0,0,0,0,0,0,0,0,0,0,0.34228187919463077,-0.8510113183480207,0.21665359568412498,0.45836890322464535,-0.5664967330375806,-0.5967878560467649,-0.32192809488736235
-0.3793103448275862,1,0.4000000000000057,1,0,0,1,0,1,0,0,0,0,0,0,1,0,0.0,0.0,0.0,1.0,0.0,0.0,0.0,0.0,0.0,0.0,0.0,0.0,0,0,0,0,1,0,0,0,0,0,0,0,0,0,0,0,0,1.0805369127516775,0.143285811480092,0.7414933054276021,0.3736703603919092,0.6615079760474513,0.8495918482279355,-0.32192809488736235
-0.41379310344827586,0,0.20000000000001705,1,0,0,1,0,0,1,0,0,1,0,0,0,0,0.0,0.0,1.0,0.0,0.0,0.0,0.0,0.0,0.0,0.0,0.0,0.0,0,0,0,1,1,0,0,0,0,0,0,0,0,0,0,0,0,0.2885906040268456,-0.6612370329677545,0.16687241318798832,0.285888863509545,0.13379628652394823,-0.1933425405422934,0.8479969065549505
0.3793103448275862,1,0.8000000000000114,1,0,0,1,0,1,0,0,0,0,0,0,1,0,0.0,0.0,1.0,0.0,0.0,0.0,0.0,0.0,0.0,0.0,0.0,0.0,0,0,0,0,1,0,0,0,0,1,1,0,0,0,0,0,0,0.832214765100671,0.3057820695922684,1.4578740016416545,1.3732414552244092,0.6190042601705491,0.8495918482279355,0.0
2.206896551724138,1,1.0,1,0,0,0,1,0,0,0,1,0,0,0,0,1,0.0,0.0,0.0,0.0,0.0,1.0,0.0,0.0,0.0,0.0,0.0,0.0,0,0,0,1,0,0,0,0,0,0,0,0,0,0,0,0,0,-0.06040268456375844,-0.4434338953866111,-0.17329808101707983,0.19466105017012347,-0.1565449347162588,-0.12368293201134385,0.4854268271702419
-0.20689655172413793,0,0.4000000000000057,1,0,0,1,0,1,0,0,0,0,0,0,1,0,0.0,0.0,0.0,0.0,0.0,0.0,0.0,0.0,0.0,1.0,0.0,0.0,1,0,0,0,0,1,1,0,0,0,0,0,0,0,0,0,0,0.48993288590604017,-0.24114420647973764,0.40487968752334175,-0.2153165603828081,0.01775576934642723,-0.12368293201134385,1.0000000000000007
0.0,0,0.20000000000001705,1,0,1,0,0,1,0,0,0,0,0,0,1,0,0.0,0.0,0.0,0.0,0.0,0.0,0.0,0.0,0.0,1.0,0.0,0.0,0,0,0,0,0,1,0,0,0,1,0,1,0,0,0,0,0,0.34228187919463077,1.420471158958128,0.08576969418217396,0.6196850107744367,0.9320941296030667,0.908700463159222,0.4854268271702419
-0.5862068965517241,0,0.10000000000002274,1,0,0,1,0,1,0,0,0,0,0,0,0,1,0.0,0.0,0.0,0.0,0.0,0.0,0.0,0.0,1.0,0.0,0.0,0.0,0,0,0,0,0,0,1,0,0,1,0,0,1,0,0,0,0,-0.15436241610738255,-0.9879925832824962,-0.30084944952764325,0.19466105017012347,-0.2241178154456085,-0.09103698790077436,-0.32192809488736235
-0.3103448275862069,0,0.30000000000001137,1,0,1,0,0,1,0,0,0,0,0,0,1,0,0.0,1.0,0.0,0.0,0.0,0.0,0.0,0.0,0.0,0.0,0.0,0.0,0,0,0,1,0,0,0,1,0,0,0,0,0,0,0,0,0,0.22818791946308717,0.366243344965992,-0.23958999910168696,-1.1274121468458216,-0.1565449347162588,-0.05962431082057667,0.26303440583379395
-0.034482758620689655,1,0.9000000000000057,1,1,0,0,0,1,0,0,0,0,0,0,1,0,0.0,0.0,0.0,0.0,0.0,0.0,0.0,0.0,0.0,0.0,0.0,1.0,0,0,0,0,0,1,1,0,0,0,0,1,0,0,0,1,0,0.832214765100671,1.2220948680212693,0.9533168001020266,0.285888863509545,0.7631112597443181,0.8495918482279355,0.4854268271702419
-0.6896551724137931,0,0.10000000000002274,1,0,1,0,0,1,0,0,0,0,0,0,1,0,0.0,0.0,0.0,0.0,0.0,0.0,0.0,0.0,0.0,0.0,1.0,0.0,0,0,0,1,0,0,0,0,0,1,0,0,0,0,0,0,0,0.34228187919463077,-0.21112416233756554,0.048653748101440956,0.3736703603919092,-0.2988608636367374,-0.2703937395026851,0.0
-0.7931034482758621,0,0.700000000000017,0,0,0,0,1,0,1,0,0,1,0,0,0,0,0.0,0.0,1.0,0.0,0.0,0.0,0.0,0.0,0.0,0.0,0.0,0.0,0,0,0,1,0,0,0,0,0,0,0,0,0,0,0,0,0,-0.44295302013422816,-0.7777808793069194,-1.4070699871624215,-2.039507733308835,0.03518566168186925,0.20748041370096285,-0.32192809488736235
2.206896551724138,1,0.8000000000000114,0,0,0,0,1,0,0,0,1,0,0,1,0,0,0.0,0.0,0.0,0.0,0.0,0.0,0.0,0.0,0.0,0.0,0.0,1.0,0,0,0,1,0,1,0,0,0,0,1,0,0,0,0,0,0,-0.3959731543624161,0.32400974061375143,-1.1431707216866394,-0.9224233415693557,-0.6154774966199021,-0.5234324523010943,-1.3219280948873624
-0.10344827586206896,1,0.20000000000001705,1,1,0,0,0,1,0,0,0,0,0,0,1,0,0.0,0.0,0.0,0.0,0.0,0.0,0.0,0.0,0.0,0.0,0.0,1.0,1,0,1,0,0,0,1,0,0,0,0,0,0,0,0,1,0,-0.03355704697986583,1.3519904900137258,0.37163007979390256,0.5402881638044359,0.294156817072996,0.3618329492587622,0.0
-0.4482758620689655,0,0.8000000000000114,1,0,1,0,0,1,0,0,0,0,0,0,1,0,0.0,0.0,0.0,0.0,1.0,0.0,0.0,0.0,0.0,0.0,0.0,0.0,0,0,0,0,1,0,0,0,0,0,0,0,0,0,0,0,0,1.0805369127516775,0.3418396549406857,0.5424192545815021,-0.45971183619556405,0.01775576934642723,0.0560003770413949,-0.736965594166206
0.4827586206896552,0,0.700000000000017,1,0,1,0,0,1,0,0,0,0,0,0,1,0,0.0,0.0,0.0,0.0,0.0,0.0,0.0,0.0,0.0,1.0,0.0,0.0,1,0,0,0,0,1,0,0,0,0,0,1,0,0,0,0,0,0.48993288590604017,1.7291341924558257,0.38555903225994265,-0.10466081047388179,1.1918348128693077,0.908700463159222,0.26303440583379395
0.5172413793103449,0,0.9000000000000057,0,0,0,0,1,0,0,0,1,0,0,0,0,1,0.0,0.0,0.0,0.0,1.0,0.0,0.0,0.0,0.0,0.0,0.0,0.0,0,0,0,0,0,1,0,0,0,1,1,0,0,0,0,0,0,-0.026845637583892613,0.3814248446341561,-0.23958999910168696,-0.45971183619556405,-0.4843305931653706,-0.5967878560467649,0.6780719051126377
-0.6206896551724138,0,0.9000000000000057,1,1,0,0,0,1,0,0,0,0,0,0,1,0,0.0,0.0,0.0,0.0,0.0,0.0,0.0,0.0,0.0,1.0,0.0,0.0,0,0,1,0,0,0,0,0,0,0,0,0,0,1,0,0,0,0.22818791946308717,-0.11174707130145274,0.09903964120625659,0.0,-0.6154774966199021,-0.5234324523010943,0.26303440583379395
-0.6206896551724138,1,0.20000000000001705,1,0,0,1,0,1,0,0,0,0,0,0,1,0,0.0,0.0,0.0,0.0,0.0,1.0,0.0,0.0,0.0,0.0,0.0,0.0,0,0,0,1,0,0,0,0,0,0,0,0,0,0,0,0,0,1.0805369127516775,-0.1978077554718954,0.7414933054276021,0.09954602329692071,-0.5664967330375806,-0.46159098629542233,-1.3219280948873624
-0.4827586206896552,1,0.10000000000002274,1,0,1,0,0,1,0,0,0,0,0,0,1,0,1.0,0.0,0.0,0.0,0.0,0.0,0.0,0.0,0.0,0.0,0.0,0.0,0,0,0,0,1,0,0,0,0,1,0,0,1,0,0,0,0,0.34228187919463077,-0.21112416233756554,0.017567097100799733,0.3736703603919092,0.37334969101394155,0.23079549314771114,-0.32192809488736235
-0.3448275862068966,0,0.5,0,0,0,0,1,0,1,0,0,1,0,0,0,0,0.0,0.0,0.0,0.0,0.0,0.0,1.0,0.0,0.0,0.0,0.0,0.0,0,0,0,1,0,0,0,0,0,0,0,0,0,0,1,0,0,1.0805369127516775,-0.4136006280563377,1.1024520654464036,1.493023283211703,0.2804552591354187,0.20748041370096285,0.4854268271702419
1.103448275862069,1,0.30000000000001137,1,0,1,0,0,1,0,0,0,0,0,0,1,0,0.0,0.0,0.0,0.0,0.0,0.0,0.0,0.0,0.0,0.0,0.0,1.0,1,1,0,0,0,1,0,0,0,0,0,0,0,0,0,0,0,0.48993288590604017,1.662140210939029,0.5576697287737643,0.3736703603919092,0.792425340960839,0.908700463159222,-0.32192809488736235
-0.3448275862068966,0,0.9000000000000057,1,0,1,0,0,1,0,0,0,0,0,0,1,0,0.0,0.0,0.0,0.0,0.0,0.0,0.0,1.0,0.0,0.0,0.0,0.0,0,0,0,0,0,1,1,0,0,0,0,1,0,0,0,0,0,-0.2751677852348994,1.172978415451015,-0.9083472531470409,0.285888863509545,0.8775206584661518,1.1794650380972311,0.4854268271702419
-0.06896551724137931,1,0.9000000000000057,1,0,0,1,0,1,0,0,0,0,0,0,1,0,0.0,0.0,0.0,1.0,0.0,0.0,0.0,0.0,0.0,0.0,0.0,0.0,0,0,0,1,0,1,0,0,0,0,0,0,0,0,0,0,1,0.06711409395973149,0.5525735065151025,0.2679257865576776,1.5514161815217586,0.294156817072996,0.44222257845083546,-0.32192809488736235
0.2413793103448276,0,0.20000000000001705,1,0,1,0,0,1,0,0,0,0,0,0,1,0,0.0,0.0,0.0,0.0,0.0,0.0,0.0,1.0,0.0,0.0,0.0,0.0,0,0,0,1,0,1,1,0,0,0,1,0,0,0,0,0,0,-0.28187919463087246,0.36013865535528666,-0.7232558260069953,-0.33313313904221287,-0.6735777313074641,-0.5967878560467649,-1.3219280948873624
0.41379310344827586,0,0.0,1,1,0,0,0,1,0,0,0,0,0,0,1,0,0.0,0.0,0.0,0.0,0.0,0.0,0.0,0.0,1.0,0.0,0.0,0.0,1,0,0,1,0,0,0,1,0,0,0,0,0,0,0,0,0,0.7651006711409396,0.5019293343248449,0.5928019577416314,0.0,-0.07469223430248058,-0.09103698790077436,-0.32192809488736235
-0.5517241379310345,1,0.10000000000002274,1,1,0,0,0,1,0,0,0,0,0,0,1,0,1.0,0.0,0.0,0.0,0.0,0.0,0.0,0.0,0.0,0.0,0.0,0.0,1,0,1,0,0,1,1,0,0,0,0,0,0,0,0,1,0,0.832214765100671,1.61202357169214,1.2581819477403646,0.6196850107744367,-0.11459349848569159,-0.05962431082057667,0.0
-0.7586206896551724,1,0.5,1,0,0,1,0,1,0,0,0,0,0,0,1,0,0.0,0.0,0.0,0.0,0.0,0.0,1.0,0.0,0.0,0.0,0.0,0.0,0,0,0,0,1,0,0,0,0,0,0,0,1,0,0,0,0,-0.2348993288590604,-1.0139236579580704,-0.3801370246975824,0.19466105017012347,-0.1565449347162588,-0.2703937395026851,0.26303440583379395
-0.1724137931034483,0,0.10000000000002274,1,0,1,0,0,1,0,0,0,0,0,0,1,0,0.0,1.0,0.0,0.0,0.0,0.0,0.0,0.0,0.0,0.0,0.0,0.0,1,0,0,1,0,0,1,1,0,0,0,0,0,0,0,0,0,0.7651006711409396,0.2324900574110598,0.7298856392324102,0.45836890322464535,-0.44845423396059875,-0.4071075610119756,-0.736965594166206
-0.3793103448275862,0,0.700000000000017,1,0,0,1,0,1,0,0,0,0,1,0,0,0,0.0,0.0,0.0,0.0,1.0,0.0,0.0,0.0,0.0,0.0,0.0,0.0,0,1,0,0,1,0,0,0,0,1,0,0,0,0,0,0,0,-0.2550335570469799,-0.48997422807307783,-0.31898544108285615,0.285888863509545,0.22402635017168981,0.44222257845083546,-0.736965594166206
1.7586206896551724,1,0.10000000000002274,0,0,0,0,1,0,0,0,1,0,0,1,0,0,0.0,0.0,0.0,0.0,0.0,0.0,0.0,0.0,1.0,0.0,0.0,0.0,0,0,0,1,0,1,0,0,0,0,0,0,0,0,0,0,0,-0.44295302013422816,-0.37460289787374096,-1.4070699871624215,-1.1274121468458216,-0.4843305931653706,-0.3578507794449409,-1.3219280948873624
0.3103448275862069,1,0.10000000000002274,1,0,1,0,0,0,0,0,1,0,0,0,0,1,0.0,0.0,0.0,0.0,0.0,0.0,1.0,0.0,0.0,0.0,0.0,0.0,0,0,0,0,1,1,0,0,0,0,0,1,0,0,0,0,0,-0.16778523489932887,-0.006687700117646254,-0.12971653678935785,0.7717596693105655,-0.9320941296030667,-0.9231819725908447,-0.736965594166206
-0.034482758620689655,1,0.30000000000001137,1,0,1,0,0,1,0,0,0,0,0,0,1,0,0.0,0.0,0.0,0.0,0.0,1.0,0.0,0.0,0.0,0.0,0.0,0.0,0,0,0,0,0,1,1,0,0,0,1,0,0,0,0,0,0,0.06711409395973149,0.9545808075220324,-0.2226691171061315,-0.45971183619556405,0.7232184860973505,0.908700463159222,0.0
0.20689655172413793,0,0.10000000000002274,1,0,1,0,0,1,0,0,0,0,0,0,1,0,0.0,0.0,0.0,0.0,0.0,0.0,1.0,0.0,0.0,0.0,0.0,0.0,0,1,0,0,0,1,1,0,0,0,0,0,0,0,0,0,0,0.48993288590604017,1.6055594757219245,0.4239964905801267,-0.45971183619556405,1.078691551507107,1.0215354196458677,0.6780719051126377
1.793103448275862,0,0.9000000000000057,0,0,0,0,1,0,0,1,0,0,0,1,0,0,0.0,0.0,0.0,1.0,0.0,0.0,0.0,0.0,0.0,0.0,0.0,0.0,0,0,0,0,0,1,0,0,0,0,0,0,0,0,0,0,0,-0.44295302013422816,0.42440869874625403,-1.4070699871624215,-2.039507733308835,-0.6735777313074641,-0.5967878560467649,-0.736965594166206
-0.3103448275862069,1,0.20000000000001705,1,0,1,0,0,1,0,0,0,0,0,0,1,0,0.0,1.0,0.0,0.0,0.0,0.0,0.0,0.0,0.0,0.0,0.0,0.0,0,0,0,0,1,0,0,0,0,0,0,0,0,0,0,0,0,0.832214765100671,0.2695284153278356,0.6756572952705556,0.6196850107744367,0.5188255573243372,0.8495918482279355,0.0
-0.6206896551724138,0,0.30000000000001137,1,0,0,1,0,1,0,0,0,0,0,0,1,0,0.0,0.0,0.0,0.0,0.0,1.0,0.0,0.0,0.0,0.0,0.0,0.0,0,0,0,0,0,1,0,0,0,1,1,1,1,0,0,0,0,0.832214765100671,0.1258570772083238,0.017567097100799733,-0.10466081047388179,1.5067446942448786,1.1794650380972311,1.1375035237499354
0.3448275862068966,1,0.4000000000000057,1,0,0,1,0,1,0,0,0,0,0,0,1,0,0.0,0.0,0.0,0.0,0.0,0.0,0.0,1.0,0.0,0.0,0.0,0.0,0,0,0,0,0,1,0,0,0,1,0,0,0,0,0,0,0,0.832214765100671,0.5401859088449047,0.37163007979390256,0.285888863509545,0.08568594826730772,-0.05962431082057667,0.0
-0.2413793103448276,0,0.30000000000001137,0,0,0,0,1,0,0,0,1,0,0,0,0,1,0.0,0.0,0.0,1.0,0.0,0.0,0.0,0.0,0.0,0.0,0.0,0.0,0,0,0,1,0,0,0,0,0,0,0,0,0,0,0,0,0,-0.3422818791946308,0.15351009132478236,-0.7922033061297447,-0.45971183619556405,0.23838864594233974,0.20748041370096285,-0.32192809488736235
-1.8620689655172413,1,0.5,1,0,0,0,1,1,0,0,0,0,1,0,0,0,0.0,0.0,0.0,0.0,0.0,0.0,0.0,0.0,1.0,0.0,0.0,0.0,0,0,0,0,1,0,0,0,0,0,0,0,0,0,0,0,0,-0.18791946308724833,-1.5327961871001048,-0.16126099688969012,0.7717596693105655,-0.9320941296030667,-0.9231819725908447,-0.736965594166206
-0.27586206896551724,0,0.5,1,0,0,1,0,1,0,0,0,0,0,0,1,0,0.0,0.0,0.0,0.0,0.0,1.0,0.0,0.0,0.0,0.0,0.0,0.0,0,0,0,1,0,0,0,0,0,0,1,0,0,0,0,0,0,0.7651006711409396,0.12537104820337078,0.33203561157306566,-0.9224233415693557,0.4111964797100215,0.29807298457586645,0.4854268271702419
-0.6206896551724138,0,0.8000000000000114,1,0,1,0,0,0,1,0,0,1,0,0,0,0,0.0,0.0,0.0,0.0,0.0,0.0,0.0,0.0,1.0,0.0,0.0,0.0,0,0,0,1,0,0,0,0,0,0,0,0,0,0,0,0,0,-0.13422818791946312,-0.32212437995968624,-0.45035390348895465,-0.5973579848037531,-0.41506133301186154,-0.46159098629542233,0.0
-0.6206896551724138,0,0.4000000000000057,1,0,0,1,0,1,0,0,0,0,0,0,0,1,1.0,0.0,0.0,0.0,0.0,0.0,0.0,0.0,0.0,0.0,0.0,0.0,0,1,0,0,0,1,1,0,0,0,0,1,0,0,0,0,0,0.832214765100671,0.04210852198088218,0.2679257865576776,-0.10466081047388179,-0.6735777313074641,-0.5967878560467649,-0.32192809488736235
-0.06896551724137931,0,0.4000000000000057,1,0,0,1,0,1,0,0,0,0,0,0,0,1,0.0,1.0,0.0,0.0,0.0,0.0,0.0,0.0,0.0,0.0,0.0,0.0,0,0,0,0,0,0,1,0,0,0,0,0,0,0,1,0,0,-0.13422818791946312,-0.7552977584334316,-0.7088581595408886,-1.1274121468458216,-0.9320941296030667,-0.9231819725908447,-1.3219280948873624
0.41379310344827586,0,0.10000000000002274,0,0,0,0,1,0,0,0,1,0,0,0,0,1,0.0,0.0,0.0,0.0,0.0,0.0,0.0,0.0,1.0,0.0,0.0,0.0,0,0,0,0,0,0,0,1,0,1,0,0,0,0,0,0,0,0.7651006711409396,-0.5160171946658885,0.5778214326166587,-0.10466081047388179,-0.27300404985656557,-0.2703937395026851,0.26303440583379395
-0.13793103448275862,1,0.4000000000000057,1,0,0,0,1,0,0,0,1,0,0,0,0,1,0.0,0.0,0.0,0.0,0.0,0.0,0.0,0.0,0.0,0.0,0.0,1.0,0,0,0,1,0,1,0,1,0,0,0,0,0,0,0,0,0,0.832214765100671,0.7210243288881779,0.9064875210745492,0.5402881638044359,-0.9320941296030667,-0.9231819725908447,-0.736965594166206
-0.41379310344827586,1,0.10000000000002274,1,0,0,1,0,1,0,0,0,0,0,0,1,0,0.0,0.0,0.0,1.0,0.0,0.0,0.0,0.0,0.0,0.0,0.0,0.0,0,0,0,0,0,0,1,0,0,0,0,0,0,0,0,0,0,0.48993288590604017,0.37328935759934495,-0.20185204252549735,-0.7496097847521995,0.9320941296030669,1.3263342348286624,-0.32192809488736235
-0.1724137931034483,1,0.700000000000017,1,1,0,0,0,0,0,0,1,0,0,0,0,1,0.0,0.0,0.0,0.0,1.0,0.0,0.0,0.0,0.0,0.0,0.0,0.0,1,0,0,0,0,1,0,0,0,1,1,0,0,0,0,0,0,0.832214765100671,-0.424704033688133,0.440224871168053,0.19466105017012347,-0.4843305931653706,-0.46159098629542233,-0.32192809488736235
-0.5517241379310345,0,0.30000000000001137,1,0,0,1,0,1,0,0,0,0,0,0,1,0,0.0,0.0,0.0,0.0,0.0,1.0,0.0,0.0,0.0,0.0,0.0,0.0,0,0,0,0,0,1,1,0,0,0,0,0,0,0,0,0,0,-0.2953020134228188,-0.7251396643182507,-0.6809187255795435,0.45836890322464535,-0.6735777313074641,-0.5967878560467649,-0.32192809488736235
-0.8275862068965517,1,0.5,1,0,1,0,0,1,0,0,0,0,0,0,1,0,1.0,0.0,0.0,0.0,0.0,0.0,0.0,0.0,0.0,0.0,0.0,0.0,0,1,0,0,1,0,0,0,0,0,0,0,1,0,0,0,0,-0.30201342281879195,-0.5461908603374092,-0.3704942501172635,0.09954602329692071,0.2941568170729958,0.29807298457586645,-0.32192809488736235
-0.3793103448275862,0,0.4000000000000057,1,0,0,1,0,1,0,0,0,0,1,0,0,0,0.0,0.0,1.0,0.0,0.0,0.0,0.0,0.0,0.0,0.0,0.0,0.0,0,0,0,0,0,0,0,0,1,0,0,0,0,0,0,0,0,-0.13422818791946312,-0.1531764474554827,-0.4660818145966645,0.09954602329692071,0.1646980600933915,-0.09103698790077436,1.2630344058337943
0.4827586206896552,0,0.5,1,0,1,0,0,0,0,0,1,0,0,1,0,0,0.0,1.0,0.0,0.0,0.0,0.0,0.0,0.0,0.0,0.0,0.0,0.0,0,0,0,0,0,1,0,0,0,1,1,0,0,0,0,0,0,-0.44295302013422816,-1.1533690568494719,-1.4070699871624215,-1.1274121468458216,-0.6154774966199021,-0.5234324523010943,-1.3219280948873624
0.3793103448275862,0,0.4000000000000057,1,0,0,1,0,0,1,0,0,1,0,0,0,0,0.0,0.0,0.0,0.0,0.0,0.0,0.0,0.0,1.0,0.0,0.0,0.0,0,0,0,1,0,0,0,0,0,0,0,0,0,0,1,0,0,0.2885906040268456,-0.4855740287465422,0.2560039569279757,1.3732414552244092,0.01775576934642723,0.23079549314771114,-0.32192809488736235
-0.13793103448275862,0,0.9000000000000057,1,0,1,0,0,1,0,0,0,0,0,0,1,0,0.0,1.0,0.0,0.0,0.0,0.0,0.0,0.0,0.0,0.0,0.0,0.0,1,0,0,1,0,0,0,0,0,0,0,0,0,0,0,0,0,0.7651006711409396,-0.023260454023674982,-0.06885646494289624,0.45836890322464535,-0.018100638189351426,-0.05962431082057667,0.0
-0.1724137931034483,1,1.0,1,0,0,0,1,1,0,0,0,0,1,0,0,0,0.0,0.0,0.0,0.0,0.0,0.0,0.0,0.0,0.0,0.0,1.0,0.0,0,0,0,1,0,0,1,0,0,0,0,0,0,0,1,0,0,1.0805369127516775,-1.12612477699565,0.5011555523910352,0.45836890322464535,0.19475272581557548,0.0560003770413949,0.26303440583379395
1.0344827586206897,0,0.6000000000000227,0,0,0,0,1,0,0,0,1,0,0,0,0,1,0.0,0.0,0.0,0.0,0.0,0.0,0.0,0.0,0.0,1.0,0.0,0.0,1,1,0,1,0,0,0,0,0,0,0,0,0,0,0,0,0,-0.2348993288590604,-0.18169467266552125,-0.7922033061297445,-0.2153165603828081,0.22402635017168981,-0.1933425405422934,1.2630344058337943
-0.20689655172413793,1,0.4000000000000057,1,0,0,1,0,1,0,0,0,0,0,0,1,0,0.0,0.0,0.0,0.0,0.0,0.0,0.0,0.0,1.0,0.0,0.0,0.0,0,0,0,0,0,0,0,0,0,1,0,1,0,0,0,0,0,-0.05369127516778523,-1.9031220957347743,-0.11423289934053545,0.6967790260802048,-0.9320941296030667,-0.9231819725908447,-0.32192809488736235
-0.5517241379310345,1,0.8000000000000114,1,0,0,1,0,1,0,0,0,0,0,0,0,1,0.0,0.0,0.0,0.0,0.0,0.0,1.0,0.0,0.0,0.0,0.0,0.0,0,0,0,0,1,0,0,0,0,0,0,0,0,0,0,0,0,-0.13422818791946312,-0.6488214046479241,0.36322010328591453,1.0535588884633251,0.1019714635793437,-0.1933425405422934,0.4854268271702419
-0.4482758620689655,1,0.30000000000001137,1,1,0,0,0,0,1,0,0,1,0,0,0,0,0.0,0.0,0.0,0.0,0.0,0.0,0.0,1.0,0.0,0.0,0.0,0.0,1,0,0,1,0,0,0,0,0,0,0,0,0,0,0,1,0,-0.44295302013422816,-0.25188982767282725,-1.4070699871624215,-0.45971183619556405,0.334372402329592,0.0560003770413949,1.1375035237499354
-0.7241379310344828,0,0.30000000000001137,1,0,1,0,0,1,0,0,0,0,0,0,1,0,0.0,0.0,0.0,0.0,0.0,0.0,0.0,0.0,0.0,0.0,0.0,1.0,0,0,0,0,0,0,1,0,0,0,1,0,1,0,0,0,0,-0.17449664429530204,0.5850824498510017,-0.5607094419924123,0.6967790260802048,0.7029071326316836,1.0215354196458677,0.0
-0.13793103448275862,0,0.20000000000001705,1,0,1,0,0,1,0,0,0,0,0,0,1,0,0.0,0.0,1.0,0.0,0.0,0.0,0.0,0.0,0.0,0.0,0.0,0.0,0,0,0,1,0,1,0,0,0,0,0,1,0,0,0,0,0,-0.026845637583892613,1.3441273155612858,0.20435248228009628,0.6967790260802048,0.8589600161477176,0.8495918482279355,1.1375035237499354
-0.3448275862068966,0,0.20000000000001705,1,1,0,0,0,1,0,0,0,0,0,0,1,0,0.0,0.0,0.0,0.0,0.0,0.0,0.0,0.0,1.0,0.0,0.0,0.0,1,1,1,0,0,1,1,0,0,0,0,0,0,0,0,1,0,-0.2751677852348994,0.9732039607753087,-0.47671479065157246,0.0,0.23838864594233997,0.0560003770413949,0.4854268271702419
0.8620689655172413,0,0.700000000000017,1,0,0,1,0,1,0,0,0,0,0,0,1,0,0.0,0.0,1.0,0.0,0.0,0.0,0.0,0.0,0.0,0.0,0.0,0.0,0,0,0,1,0,1,0,0,0,1,1,0,0,0,0,0,0,-0.03355704697986583,0.4516059498448301,-0.2268765935301972,0.09954602329692071,1.0869834864017194,1.3263342348286624,0.26303440583379395
-0.27586206896551724,1,0.4000000000000057,1,0,1,0,0,1,0,0,0,0,1,0,0,0,0.0,0.0,0.0,0.0,0.0,0.0,0.0,0.0,0.0,0.0,1.0,0.0,0,0,0,1,0,0,1,0,0,0,0,0,0,0,1,0,0,0.0,0.3550654964967442,0.6150646689786767,0.7717596693105655,0.8958928532243638,1.3263342348286624,-0.736965594166206
-0.27586206896551724,0,0.30000000000001137,1,0,0,1,0,1,0,0,0,0,0,0,1,0,0.0,0.0,0.0,0.0,0.0,0.0,0.0,0.0,0.0,0.0,0.0,1.0,0,0,0,1,0,0,0,0,0,0,0,0,0,0,0,0,0,-0.2550335570469799,-0.10420304273130929,-0.2963617210088248,1.1200840609177067,1.1279425787885333,1.1794650380972311,0.6780719051126377
-0.6551724137931034,1,0.20000000000001705,1,0,0,1,0,1,0,0,0,0,0,0,1,0,0.0,0.0,0.0,0.0,0.0,0.0,0.0,0.0,0.0,1.0,0.0,0.0,0,0,0,0,1,0,0,0,0,0,0,0,1,0,0,0,0,0.832214765100671,-0.2212015843332869,0.4509650480513959,0.285888863509545,-0.4843305931653706,-0.5234324523010943,-0.32192809488736235
-0.4827586206896552,0,1.0,1,0,0,1,0,1,0,0,0,0,0,0,1,0,0.0,0.0,0.0,0.0,0.0,0.0,0.0,0.0,0.0,1.0,0.0,0.0,0,1,0,0,0,0,1,0,0,0,0,0,0,0,0,0,0,-0.42281879194630867,0.21598803520324697,-1.2343073643215616,0.5402881638044359,0.8958928532243638,1.1794650380972311,0.26303440583379395
0.8275862068965517,0,0.20000000000001705,0,0,0,0,1,0,0,1,0,0,0,1,0,0,0.0,0.0,0.0,0.0,1.0,0.0,0.0,0.0,0.0,0.0,0.0,0.0,0,0,0,1,0,0,0,0,0,0,0,0,0,0,1,0,0,1.0805369127516775,-0.35674664016456187,0.32343322280347275,-0.7496097847521995,-0.6735777313074641,-0.5967878560467649,-1.3219280948873624
-0.13793103448275862,0,0.9000000000000057,1,0,0,1,0,1,0,0,0,0,0,0,1,0,0.0,0.0,0.0,0.0,0.0,0.0,1.0,0.0,0.0,0.0,0.0,0.0,0,0,0,1,0,0,0,0,0,0,0,0,0,0,0,0,0,1.0805369127516775,-0.928902611418287,0.8498914666242692,0.19466105017012347,-0.325819435233824,-0.157719918514846,-0.32192809488736235
0.13793103448275862,0,0.0,1,0,0,1,0,1,0,0,0,0,0,0,1,0,0.0,0.0,0.0,1.0,0.0,0.0,0.0,0.0,0.0,0.0,0.0,0.0,1,0,0,0,0,1,0,0,0,0,0,0,0,0,0,0,0,-0.046979865771812096,0.5911867821606773,-0.47138319859923367,0.09954602329692071,1.036708103961386,1.1794650380972311,1.3785116232537302
0.7931034482758621,0,0.6000000000000227,1,0,1,0,0,1,0,0,0,0,0,0,1,0,0.0,0.0,0.0,0.0,1.0,0.0,0.0,0.0,0.0,0.0,0.0,0.0,0,0,0,1,0,0,1,0,0,0,1,0,0,0,0,0,0,-0.15436241610738255,1.8039706099844703,-0.2741897085863115,-0.2153165603828081,0.13379628652394823,0.1344558448132036,-0.32192809488736235
0.8275862068965517,0,0.20000000000001705,1,0,0,1,0,1,0,0,0,0,0,0,1,0,0.0,0.0,0.0,0.0,0.0,0.0,0.0,0.0,0.0,0.0,0.0,1.0,0,0,0,1,0,0,1,0,0,0,0,1,0,0,0,0,0,-0.24832214765100669,0.9508151612327655,0.32917288436683706,1.311745441909603,0.4956093444158855,0.8495918482279355,-0.32192809488736235
-0.4482758620689655,0,0.30000000000001137,1,0,0,1,0,1,0,0,0,0,0,0,1,0,0.0,0.0,0.0,0.0,0.0,0.0,0.0,1.0,0.0,0.0,0.0,0.0,0,0,0,0,1,0,0,0,0,1,1,0,0,0,0,0,0,-0.40939597315436244,-0.5341189329710633,-1.0916500350834346,0.45836890322464535,0.7827096609981056,1.1794650380972311,0.8479969065549505
0.0,0,0.8000000000000114,1,0,0,1,0,1,0,0,0,0,0,0,1,0,0.0,0.0,0.0,0.0,1.0,0.0,0.0,0.0,0.0,0.0,0.0,0.0,0,0,0,1,0,0,0,0,0,1,1,0,1,0,0,0,0,-0.3959731543624161,-0.6828354254466874,-1.1431707216866394,-1.1274121468458216,-0.9320941296030667,-0.9231819725908447,0.0
1.103448275862069,1,0.30000000000001137,1,0,1,0,0,1,0,0,0,0,0,0,1,0,1.0,0.0,0.0,0.0,0.0,0.0,0.0,0.0,0.0,0.0,0.0,0.0,1,0,0,0,0,1,0,0,0,1,0,1,0,0,0,0,0,1.0805369127516775,0.8624758830952699,1.3390769061498955,1.311745441909603,0.9851147923262015,0.9375507803116744,0.26303440583379395
-0.896551724137931,1,0.9000000000000057,1,0,1,0,0,0,0,0,1,0,0,0,0,1,0.0,1.0,0.0,0.0,0.0,0.0,0.0,0.0,0.0,0.0,0.0,0.0,0,0,1,0,0,0,1,0,0,0,0,0,0,0,0,0,0,0.832214765100671,-0.6203585143497922,0.6612769579338184,0.6967790260802048,0.06913557571732576,-0.12368293201134385,0.6780719051126377
0.6551724137931034,0,0.10000000000002274,1,0,0,1,0,0,1,0,0,1,0,0,0,0,0.0,0.0,0.0,0.0,1.0,0.0,0.0,0.0,0.0,0.0,0.0,0.0,0,0,0,1,0,0,0,0,0,1,0,0,0,0,0,0,0,-0.2751677852348994,-0.22077846337410012,-0.3753043722993551,0.45836890322464535,0.20948337528249636,0.20748041370096285,0.26303440583379395
-0.27586206896551724,0,0.10000000000002274,1,0,0,0,1,1,0,0,0,0,0,0,1,0,0.0,0.0,0.0,0.0,0.0,0.0,0.0,0.0,0.0,0.0,1.0,0.0,0,0,0,1,0,0,0,0,0,0,0,0,0,0,0,1,0,1.0805369127516775,-0.31510048308896654,0.9469858451494907,0.19466105017012347,-0.20089933647209446,-0.12368293201134385,0.0
0.7241379310344828,1,0.4000000000000057,1,0,0,1,0,0,0,0,1,0,0,0,0,1,0.0,0.0,0.0,0.0,1.0,0.0,0.0,0.0,0.0,0.0,0.0,0.0,0,0,0,1,0,0,1,0,0,1,0,0,0,0,0,0,0,-0.08053691275167789,-0.17991490655816203,-0.03218629127367543,0.6967790260802048,-0.9320941296030667,-0.9231819725908447,-1.3219280948873624
0.4482758620689655,1,0.5,1,0,0,1,0,1,0,0,0,0,0,0,1,0,0.0,1.0,0.0,0.0,0.0,0.0,0.0,0.0,0.0,0.0,0.0,0.0,0,0,0,0,1,0,0,0,0,1,0,1,0,0,0,0,0,1.0805369127516775,-0.4074245231548465,0.8913872174861666,0.6196850107744367,0.3604878618749464,0.6421492205550592,-0.32192809488736235
0.3793103448275862,0,0.30000000000001137,1,0,0,1,0,1,0,0,0,1,0,0,0,0,0.0,0.0,0.0,0.0,0.0,0.0,0.0,0.0,1.0,0.0,0.0,0.0,0,0,0,1,0,0,1,0,1,0,0,0,0,0,0,0,0,1.0805369127516775,0.5180547854479433,0.4239964905801267,0.09954602329692071,0.713094154941621,0.20748041370096285,1.485426827170242
0.6206896551724138,1,0.20000000000001705,0,0,0,0,1,0,0,0,1,0,0,0,0,1,0.0,0.0,0.0,0.0,0.0,0.0,0.0,0.0,0.0,0.0,0.0,1.0,0,0,0,1,0,0,0,1,0,1,0,0,0,0,0,0,0,-0.09395973154362419,-0.11962306937872598,-0.4928961153940978,0.09954602329692071,-0.2481240298807802,-0.05962431082057667,-0.736965594166206
-0.6896551724137931,1,0.20000000000001705,1,0,0,1,0,1,0,0,0,0,0,0,1,0,0.0,0.0,0.0,0.0,0.0,1.0,0.0,0.0,0.0,0.0,0.0,0.0,0,0,0,1,1,0,0,0,0,0,0,0,1,0,0,0,0,-0.28187919463087246,-0.5244912626970895,-0.3281677533231954,0.6196850107744367,0.22402635017168981,0.44222257845083546,-0.736965594166206
0.06896551724137931,0,0.0,1,0,0,1,0,1,0,0,0,0,0,0,1,0,0.0,0.0,0.0,1.0,0.0,0.0,0.0,0.0,0.0,0.0,0.0,0.0,0,0,0,1,0,0,0,0,0,1,1,0,1,0,0,0,0,1.0805369127516775,0.15864320248150596,0.685189277713339,0.285888863509545,-0.6154774966199021,-0.5234324523010943,0.6780719051126377
0.10344827586206896,0,0.10000000000002274,1,0,1,0,0,1,0,0,0,0,0,0,1,0,0.0,0.0,0.0,1.0,0.0,0.0,0.0,0.0,0.0,0.0,0.0,0.0,1,0,0,1,0,1,0,0,0,0,0,0,0,0,0,0,0,-0.22818791946308725,1.401479509758787,-0.3801370246975824,-0.10466081047388179,0.9676056682959214,1.3263342348286624,-0.32192809488736235
1.7586206896551724,0,0.6000000000000227,0,0,0,0,1,0,0,1,0,0,0,1,0,0,0.0,0.0,0.0,0.0,0.0,0.0,0.0,0.0,0.0,0.0,0.0,1.0,0,0,0,1,0,0,0,1,0,0,0,0,0,0,0,0,0,0.7651006711409396,0.4471871792104662,0.5037606396648314,-0.45971183619556405,0.0,-0.05962431082057667,0.4854268271702419
-0.3103448275862069,0,0.700000000000017,1,0,1,0,0,1,0,0,0,0,0,0,1,0,0.0,0.0,0.0,0.0,1.0,0.0,0.0,0.0,0.0,0.0,0.0,0.0,0,0,1,0,0,0,1,0,0,0,1,0,1,0,0,0,0,0.395973154362416,0.4187451266078215,-0.16526039401723586,-0.33313313904221287,-0.1565449347162588,0.0560003770413949,-0.736965594166206
-1.206896551724138,0,0.10000000000002274,1,0,0,1,0,1,0,0,0,0,0,0,1,0,0.0,0.0,0.0,0.0,0.0,0.0,1.0,0.0,0.0,0.0,0.0,0.0,0,0,1,1,0,0,0,0,0,0,1,0,0,0,0,0,0,0.48993288590604017,-0.6534858773484684,0.5141456652016841,0.6196850107744367,-0.4843305931653706,-0.46159098629542233,-0.736965594166206
-1.1379310344827587,0,0.4000000000000057,1,0,0,0,1,0,0,0,1,0,0,0,0,1,0.0,0.0,0.0,0.0,0.0,0.0,0.0,0.0,0.0,0.0,1.0,0.0,0,1,0,1,0,0,1,0,0,0,0,0,0,0,0,0,0,-0.14093959731543623,-0.5656085398209141,-0.6216806402452604,-1.1274121468458216,0.01775576934642723,0.23079549314771114,0.26303440583379395
0.41379310344827586,1,0.10000000000002274,1,0,0,1,0,1,0,0,0,0,1,0,0,0,0.0,0.0,0.0,0.0,0.0,0.0,0.0,0.0,1.0,0.0,0.0,0.0,0,0,0,1,0,0,1,0,0,0,0,0,0,0,1,0,0,1.0805369127516775,0.49366379898567125,1.3172528762745603,0.7717596693105655,0.20948337528249636,0.1344558448132036,-0.736965594166206
0.13793103448275862,1,0.4000000000000057,0,0,0,0,1,0,0,0,1,0,0,0,0,1,0.0,0.0,0.0,0.0,0.0,0.0,0.0,0.0,1.0,0.0,0.0,0.0,0,0,0,1,0,0,0,0,0,0,0,0,0,0,0,0,0,-0.2550335570469799,-0.9947910338539158,-0.7606514432514785,-0.33313313904221287,-0.5233438140443791,-0.5234324523010943,0.26303440583379395
2.2413793103448274,0,0.9000000000000057,1,0,1,0,0,0,0,0,1,0,0,1,0,0,0.0,0.0,0.0,0.0,0.0,0.0,0.0,0.0,1.0,0.0,0.0,0.0,0,0,0,1,0,1,0,0,0,0,0,0,0,0,0,0,0,-0.33557046979865773,0.2652048550275074,-0.6344520498757813,0.09954602329692071,-0.9320941296030667,-0.9231819725908447,-0.736965594166206
0.41379310344827586,0,0.4000000000000057,0,0,0,0,1,0,0,0,1,0,0,0,0,1,0.0,0.0,0.0,0.0,0.0,0.0,0.0,1.0,0.0,0.0,0.0,0.0,1,0,0,0,0,1,0,0,0,0,0,1,0,0,0,0,0,-0.026845637583892613,-0.8881361227932906,-0.3053554582267142,-0.45971183619556405,-0.9320941296030667,-0.9231819725908447,0.26303440583379395
0.0,0,0.8000000000000114,1,0,0,1,0,1,0,0,0,0,0,0,1,0,0.0,0.0,0.0,1.0,0.0,0.0,0.0,0.0,0.0,0.0,0.0,0.0,0,0,0,1,0,0,0,1,0,0,0,0,0,0,0,0,0,0.7651006711409396,0.9087282080735993,0.6027269415052791,-0.33313313904221287,-0.27300404985656557,-0.4071075610119756,0.0
0.896551724137931,0,0.700000000000017,1,0,0,1,0,1,0,0,0,0,0,0,1,0,0.0,0.0,0.0,1.0,0.0,0.0,0.0,0.0,0.0,0.0,0.0,0.0,1,1,0,0,0,1,0,0,0,0,0,0,0,0,0,0,0,0.0,0.8388843395590945,0.4321285800845613,0.9855710999281423,0.42357730004446903,0.23079549314771114,0.0
0.4482758620689655,1,0.8000000000000114,1,0,1,0,0,0,0,0,1,0,0,0,0,1,0.0,0.0,0.0,0.0,0.0,0.0,1.0,0.0,0.0,0.0,0.0,0.0,0,1,1,1,0,0,0,0,0,0,0,0,0,0,0,0,0,-0.13422818791946312,0.5721374867887491,0.19816657664688817,0.9855710999281423,-0.9320941296030667,-0.9231819725908447,-1.3219280948873624
-0.20689655172413793,0,0.700000000000017,1,0,0,1,0,1,0,0,0,0,0,0,1,0,0.0,1.0,0.0,0.0,0.0,0.0,0.0,0.0,0.0,0.0,0.0,0.0,0,0,0,1,0,0,0,0,0,1,1,0,1,0,0,0,0,0.34228187919463077,-0.5939309009155682,0.1637087066719006,0.5402881638044359,0.3987004815127367,0.29807298457586645,0.0
1.793103448275862,1,0.30000000000001137,1,0,0,0,1,0,0,1,0,0,0,1,0,0,1.0,0.0,0.0,0.0,0.0,0.0,0.0,0.0,0.0,0.0,0.0,0.0,0,0,0,1,0,0,0,1,0,0,0,0,0,0,1,0,0,-0.12751677852348994,0.38676923495480814,-0.021374457447631966,0.8447917637013288,-0.325819435233824,-0.2703937395026851,-0.736965594166206
-0.7241379310344828,1,0.20000000000001705,1,1,0,0,0,1,0,0,0,0,0,0,1,0,0.0,0.0,1.0,0.0,0.0,0.0,0.0,0.0,0.0,0.0,0.0,0.0,1,0,1,0,0,0,1,0,0,0,0,0,0,0,0,1,0,-0.28187919463087246,0.855985462156393,-0.9184234985770382,-1.3945587590305173,0.8867299535046614,1.0215354196458677,0.26303440583379395
-0.3103448275862069,1,0.4000000000000057,1,0,1,0,0,1,0,0,0,0,0,0,1,0,0.0,0.0,0.0,0.0,1.0,0.0,0.0,0.0,0.0,0.0,0.0,0.0,0,0,0,0,0,0,0,0,0,1,0,0,0,0,0,0,0,0.34228187919463077,-0.3434916879383308,0.02105458600161584,0.285888863509545,-0.13529307677780772,0.08283225866466219,-0.736965594166206
1.5862068965517242,1,1.0,0,0,0,0,1,0,0,0,1,0,0,1,0,0,0.0,1.0,0.0,0.0,0.0,0.0,0.0,0.0,0.0,0.0,0.0,0.0,0,0,0,1,0,0,1,0,0,0,0,0,0,0,1,0,0,-0.3825503355704698,-0.6877838601237024,-1.107836346753193,-0.9224233415693557,-0.6735777313074641,-0.5967878560467649,-1.3219280948873624
0.5517241379310345,0,0.8000000000000114,1,0,0,0,1,0,0,0,1,0,0,0,0,1,0.0,0.0,0.0,0.0,0.0,0.0,0.0,0.0,0.0,1.0,0.0,0.0,0,0,0,1,0,1,0,1,0,0,0,0,0,0,0,0,0,1.0805369127516775,-0.3940038409669099,0.7941003012194557,0.9160197607056829,-0.20089933647209446,-0.2703937395026851,-0.32192809488736235
-0.5172413793103449,0,0.0,1,0,0,1,0,1,0,0,0,0,0,0,1,0,0.0,0.0,0.0,0.0,0.0,0.0,0.0,1.0,0.0,0.0,0.0,0.0,0,0,0,0,0,1,0,0,0,1,1,0,0,0,0,0,0,-0.2751677852348994,0.5019293343248449,-0.45556765393220555,-0.33313313904221287,0.8589600161477176,0.9375507803116744,0.6780719051126377
-0.3793103448275862,0,0.5,1,0,0,1,0,1,0,0,0,0,0,0,1,0,0.0,0.0,0.0,0.0,0.0,0.0,0.0,0.0,0.0,1.0,0.0,0.0,0,1,0,0,0,1,1,0,0,0,0,0,0,0,0,0,0,-0.14093959731543623,0.10878479380285462,-0.33742888803179727,-0.33313313904221287,0.22402635017168981,0.2760665882784065,0.4854268271702419
0.034482758620689655,0,0.4000000000000057,1,0,1,0,0,1,0,0,0,0,0,0,1,0,0.0,0.0,0.0,0.0,1.0,0.0,0.0,0.0,0.0,0.0,0.0,0.0,0,0,0,1,0,0,0,0,0,0,0,0,0,0,1,0,1,0.7651006711409396,0.11575675093546399,0.4801854043700742,0.285888863509545,0.7729386196912933,0.9375507803116744,-0.32192809488736235
0.5172413793103449,0,0.700000000000017,0,0,0,0,1,0,1,0,0,1,0,0,0,0,0.0,0.0,0.0,0.0,0.0,0.0,0.0,0.0,0.0,1.0,0.0,0.0,0,0,0,0,0,0,0,0,0,1,0,0,0,0,0,0,0,-0.44295302013422816,-0.45656111897235746,-1.4070699871624215,-2.039507733308835,0.6081950804690022,0.319689794753462,1.0000000000000007
1.2758620689655173,0,1.0,0,0,0,0,1,0,0,1,0,0,0,1,0,0,0.0,0.0,1.0,0.0,0.0,0.0,0.0,0.0,0.0,0.0,0.0,0.0,0,0,0,1,0,1,0,0,0,0,0,0,0,0,0,0,0,-0.44295302013422816,0.07720288015917745,-1.4070699871624215,-2.039507733308835,-0.35403388971568844,-0.2703937395026851,-0.32192809488736235
-0.8275862068965517,1,0.10000000000002274,1,1,0,0,0,1,0,0,0,0,0,0,1,0,0.0,0.0,0.0,0.0,0.0,0.0,0.0,0.0,1.0,0.0,0.0,0.0,1,0,1,0,0,0,1,0,0,0,0,0,0,0,0,1,0,-0.18120805369127516,0.9895956591958867,-0.7305695567266767,-0.7496097847521995,0.8958928532243638,0.908700463159222,0.0
-0.41379310344827586,1,0.20000000000001705,1,0,0,1,0,1,0,0,0,0,1,0,0,0,0.0,0.0,0.0,0.0,0.0,0.0,0.0,1.0,0.0,0.0,0.0,0.0,0,0,0,1,0,0,0,0,0,0,0,0,0,0,0,0,0,1.0805369127516775,-0.38382062728568933,0.6492165230798144,0.6196850107744367,0.3604878618749464,0.319689794753462,1.0000000000000007
0.9655172413793104,1,0.10000000000002274,1,0,0,1,0,1,0,0,0,0,0,0,1,0,0.0,0.0,0.0,0.0,0.0,0.0,0.0,0.0,0.0,1.0,0.0,0.0,0,0,0,1,0,0,0,1,0,0,0,0,0,0,0,0,1,0.7651006711409396,0.5826406624138034,0.8476863254492056,1.249099671807958,1.2917480154000514,1.1794650380972311,1.485426827170242
-0.20689655172413793,1,0.30000000000001137,1,0,0,1,0,1,0,0,0,0,0,0,1,0,1.0,0.0,0.0,0.0,0.0,0.0,0.0,0.0,0.0,0.0,0.0,0.0,0,0,0,1,0,0,0,0,0,0,0,0,0,0,1,0,0,1.0805369127516775,0.7742546671595666,0.6612769579338184,-0.7496097847521995,1.0024654529668053,1.3263342348286624,-0.32192809488736235
-0.06896551724137931,1,0.8000000000000114,1,0,1,0,0,1,0,0,0,0,0,0,1,0,0.0,0.0,0.0,0.0,0.0,0.0,0.0,0.0,0.0,1.0,0.0,0.0,0,0,0,0,1,0,0,0,0,1,0,0,0,0,0,0,0,0.48993288590604017,0.019454552458953958,0.32917288436683706,0.9855710999281423,0.334372402329592,0.6421492205550592,-0.736965594166206
1.7586206896551724,0,1.0,1,0,1,0,0,0,0,0,1,0,0,1,0,0,0.0,0.0,1.0,0.0,0.0,0.0,0.0,0.0,0.0,0.0,0.0,0.0,0,0,0,1,0,1,0,0,0,1,1,0,0,0,0,0,0,-0.28187919463087246,-0.5322016123184292,-0.9184234985770382,-1.3945587590305173,-0.9320941296030667,-0.9231819725908447,-0.736965594166206
0.41379310344827586,0,0.0,1,0,1,0,0,1,0,0,0,0,0,0,1,0,0.0,0.0,0.0,1.0,0.0,0.0,0.0,0.0,0.0,0.0,0.0,0.0,0,0,0,1,0,0,0,0,0,0,0,0,0,0,1,0,0,1.0805369127516775,0.4829434622318932,0.2589924120679735,-0.33313313904221287,0.7432836140370617,0.9375507803116744,-0.32192809488736235
0.6896551724137931,1,0.0,1,0,1,0,0,1,0,0,0,0,0,0,1,0,0.0,0.0,0.0,0.0,0.0,0.0,0.0,0.0,1.0,0.0,0.0,0.0,1,0,0,0,0,1,0,0,0,1,0,1,0,0,0,0,0,1.0805369127516775,0.8936737908215578,0.6126031529644477,0.8447917637013288,0.9676056682959212,0.9375507803116744,0.0
-0.13793103448275862,0,0.20000000000001705,1,0,0,1,0,0,0,0,1,0,0,0,0,1,0.0,0.0,0.0,0.0,0.0,0.0,0.0,0.0,1.0,0.0,0.0,0.0,0,0,0,1,0,0,0,1,0,0,0,0,0,0,0,0,0,0.7651006711409396,-0.3534854043144475,0.6684795808170574,0.5402881638044359,0.20948337528249655,0.319689794753462,0.4854268271702419
0.3103448275862069,0,0.700000000000017,1,0,0,0,1,0,0,0,1,0,0,0,0,1,0.0,0.0,0.0,1.0,0.0,0.0,0.0,0.0,0.0,0.0,0.0,0.0,0,0,0,1,0,0,0,0,0,0,0,0,0,0,0,0,0,0.0,-0.2924871301665083,-0.5205210631096469,-0.5973579848037531,-0.6735777313074641,-0.5967878560467649,0.0
0.6551724137931034,0,0.4000000000000057,0,0,0,0,1,0,0,0,1,0,0,0,0,1,0.0,0.0,0.0,0.0,0.0,0.0,0.0,0.0,0.0,1.0,0.0,0.0,0,0,0,0,0,0,0,0,0,1,0,0,1,0,0,0,0,-0.44295302013422816,-0.6273245724395762,-1.4070699871624215,-2.039507733308835,-0.5664967330375806,-0.46159098629542233,0.0
0.3793103448275862,0,0.30000000000001137,1,0,1,0,0,1,0,0,0,0,0,0,1,0,0.0,0.0,0.0,0.0,0.0,0.0,0.0,1.0,0.0,0.0,0.0,0.0,0,0,0,1,0,0,0,1,0,1,0,0,0,0,0,0,0,0.7651006711409396,0.23093999225445302,0.4158281235562353,0.19466105017012347,0.1646980600933915,0.29807298457586645,-0.736965594166206
0.06896551724137931,0,0.10000000000002274,1,0,0,1,0,1,0,0,0,0,0,0,1,0,0.0,0.0,0.0,0.0,0.0,0.0,0.0,0.0,0.0,0.0,1.0,0.0,0,0,0,1,0,0,0,0,0,0,0,0,0,0,0,0,1,1.0805369127516775,0.5826406624138034,0.24098039751264472,0.0,0.7432836140370614,0.46159098629542217,1.0000000000000007
-0.27586206896551724,0,0.10000000000002274,1,0,1,0,0,0,0,1,0,0,0,1,0,0,1.0,0.0,0.0,0.0,0.0,0.0,0.0,0.0,0.0,0.0,0.0,0.0,0,0,0,0,0,1,0,0,0,1,1,0,0,0,0,0,0,-0.44295302013422816,-0.5001391712552166,-1.4070699871624215,-1.3945587590305173,-0.5233438140443791,-0.5234324523010943,0.0
-0.3448275862068966,0,0.0,1,0,0,1,0,1,0,0,0,0,0,0,1,0,0.0,0.0,0.0,0.0,0.0,0.0,0.0,0.0,0.0,0.0,1.0,0.0,1,1,0,0,0,0,1,0,0,0,0,0,0,0,0,0,0,0.06711409395973149,0.28979879702107436,-0.13361686177341855,-0.10466081047388179,0.7729386196912933,1.0215354196458677,-0.32192809488736235
0.9310344827586207,1,0.30000000000001137,1,0,0,0,1,0,0,0,1,0,0,0,0,1,0.0,0.0,0.0,0.0,0.0,0.0,0.0,0.0,0.0,0.0,0.0,1.0,0,0,0,1,0,0,0,0,0,0,0,0,1,0,0,0,0,-0.3087248322147651,-0.10420304273130929,-0.800347595267093,-0.7496097847521995,-0.13529307677780772,-0.1933425405422934,1.678071905112638
0.27586206896551724,0,0.30000000000001137,1,0,0,1,0,1,0,0,0,0,0,0,1,0,0.0,0.0,0.0,0.0,0.0,0.0,0.0,0.0,0.0,0.0,0.0,1.0,0,0,0,1,0,0,0,0,0,0,0,0,0,0,1,0,0,1.0805369127516775,-0.14428703175729612,0.615064668978677,0.0,0.06913557571732576,-0.029314871250031297,-0.32192809488736235
-0.4827586206896552,0,0.10000000000002274,1,0,0,1,0,1,0,0,0,0,0,0,1,0,0.0,0.0,0.0,0.0,0.0,1.0,0.0,0.0,0.0,0.0,0.0,0.0,1,1,0,1,0,0,1,0,0,0,0,0,0,0,1,0,0,-0.16778523489932887,-0.7092081119795036,-0.49835391863114675,-0.2153165603828081,-0.6735777313074641,-0.5967878560467649,0.26303440583379395
0.8275862068965517,1,0.20000000000001705,1,0,0,1,0,1,0,0,0,0,0,0,1,0,0.0,0.0,0.0,0.0,0.0,0.0,0.0,0.0,1.0,0.0,0.0,0.0,0,0,0,1,1,0,0,0,0,1,0,0,0,0,0,0,0,1.0805369127516775,0.47988007854388737,1.2656372124707236,1.493023283211703,0.5529695155633993,0.5902452854112349,0.0
-0.4482758620689655,1,0.10000000000002274,1,0,0,1,0,1,0,0,0,0,0,0,1,0,0.0,0.0,0.0,0.0,0.0,0.0,0.0,1.0,0.0,0.0,0.0,0.0,1,0,0,0,0,1,0,0,0,1,1,0,0,0,0,0,0,0.832214765100671,0.5826406624138034,0.4348312980264198,-0.45971183619556405,0.4235773000444688,0.2760665882784065,0.4854268271702419
-0.20689655172413793,0,0.20000000000001705,1,0,0,1,0,1,0,0,0,0,0,0,1,0,0.0,0.0,0.0,0.0,0.0,0.0,1.0,0.0,0.0,0.0,0.0,0.0,0,0,0,1,0,0,0,0,0,0,0,0,0,0,1,0,0,1.0805369127516775,0.2695284153278356,0.21358707059997742,-0.33313313904221287,0.5973095079532761,0.8495918482279355,0.0
-0.5517241379310345,0,0.6000000000000227,1,1,0,0,0,0,1,0,0,1,0,0,0,0,0.0,0.0,0.0,0.0,0.0,0.0,0.0,0.0,1.0,0.0,0.0,0.0,1,0,1,0,0,0,0,0,0,0,0,0,1,0,0,0,0,-0.3959731543624161,-0.2754027386045739,-1.1431707216866394,-0.45971183619556405,0.1646980600933915,0.0,1.0000000000000007
-0.20689655172413793,0,0.20000000000001705,0,0,0,0,1,0,0,1,0,0,0,1,0,0,0.0,0.0,0.0,0.0,0.0,0.0,0.0,0.0,0.0,0.0,1.0,0.0,0,0,0,0,0,0,0,0,0,1,1,0,0,0,0,0,0,0.34228187919463077,-0.5749089864430562,-0.12582808502335943,-0.5973579848037531,-0.325819435233824,-0.31255449400748914,-0.32192809488736235
0.3793103448275862,1,0.4000000000000057,1,1,0,0,0,1,0,0,0,0,1,0,0,0,0.0,0.0,0.0,0.0,0.0,0.0,0.0,0.0,1.0,0.0,0.0,0.0,0,0,0,1,0,0,0,1,0,0,0,0,0,0,1,0,0,-0.2751677852348994,0.11575675093546399,-0.6540151729780824,-0.5973579848037531,0.20948337528249636,0.23079549314771114,-0.32192809488736235
-0.2413793103448276,1,0.4000000000000057,1,1,0,0,0,1,0,0,0,0,0,0,1,0,0.0,0.0,0.0,0.0,1.0,0.0,0.0,0.0,0.0,0.0,0.0,0.0,1,1,0,0,0,1,0,0,0,0,0,0,0,0,0,0,0,0.0,1.584772543203221,0.08909821488372041,0.09954602329692071,0.1019714635793437,0.10896685056689351,-0.32192809488736235
-0.8275862068965517,0,0.5,0,0,0,0,1,0,1,0,0,1,0,0,0,0,0.0,0.0,0.0,0.0,0.0,0.0,0.0,0.0,0.0,1.0,0.0,0.0,0,0,0,1,0,0,1,0,0,0,0,0,0,0,0,0,0,-0.44295302013422816,-0.2612716601205096,-1.4070699871624215,-2.039507733308835,0.20948337528249636,0.20748041370096285,0.0
1.6896551724137931,0,1.0,1,0,0,0,1,0,0,0,1,0,0,1,0,0,0.0,0.0,0.0,0.0,0.0,0.0,0.0,0.0,1.0,0.0,0.0,0.0,0,0,0,0,0,1,0,0,0,1,0,0,0,0,1,0,0,-0.38926174496644295,0.0888372938381639,-1.124949805439085,-1.1274121468458216,-0.9320941296030667,-0.9231819725908447,-1.3219280948873624
0.6551724137931034,0,0.0,1,1,0,0,0,1,0,0,0,0,0,0,1,0,0.0,0.0,0.0,0.0,1.0,0.0,0.0,0.0,0.0,0.0,0.0,0.0,1,0,0,0,0,0,0,0,0,0,0,1,1,0,0,1,0,-0.38926174496644295,1.8860584056224985,-0.928711945325688,-0.10466081047388179,-0.09440525778300253,0.1344558448132036,-0.736965594166206
0.3793103448275862,0,0.10000000000002274,0,0,0,0,1,0,1,0,0,1,0,0,0,0,0.0,0.0,0.0,0.0,0.0,0.0,0.0,0.0,0.0,1.0,0.0,0.0,1,0,0,1,0,0,0,0,0,0,0,0,0,0,0,0,0,1.0805369127516775,0.15145680102203068,0.3966247485794641,-0.33313313904221287,0.22402635017168981,-0.09103698790077436,1.1375035237499354
0.0,0,0.10000000000002274,1,0,0,1,0,1,0,0,0,0,0,0,1,0,0.0,0.0,0.0,0.0,0.0,0.0,0.0,1.0,0.0,0.0,0.0,0.0,0,0,0,1,0,0,0,0,0,0,0,0,0,0,0,0,0,-0.38926174496644295,0.15145680102203068,-1.124949805439085,-1.3945587590305173,-0.5233438140443791,-0.4071075610119756,0.26303440583379395
1.206896551724138,0,0.0,0,0,0,0,1,0,0,0,1,0,0,1,0,0,0.0,0.0,0.0,0.0,0.0,1.0,0.0,0.0,0.0,0.0,0.0,0.0,0,0,0,0,0,0,1,0,0,1,0,1,0,0,0,0,0,-0.05369127516778523,-1.1681897103182866,-0.3098799723285842,0.09954602329692071,-0.5664967330375806,-0.5967878560467649,-0.736965594166206
0.1724137931034483,0,0.20000000000001705,1,1,0,0,0,1,0,0,0,0,0,0,1,0,0.0,0.0,0.0,0.0,0.0,0.0,0.0,0.0,0.0,1.0,0.0,0.0,0,0,0,1,0,0,0,0,0,0,0,0,0,0,0,0,0,1.0805369127516775,-0.38382062728568933,0.32917288436683706,-0.9224233415693557,0.32111060722634305,0.29807298457586645,0.26303440583379395
-0.27586206896551724,0,1.0,1,0,0,1,0,1,0,0,0,0,0,0,1,0,0.0,0.0,0.0,0.0,0.0,1.0,0.0,0.0,0.0,0.0,0.0,0.0,0,0,0,1,0,0,1,0,0,0,0,0,0,0,0,0,0,-0.13422818791946312,-1.0193023368744296,0.3604078853221612,0.9160197607056829,-0.2988608636367374,-0.46159098629542233,0.6780719051126377
-0.10344827586206896,0,0.0,1,0,0,1,0,1,0,0,0,0,0,0,1,0,0.0,0.0,0.0,0.0,0.0,0.0,1.0,0.0,0.0,0.0,0.0,0.0,0,0,0,1,0,0,1,0,0,0,0,0,0,0,0,0,0,0.2885906040268456,-0.3628288852461084,-0.10656020831349756,0.5402881638044359,-0.5233438140443791,-0.5234324523010943,-0.32192809488736235
0.5862068965517241,1,0.30000000000001137,0,0,0,0,1,0,0,1,0,0,0,1,0,0,0.0,0.0,0.0,0.0,0.0,0.0,0.0,1.0,0.0,0.0,0.0,0.0,0,0,0,0,1,0,1,0,0,0,0,0,0,0,0,0,0,-0.20134228187919465,-0.749119480917744,-0.6344520498757813,-0.9224233415693557,-0.4843305931653706,-0.3578507794449409,-0.736965594166206
0.0,1,0.700000000000017,1,0,0,1,0,1,0,0,0,0,0,0,1,0,0.0,0.0,0.0,0.0,0.0,0.0,0.0,0.0,0.0,1.0,0.0,0.0,0,0,0,0,1,0,0,0,0,1,0,0,0,0,0,0,0,0.832214765100671,0.3305072070790848,0.8321895348544719,2.140239332693063,1.3729097512883706,1.3263342348286624,0.26303440583379395
-0.20689655172413793,0,0.10000000000002274,1,0,1,0,0,1,0,0,0,0,0,0,1,0,0.0,0.0,0.0,0.0,0.0,0.0,0.0,0.0,1.0,0.0,0.0,0.0,1,0,1,0,0,1,0,1,0,0,0,0,0,0,0,0,0,0.7651006711409396,0.39457409645994346,0.16053861525940355,0.285888863509545,-0.9320941296030667,-0.9231819725908447,-0.736965594166206
0.2413793103448276,0,0.10000000000002274,1,0,0,1,0,1,0,0,0,0,0,0,1,0,0.0,0.0,0.0,0.0,0.0,0.0,0.0,0.0,0.0,0.0,1.0,0.0,0,0,0,1,0,0,1,0,0,0,0,0,0,0,1,0,0,-0.13422818791946312,-0.5160171946658885,-0.28744022615397474,1.3732414552244092,-0.27300404985656557,-0.3578507794449409,0.0
-0.896551724137931,1,0.30000000000001137,1,0,0,0,1,1,0,0,0,0,0,0,1,0,1.0,0.0,0.0,0.0,0.0,0.0,0.0,0.0,0.0,0.0,0.0,0.0,0,0,0,0,1,0,0,0,0,0,0,0,0,0,0,0,0,-0.18791946308724833,-1.6665720675414861,-0.14145357081459387,-0.10466081047388179,-0.6154774966199021,-0.5234324523010943,-1.3219280948873624
2.2413793103448274,1,0.700000000000017,1,0,1,0,0,1,0,0,0,0,0,0,1,0,0.0,0.0,1.0,0.0,0.0,0.0,0.0,0.0,0.0,0.0,0.0,0.0,0,0,0,0,0,0,0,0,0,1,1,0,1,0,0,0,0,0.395973154362416,1.6546958097066002,0.845479025544079,1.1852371380827535,0.6509890353127565,0.908700463159222,0.0
0.5172413793103449,0,0.20000000000001705,0,0,0,0,1,0,0,0,1,0,0,0,0,1,0.0,0.0,0.0,0.0,0.0,0.0,0.0,0.0,0.0,0.0,1.0,0.0,0,0,0,0,0,1,0,0,0,0,1,0,0,0,0,0,0,-0.3624161073825503,-0.5533108508122074,-1.0615447414807022,-0.9224233415693557,-0.9320941296030667,-0.9231819725908447,-0.736965594166206
0.7931034482758621,0,0.8000000000000114,1,0,1,0,0,1,0,0,0,0,0,0,1,0,0.0,0.0,0.0,0.0,0.0,0.0,0.0,1.0,0.0,0.0,0.0,0.0,1,0,0,1,0,1,0,0,0,0,0,0,0,0,0,0,0,0.7651006711409396,0.6980327509436276,0.8232858832034539,-0.33313313904221287,0.713094154941621,1.0215354196458677,-0.32192809488736235
0.7931034482758621,1,0.10000000000002274,1,0,1,0,0,1,0,0,0,0,0,0,0,1,0.0,1.0,0.0,0.0,0.0,0.0,0.0,0.0,0.0,0.0,0.0,0.0,0,0,0,1,0,0,0,1,0,0,0,0,0,0,0,0,0,0.22818791946308717,-0.5160171946658885,0.01056638110135514,0.3736703603919092,0.01775576934642723,0.23079549314771114,0.6780719051126377
-0.13793103448275862,1,0.10000000000002274,1,0,1,0,0,1,0,0,0,0,0,0,1,0,0.0,0.0,0.0,0.0,0.0,1.0,0.0,0.0,0.0,0.0,0.0,0.0,0,0,0,0,0,1,1,0,0,0,0,0,0,0,0,0,0,-0.22818791946308725,0.7381215269252778,-0.5205210631096469,0.0,0.7631112597443181,0.5902452854112349,0.26303440583379395
0.7586206896551724,1,1.0,1,0,0,1,0,0,0,0,1,0,0,0,0,1,0.0,0.0,0.0,0.0,0.0,0.0,0.0,1.0,0.0,0.0,0.0,0.0,0,0,0,1,0,0,0,0,0,0,0,0,0,0,0,0,0,-0.05369127516778523,-0.454059082363014,-0.16526039401723586,0.0,0.8867299535046614,0.319689794753462,1.7655347463629776
-0.4827586206896552,0,0.700000000000017,1,0,0,1,0,1,0,0,0,0,0,0,1,0,0.0,0.0,0.0,0.0,0.0,0.0,0.0,1.0,0.0,0.0,0.0,0.0,0,0,0,1,0,0,0,0,0,1,1,0,0,0,0,0,0,-0.1476510067114094,-0.9078855040228777,-0.5666074967421029,-0.2153165603828081,-0.9320941296030667,-0.9231819725908447,0.0
-0.06896551724137931,0,0.6000000000000227,1,0,0,0,1,0,0,0,1,0,0,0,0,1,0.0,0.0,0.0,0.0,0.0,0.0,0.0,0.0,0.0,1.0,0.0,0.0,0,0,0,1,0,0,0,0,0,0,0,0,0,0,0,0,0,0.2885906040268456,-0.9165392604875219,0.326305429277772,0.19466105017012347,0.294156817072996,0.319689794753462,0.8479969065549505
0.9310344827586207,0,0.6000000000000227,1,0,1,0,0,1,0,0,0,0,0,0,1,0,0.0,0.0,0.0,0.0,0.0,0.0,0.0,0.0,1.0,0.0,0.0,0.0,1,0,0,0,0,1,0,0,0,0,0,1,0,0,0,0,0,-0.05369127516778523,1.8039706099844703,-0.06514435372808743,0.45836890322464535,-0.09440525778300253,-0.12368293201134385,-0.32192809488736235
0.27586206896551724,0,0.4000000000000057,1,1,0,0,0,1,0,0,0,0,0,0,1,0,0.0,0.0,0.0,0.0,0.0,0.0,0.0,0.0,0.0,0.0,1.0,0.0,0,0,0,0,0,0,1,0,0,0,0,0,0,0,0,0,0,1.0805369127516775,-0.019341042389903036,1.2674977815785013,0.9855710999281423,0.5529695155633993,0.46159098629542217,-0.32192809488736235
2.3448275862068964,1,0.6000000000000227,0,0,0,0,1,0,0,0,1,0,0,1,0,0,0.0,0.0,0.0,0.0,0.0,0.0,0.0,0.0,0.0,0.0,0.0,1.0,0,0,0,1,0,1,0,0,0,1,0,0,0,0,0,0,0,-0.40939597315436244,0.001546140284652489,-1.0615447414807022,-0.5973579848037531,-0.4843305931653706,-0.3578507794449409,-0.736965594166206
-0.6206896551724138,0,0.4000000000000057,1,1,0,0,0,1,0,0,0,0,0,0,1,0,0.0,0.0,0.0,1.0,0.0,0.0,0.0,0.0,0.0,0.0,0.0,0.0,1,0,1,0,0,1,1,0,0,0,0,0,0,0,0,1,0,0.0,1.2269225021925816,-0.24385867879865664,0.09954602329692071,-0.17839578835790348,-0.029314871250031297,-0.736965594166206
0.13793103448275862,0,0.8000000000000114,1,0,1,0,0,1,0,0,0,0,0,0,1,0,0.0,0.0,0.0,0.0,0.0,0.0,0.0,0.0,0.0,0.0,1.0,0.0,0,0,0,0,0,0,0,0,0,0,0,1,0,0,0,0,0,-0.18791946308724833,-0.5064459335936806,-0.5149276390160713,-0.45971183619556405,-0.4843305931653706,-0.46159098629542233,-0.32192809488736235
-0.7241379310344828,1,0.4000000000000057,1,0,0,1,0,1,0,0,0,0,0,0,1,0,0.0,0.0,0.0,0.0,0.0,0.0,0.0,1.0,0.0,0.0,0.0,0.0,0,0,0,0,0,0,1,0,0,0,0,0,0,0,0,0,0,-0.2550335570469799,0.11575675093546399,-0.3753043722993551,0.09954602329692071,-0.20089933647209446,-0.2703937395026851,-0.736965594166206
-0.3793103448275862,1,0.4000000000000057,1,1,0,0,0,1,0,0,0,0,0,0,1,0,0.0,0.0,0.0,0.0,0.0,1.0,0.0,0.0,0.0,0.0,0.0,0.0,1,0,1,0,0,0,1,0,0,0,0,0,0,0,0,1,0,0.832214765100671,1.7306249970514473,0.687565495702177,0.09954602329692071,-0.3836980347548376,-0.23079549314771128,-1.3219280948873624
-0.8275862068965517,1,0.4000000000000057,1,0,0,1,0,1,0,0,0,0,0,0,1,0,0.0,0.0,0.0,0.0,0.0,0.0,1.0,0.0,0.0,0.0,0.0,0.0,0,0,0,0,1,0,0,0,0,1,0,0,0,0,0,0,0,-0.05369127516778523,-0.09417834172920175,-0.30084944952764303,-0.10466081047388179,0.5302954566588778,0.8495918482279355,0.0
0.3103448275862069,0,0.30000000000001137,1,0,1,0,0,1,0,0,0,0,0,0,1,0,0.0,0.0,0.0,0.0,0.0,0.0,0.0,0.0,0.0,0.0,0.0,1.0,0,0,0,1,0,0,0,1,0,0,0,0,0,0,0,0,0,0.7651006711409396,0.1258570772083238,0.8957116939430427,0.285888863509545,-0.03656705672767457,0.0560003770413949,-0.32192809488736235
-0.1724137931034483,0,0.4000000000000057,1,0,1,0,0,1,0,0,0,0,1,0,0,0,0.0,0.0,0.0,0.0,0.0,1.0,0.0,0.0,0.0,0.0,0.0,0.0,0,0,0,1,0,0,0,1,0,0,0,0,0,0,1,0,0,-0.4161073825503355,-0.1531764474554827,-1.207580893556269,-0.9224233415693557,-0.6735777313074641,-0.5967878560467649,0.0
-0.9655172413793104,0,0.30000000000001137,1,0,0,1,0,1,0,0,0,0,0,0,1,0,0.0,0.0,1.0,0.0,0.0,0.0,0.0,0.0,0.0,0.0,0.0,0.0,0,0,0,1,1,0,0,0,0,0,0,1,0,0,1,0,0,-0.13422818791946312,-1.061922635491988,-0.261092391640791,0.09954602329692071,-0.4843305931653706,-0.5234324523010943,1.3785116232537302
0.034482758620689655,1,0.9000000000000057,1,0,1,0,0,1,0,0,0,0,0,0,1,0,0.0,0.0,0.0,0.0,0.0,0.0,0.0,0.0,0.0,0.0,0.0,1.0,0,0,0,1,0,0,0,0,0,0,0,0,0,0,0,0,0,1.0805369127516775,-0.6203585143497922,0.4076229891315837,0.09954602329692071,-0.41506133301186154,-0.46159098629542233,0.26303440583379395
-0.034482758620689655,1,0.4000000000000057,1,0,0,1,0,1,0,0,0,0,0,0,1,0,0.0,0.0,0.0,0.0,0.0,0.0,0.0,0.0,1.0,0.0,0.0,0.0,0,0,0,1,0,0,1,0,0,0,1,0,0,0,0,0,0,0.7651006711409396,0.11575675093546399,0.31767446071046906,0.09954602329692071,0.334372402329592,0.23079549314771114,0.0
-0.4482758620689655,0,0.8000000000000114,1,0,0,1,0,1,0,0,0,0,0,0,1,0,0.0,0.0,0.0,0.0,0.0,0.0,0.0,0.0,1.0,0.0,0.0,0.0,0,0,0,0,0,0,1,0,0,0,1,0,0,0,0,0,0,-0.14093959731543623,0.5721374867887491,-0.5666074967421029,-0.5973579848037531,-0.018100638189351426,-0.1933425405422934,1.3785116232537302
1.103448275862069,0,0.20000000000001705,1,0,0,1,0,1,0,0,0,0,0,0,1,0,0.0,0.0,0.0,0.0,0.0,0.0,1.0,0.0,0.0,0.0,0.0,0.0,0,0,0,1,0,0,0,1,0,1,0,0,0,0,0,0,0,0.7651006711409396,0.46105341726672905,0.5853257747692954,0.0,-0.2241178154456085,-0.029314871250031297,-0.32192809488736235
-0.4827586206896552,1,0.4000000000000057,1,0,1,0,0,1,0,0,0,0,0,0,1,0,0.0,0.0,0.0,0.0,0.0,0.0,0.0,1.0,0.0,0.0,0.0,0.0,1,0,0,1,0,0,1,0,0,0,0,0,0,0,0,0,0,-0.3288590604026846,-0.45362420748135807,-0.8086027063439648,0.19466105017012347,-0.5664967330375806,-0.5967878560467649,0.0
-0.20689655172413793,1,0.5,1,0,0,1,0,1,0,0,0,0,0,0,1,0,0.0,0.0,0.0,0.0,0.0,0.0,0.0,0.0,1.0,0.0,0.0,0.0,0,0,0,1,0,0,0,0,0,0,0,0,0,0,1,0,0,1.0805369127516775,-0.08198498473948093,0.38278191359870994,-0.45971183619556405,0.03518566168186925,0.08283225866466219,0.0
-0.2413793103448276,0,0.10000000000002274,1,1,0,0,0,1,0,0,0,0,0,0,1,0,0.0,0.0,0.0,0.0,0.0,0.0,0.0,0.0,0.0,0.0,0.0,1.0,0,0,0,0,0,1,1,0,0,0,0,1,0,0,0,0,0,-0.2348993288590604,1.4758133652917966,-0.4608101309254605,-0.5973579848037531,-0.1565449347162588,-0.2703937395026851,-0.32192809488736235
-0.10344827586206896,1,0.4000000000000057,1,0,1,0,0,1,0,0,0,0,0,0,1,0,0.0,0.0,0.0,0.0,0.0,0.0,0.0,0.0,0.0,1.0,0.0,0.0,0,0,0,1,0,0,1,0,0,0,0,0,0,0,0,0,1,1.0805369127516775,-0.07560779676944467,0.5424192545815021,0.7717596693105655,0.6823402603061347,0.9375507803116744,0.0
-0.7586206896551724,1,0.20000000000001705,0,0,0,0,1,0,0,0,1,0,0,0,0,1,0.0,1.0,0.0,0.0,0.0,0.0,0.0,0.0,0.0,0.0,0.0,0.0,0,1,0,0,0,1,1,0,0,1,0,1,0,0,0,0,0,-0.04026845637583896,-0.4933514656368949,-0.3235668700463594,-0.5973579848037531,-0.35403388971568844,-0.2703937395026851,0.0
0.7931034482758621,0,0.0,1,0,0,1,0,0,0,0,1,0,0,0,0,1,0.0,0.0,0.0,0.0,1.0,0.0,0.0,0.0,0.0,0.0,0.0,0.0,0,1,0,0,1,0,0,0,0,0,0,0,0,0,1,0,0,-0.05369127516778523,-0.11543157810038991,0.12198496115810734,0.285888863509545,-0.1565449347162588,-0.3578507794449409,0.4854268271702419
-0.034482758620689655,1,0.8000000000000114,1,0,0,1,0,1,0,0,0,0,0,0,1,0,0.0,0.0,0.0,0.0,0.0,0.0,0.0,0.0,1.0,0.0,0.0,0.0,0,0,0,0,1,0,0,0,0,0,0,0,0,0,0,0,0,0.832214765100671,0.401383144248253,0.8564940008285932,0.6196850107744367,0.5863458996627281,0.5902452854112349,-0.32192809488736235
0.8275862068965517,0,0.5,0,0,0,0,1,0,0,1,0,0,0,1,0,0,0.0,1.0,0.0,0.0,0.0,0.0,0.0,0.0,0.0,0.0,0.0,0.0,1,0,0,0,0,1,0,0,0,1,1,0,0,0,1,0,0,-0.36912751677852346,-0.3541975205147026,-1.0762547505325748,-1.3945587590305173,-0.2241178154456085,-0.029314871250031297,-0.32192809488736235
-0.8275862068965517,0,0.20000000000001705,1,0,0,1,0,1,0,0,0,0,0,0,1,0,0.0,0.0,0.0,0.0,0.0,0.0,0.0,0.0,0.0,1.0,0.0,0.0,0,0,0,1,0,1,0,0,0,1,0,0,0,0,0,0,0,0.34228187919463077,-0.2212015843332869,0.24098039751264472,0.285888863509545,-0.5664967330375806,-0.46159098629542233,-1.3219280948873624
-0.1724137931034483,0,0.0,1,0,0,1,0,1,0,0,0,0,0,0,1,0,0.0,0.0,0.0,0.0,0.0,0.0,0.0,0.0,0.0,1.0,0.0,0.0,0,0,0,0,0,0,1,0,0,0,0,0,0,1,0,0,1,-0.33557046979865773,0.0,-0.7841654920260558,-0.33313313904221287,-0.2481240298807802,-0.1933425405422934,0.26303440583379395
0.4482758620689655,1,0.30000000000001137,0,0,0,0,1,0,0,1,0,0,0,1,0,0,0.0,0.0,0.0,0.0,0.0,0.0,0.0,0.0,0.0,1.0,0.0,0.0,0,0,0,1,0,0,1,0,0,0,0,0,0,0,1,0,0,-0.13422818791946312,-0.6205700771675027,-0.16927271336898617,-0.10466081047388179,-0.5664967330375806,-0.46159098629542233,-0.736965594166206
-0.41379310344827586,1,0.30000000000001137,1,0,1,0,0,1,0,0,0,0,0,0,1,0,0.0,1.0,0.0,0.0,0.0,0.0,0.0,0.0,0.0,0.0,0.0,0.0,0,0,0,0,1,0,0,0,0,1,0,0,0,0,0,0,0,0.7651006711409396,-0.6700433784289875,0.23795922103136713,0.0,0.8402050056512901,1.1794650380972311,0.6780719051126377
-0.6896551724137931,0,1.0,1,0,0,1,0,1,0,0,0,0,0,0,1,0,1.0,0.0,0.0,0.0,0.0,0.0,0.0,0.0,0.0,0.0,0.0,0.0,0,0,0,0,0,1,0,0,0,1,0,0,0,0,0,0,0,-0.4026845637583893,0.11157133761439983,-1.008091799950117,-0.10466081047388179,0.9763803098986316,1.1794650380972311,0.26303440583379395
-0.034482758620689655,0,0.5,0,0,0,0,1,0,0,0,1,0,0,0,0,1,0.0,1.0,0.0,0.0,0.0,0.0,0.0,0.0,0.0,0.0,0.0,0.0,0,0,0,1,0,0,0,1,0,0,0,0,0,0,0,0,1,-0.2348993288590604,-0.6810854643901506,-0.851715854085623,-1.3945587590305173,-0.5664967330375806,-0.5967878560467649,-0.32192809488736235
-0.6551724137931034,1,0.4000000000000057,1,0,1,0,0,1,0,0,0,0,0,0,1,0,0.0,0.0,0.0,0.0,0.0,0.0,0.0,0.0,0.0,0.0,0.0,1.0,0,0,0,0,1,0,0,0,0,0,0,0,1,0,0,0,0,-0.03355704697986583,-0.5412609421707992,-0.14145357081459387,-0.2153165603828081,1.2690936846487004,1.3263342348286624,-0.32192809488736235
-0.2413793103448276,0,0.4000000000000057,1,0,0,1,0,1,0,0,0,0,0,0,1,0,0.0,0.0,0.0,0.0,0.0,0.0,0.0,0.0,1.0,0.0,0.0,0.0,0,0,0,1,0,0,1,0,0,0,0,0,0,0,0,0,0,-0.38926174496644295,-0.5030122660922659,-1.0207610185191014,-0.7496097847521995,1.0196618763312426,1.0215354196458677,0.26303440583379395
-0.27586206896551724,0,0.0,0,0,0,0,1,0,0,0,1,0,0,0,0,1,0.0,0.0,0.0,0.0,0.0,0.0,1.0,0.0,0.0,0.0,0.0,0.0,0,0,0,0,0,1,1,0,0,0,1,0,0,0,0,0,0,-0.28187919463087246,-0.958314167955085,-0.8887821186398424,-1.1274121468458216,-0.9320941296030667,-0.9231819725908447,-0.736965594166206
0.0,0,0.4000000000000057,1,1,0,0,0,1,0,0,0,0,0,0,1,0,0.0,0.0,0.0,0.0,0.0,0.0,0.0,0.0,0.0,0.0,1.0,0.0,0,0,0,0,0,0,1,0,0,0,0,0,0,0,1,1,0,-0.08053691275167789,0.8247735717487548,-0.3849925268983476,-0.5973579848037531,-0.09440525778300253,0.1344558448132036,-0.736965594166206
-0.5172413793103449,0,0.0,0,0,0,0,1,0,0,0,1,0,0,0,0,1,0.0,0.0,0.0,0.0,0.0,0.0,0.0,0.0,0.0,1.0,0.0,0.0,0,0,0,1,0,0,0,0,0,1,1,0,0,0,0,0,0,0.34228187919463077,-0.8108822054578094,0.04180324544858556,0.6967790260802048,-0.9320941296030667,-0.9231819725908447,0.0
0.9655172413793104,0,0.6000000000000227,1,0,0,1,0,1,0,0,0,0,0,0,1,0,0.0,0.0,0.0,0.0,0.0,0.0,1.0,0.0,0.0,0.0,0.0,0.0,0,0,0,1,0,0,0,0,0,1,1,0,0,0,0,0,0,-0.05369127516778523,0.08335379115453657,-0.62804017282024,-0.9224233415693557,0.5973095079532761,0.23079549314771114,1.0000000000000007
-0.7586206896551724,0,1.0,1,0,0,1,0,1,0,0,0,0,0,0,1,0,0.0,0.0,0.0,0.0,0.0,0.0,0.0,1.0,0.0,0.0,0.0,0.0,0,0,0,0,0,0,1,0,0,1,1,0,1,0,0,0,0,-0.06040268456375844,-0.009913921746310927,-0.07257890197892113,0.0,0.30770696263625097,0.23079549314771114,-0.736965594166206
-0.8275862068965517,0,0.30000000000001137,1,0,0,1,0,1,0,0,0,0,0,0,1,0,0.0,0.0,0.0,0.0,0.0,0.0,0.0,1.0,0.0,0.0,0.0,0.0,0,0,0,1,0,0,1,0,0,0,0,0,0,0,1,0,0,-0.1476510067114094,-0.3942931959653598,-0.2524433814272862,0.3736703603919092,-0.27300404985656557,-0.09103698790077436,-0.32192809488736235
0.5172413793103449,0,0.700000000000017,0,0,0,0,1,0,0,0,1,0,0,0,0,1,1.0,0.0,0.0,0.0,0.0,0.0,0.0,0.0,0.0,0.0,0.0,0.0,1,1,0,0,0,1,1,0,0,0,0,0,0,0,0,0,0,0.832214765100671,0.030272218134001855,-0.03218629127367543,-0.9224233415693557,-0.6154774966199021,-0.5234324523010943,-0.32192809488736235
-0.1724137931034483,0,0.0,1,0,0,1,0,1,0,0,0,0,0,0,1,0,0.0,0.0,1.0,0.0,0.0,0.0,0.0,0.0,0.0,0.0,0.0,0.0,0,0,0,1,0,0,1,0,0,0,0,0,0,1,0,0,0,0.7651006711409396,-0.2050811431117187,0.23190016100281607,-0.33313313904221287,-0.2481240298807802,-0.3578507794449409,-0.32192809488736235
0.6896551724137931,0,0.700000000000017,1,0,0,1,0,1,0,0,0,0,0,0,1,0,0.0,0.0,0.0,0.0,0.0,0.0,0.0,0.0,0.0,0.0,1.0,0.0,0,0,0,1,1,0,0,0,0,0,0,0,0,0,1,0,0,1.0805369127516775,-0.07640065076584882,0.9363962465514284,1.493023283211703,-0.2481240298807802,-0.3578507794449409,0.6780719051126377
-0.20689655172413793,1,0.9000000000000057,1,0,1,0,0,1,0,0,0,0,0,0,1,0,0.0,0.0,0.0,0.0,0.0,0.0,0.0,0.0,1.0,0.0,0.0,0.0,0,1,0,0,1,0,1,0,0,0,0,0,0,0,0,0,0,0.832214765100671,1.0516537143545288,0.4643035899639541,0.45836890322464535,0.9050100518413058,0.908700463159222,0.4854268271702419
-0.5172413793103449,1,0.10000000000002274,1,0,1,0,0,1,0,0,0,0,0,0,1,0,0.0,0.0,0.0,0.0,0.0,0.0,0.0,0.0,1.0,0.0,0.0,0.0,0,0,0,1,0,0,0,1,0,0,0,0,0,0,0,0,0,0.7651006711409396,0.8717574799287878,0.7391767944655284,0.45836890322464535,1.0196618763312426,0.908700463159222,0.4854268271702419
-0.3103448275862069,0,0.20000000000001705,0,0,0,0,1,1,0,0,0,0,0,0,1,0,0.0,0.0,0.0,0.0,1.0,0.0,0.0,0.0,0.0,0.0,0.0,0.0,0,0,0,0,0,1,0,0,0,1,0,0,1,0,0,0,0,-0.1476510067114094,-0.2212015843332869,-0.3704942501172635,0.0,-0.2988608636367374,-0.4071075610119756,0.26303440583379395
-0.20689655172413793,1,0.700000000000017,1,0,0,1,0,1,0,0,0,0,0,0,1,0,0.0,0.0,1.0,0.0,0.0,0.0,0.0,0.0,0.0,0.0,0.0,0.0,0,0,0,0,1,0,0,0,0,0,0,0,0,0,0,0,0,-0.15436241610738255,-1.101921309176436,0.09903964120625659,1.0535588884633251,0.17982694289849235,0.44222257845083546,-0.736965594166206
-0.6551724137931034,0,0.30000000000001137,1,0,0,1,0,1,0,0,0,0,0,0,1,0,0.0,0.0,1.0,0.0,0.0,0.0,0.0,0.0,0.0,0.0,0.0,0.0,0,0,0,1,0,0,0,0,0,1,0,0,0,0,0,0,0,-0.0738255033557047,-0.5341189329710633,-0.2830060315296547,0.6196850107744367,-0.325819435233824,-0.3578507794449409,-0.32192809488736235
-0.13793103448275862,1,0.10000000000002274,1,1,0,0,0,1,0,0,0,0,0,0,1,0,0.0,0.0,0.0,0.0,0.0,0.0,0.0,0.0,0.0,1.0,0.0,0.0,1,0,1,0,0,0,1,0,0,0,0,0,0,0,0,1,0,0.395973154362416,1.6438516800059482,0.413097188523564,1.0535588884633251,-0.44845423396059875,-0.31255449400748914,-1.3219280948873624
0.034482758620689655,0,0.30000000000001137,1,0,0,1,0,1,0,0,0,0,0,0,1,0,0.0,0.0,0.0,0.0,0.0,1.0,0.0,0.0,0.0,0.0,0.0,0.0,0,0,0,1,0,0,0,1,0,1,1,0,0,0,0,0,0,0.22818791946308717,-0.23265087832399695,0.3002816353121805,0.0,0.20948337528249636,-0.09103698790077436,1.0000000000000007
-0.6551724137931034,1,0.10000000000002274,1,0,0,1,0,1,0,0,0,0,0,0,1,0,0.0,1.0,0.0,0.0,0.0,0.0,0.0,0.0,0.0,0.0,0.0,0.0,0,0,0,0,1,0,0,0,0,0,0,0,0,0,0,0,0,-0.22818791946308725,-0.603450510057012,-0.16526039401723586,0.9160197607056829,-0.17839578835790348,-0.2703937395026851,1.0000000000000007
0.034482758620689655,1,0.9000000000000057,1,0,1,0,0,1,0,0,0,0,0,0,1,0,1.0,0.0,0.0,0.0,0.0,0.0,0.0,0.0,0.0,0.0,0.0,0.0,0,0,0,0,0,0,1,0,0,0,0,0,0,0,0,0,0,0.395973154362416,0.34127001892893005,0.6780443760339008,1.5514161815217586,0.5302954566588778,0.8495918482279355,-0.32192809488736235
0.2413793103448276,1,0.20000000000001705,1,0,0,1,0,1,0,0,0,0,0,0,1,0,0.0,0.0,0.0,0.0,0.0,0.0,0.0,1.0,0.0,0.0,0.0,0.0,0,0,0,0,0,1,1,0,0,1,1,0,0,0,0,0,0,0.395973154362416,0.3813114632538188,0.16053861525940355,0.3736703603919092,1.387361327850755,1.1794650380972311,1.1375035237499354
-0.3793103448275862,0,0.4000000000000057,1,0,1,0,0,1,0,0,0,0,0,0,1,0,0.0,0.0,0.0,0.0,1.0,0.0,0.0,0.0,0.0,0.0,0.0,0.0,0,0,0,1,0,0,0,0,0,0,0,0,0,0,1,0,0,0.06711409395973149,-0.2901808813948775,-0.19362520337176464,-0.45971183619556405,0.8402050056512901,0.908700463159222,-0.32192809488736235
0.0,0,0.4000000000000057,1,0,0,1,0,1,0,0,0,0,0,0,1,0,0.0,0.0,0.0,0.0,0.0,1.0,0.0,0.0,0.0,0.0,0.0,0.0,0,0,0,0,0,1,1,0,0,0,1,0,1,0,0,0,0,0.832214765100671,0.3550654964967442,0.14459101231592855,-0.5973579848037531,0.37334969101394155,0.5902452854112349,-0.736965594166206
-0.8620689655172413,0,0.10000000000002274,1,0,0,1,0,1,0,0,0,0,1,0,0,0,0.0,0.0,0.0,0.0,0.0,0.0,0.0,0.0,0.0,0.0,0.0,1.0,0,0,0,0,1,0,0,0,0,0,0,0,1,0,0,0,0,0.34228187919463077,-0.603450510057012,-0.0035398043176398768,0.45836890322464535,-0.27300404985656557,-0.1933425405422934,-0.32192809488736235
-0.06896551724137931,0,0.10000000000002274,1,0,1,0,0,1,0,0,0,0,0,0,1,0,0.0,0.0,0.0,0.0,0.0,0.0,0.0,0.0,1.0,0.0,0.0,0.0,0,0,0,1,0,0,0,1,0,0,0,0,0,0,0,0,0,1.0805369127516775,-0.21112416233756554,0.9701169180741426,0.0,0.22402635017168981,0.0560003770413949,0.0
-0.6206896551724138,0,0.8000000000000114,1,0,0,1,0,1,0,0,0,0,0,0,1,0,0.0,0.0,0.0,0.0,0.0,0.0,0.0,0.0,1.0,0.0,0.0,0.0,0,0,0,1,0,0,0,0,0,0,0,0,0,0,1,0,0,0.832214765100671,-0.163694572108327,0.5551362142241845,0.8447917637013288,-0.05542236995815684,0.08283225866466219,-0.736965594166206
0.6896551724137931,1,0.8000000000000114,1,0,1,0,0,1,0,0,0,0,0,0,1,0,0.0,0.0,0.0,0.0,0.0,0.0,1.0,0.0,0.0,0.0,0.0,0.0,0,0,0,1,0,1,0,0,0,0,0,0,0,0,0,0,0,0.7651006711409396,-0.14639116117270307,0.19816657664688817,0.5402881638044359,-0.6154774966199021,-0.5234324523010943,-1.3219280948873624
-0.3103448275862069,0,0.30000000000001137,1,0,1,0,0,1,0,0,0,0,0,0,1,0,0.0,0.0,0.0,0.0,0.0,0.0,0.0,1.0,0.0,0.0,0.0,0.0,1,0,0,0,0,1,0,0,0,1,0,1,0,0,0,0,0,-0.3959731543624161,0.366243344965992,-0.9838897145774169,-0.5973579848037531,1.2462037612577945,1.1794650380972311,0.4854268271702419
0.7931034482758621,0,0.8000000000000114,1,0,1,0,0,1,0,0,0,0,0,0,1,0,0.0,0.0,1.0,0.0,0.0,0.0,0.0,0.0,0.0,0.0,0.0,0.0,1,1,0,0,0,0,1,0,0,0,0,0,0,0,0,0,0,0.48993288590604017,1.4313110626072723,0.10563096209977138,0.285888863509545,0.6297386331638595,0.8495918482279355,-0.736965594166206
0.3448275862068966,0,0.30000000000001137,1,0,0,1,0,1,0,0,0,0,1,0,0,0,0.0,0.0,0.0,1.0,0.0,0.0,0.0,0.0,0.0,0.0,0.0,0.0,1,0,0,1,0,0,0,0,0,0,0,0,0,0,0,0,0,-0.3959731543624161,-0.3354591941025287,-0.9392265928808275,-0.2153165603828081,0.1646980600933915,0.46159098629542217,-0.736965594166206
0.1724137931034483,0,0.6000000000000227,1,0,0,1,0,1,0,0,0,0,1,0,0,0,0.0,0.0,0.0,0.0,0.0,0.0,0.0,0.0,0.0,1.0,0.0,0.0,0,0,0,0,1,0,0,0,0,0,0,0,1,0,0,0,0,0.34228187919463077,0.5496188506482417,0.7368577805180526,0.9855710999281423,0.8402050056512899,0.46159098629542217,0.26303440583379395
1.2413793103448276,1,0.30000000000001137,1,0,1,0,0,1,0,0,0,0,0,0,1,0,0.0,0.0,0.0,0.0,0.0,0.0,1.0,0.0,0.0,0.0,0.0,0.0,1,0,0,0,0,1,0,0,0,0,0,0,0,0,0,0,0,0.832214765100671,1.7644998059012467,0.6732674754560123,1.6088746125432187,0.6823402603061349,0.8495918482279355,0.0
-0.6551724137931034,1,0.20000000000001705,1,0,0,1,0,1,0,0,0,0,0,0,1,0,0.0,0.0,0.0,1.0,0.0,0.0,0.0,0.0,0.0,0.0,0.0,0.0,0,1,0,1,0,0,0,0,0,0,0,0,0,0,1,0,0,-0.19463087248322147,-1.5246358296996132,-0.36094035472454106,-0.10466081047388179,-0.5233438140443791,-0.5234324523010943,-0.32192809488736235
-0.7586206896551724,0,0.700000000000017,1,0,0,1,0,1,0,0,0,0,0,0,1,0,1.0,0.0,0.0,0.0,0.0,0.0,0.0,0.0,0.0,0.0,0.0,0.0,0,0,0,0,1,0,0,0,0,1,0,0,1,0,0,0,0,-0.3825503355704698,-0.3763895582906396,-0.9609988130892464,-0.5973579848037531,-0.325819435233824,-0.31255449400748914,-0.32192809488736235
0.4482758620689655,0,0.10000000000002274,1,1,0,0,0,1,0,0,0,0,0,0,1,0,0.0,0.0,0.0,0.0,0.0,0.0,0.0,0.0,1.0,0.0,0.0,0.0,0,0,0,1,0,0,0,0,0,0,0,0,0,0,0,0,0,1.0805369127516775,-0.006687700117646254,1.1515283201054047,-0.2153165603828081,-0.9320941296030667,-0.9231819725908447,-0.736965594166206
0.06896551724137931,0,0.5,1,0,0,1,0,1,0,0,0,0,0,0,1,0,0.0,0.0,0.0,0.0,0.0,0.0,0.0,0.0,0.0,0.0,1.0,0.0,0,0,0,0,0,0,0,0,1,1,1,0,0,0,0,0,0,1.0805369127516775,0.1362282928551225,0.4696124618418498,0.45836890322464535,-0.018100638189351426,0.23079549314771114,-0.736965594166206
0.4827586206896552,1,0.20000000000001705,1,0,1,0,0,1,0,0,0,0,1,0,0,0,0.0,0.0,0.0,0.0,0.0,0.0,0.0,0.0,0.0,0.0,1.0,0.0,0,0,0,1,0,0,0,1,0,0,0,0,0,0,0,0,0,0.7651006711409396,0.3813114632538188,0.49069944333652027,0.285888863509545,0.4600592805655788,0.23079549314771114,-0.32192809488736235
0.13793103448275862,1,0.0,1,0,1,0,0,1,0,0,0,0,0,0,1,0,0.0,0.0,0.0,0.0,1.0,0.0,0.0,0.0,0.0,0.0,0.0,0.0,0,0,0,0,0,0,1,0,0,0,0,0,0,1,0,0,0,0.832214765100671,0.38117529772648945,0.7576394724611885,-0.2153165603828081,0.9140822264296563,1.3263342348286624,-0.32192809488736235
-0.7241379310344828,0,0.5,1,0,0,1,0,1,0,0,0,0,0,0,1,0,0.0,0.0,0.0,0.0,0.0,0.0,1.0,0.0,0.0,0.0,0.0,0.0,0,0,0,0,0,0,1,0,0,0,0,1,0,0,1,0,0,-0.2751677852348994,-0.5461908603374092,-0.5261500020774075,0.5402881638044359,-0.9320941296030667,-0.9231819725908447,-0.32192809488736235
-0.06896551724137931,0,1.0,1,1,0,0,0,1,0,0,0,0,0,0,1,0,0.0,0.0,0.0,0.0,0.0,0.0,0.0,0.0,0.0,0.0,0.0,1.0,0,0,1,1,0,0,0,1,0,0,0,0,0,0,0,1,0,-0.12751677852348994,0.6697739784236115,-0.34677091062058646,0.7717596693105655,-0.4843305931653706,-0.46159098629542233,0.0
0.034482758620689655,1,0.6000000000000227,1,0,0,1,0,1,0,0,0,0,0,0,1,0,0.0,0.0,0.0,0.0,1.0,0.0,0.0,0.0,0.0,0.0,0.0,0.0,0,0,0,0,1,0,0,0,0,1,0,0,1,0,0,0,0,0.832214765100671,0.48506390636745955,0.448285832475704,-0.2153165603828081,0.5863458996627281,0.5902452854112349,-0.32192809488736235
0.6551724137931034,1,0.6000000000000227,0,0,0,0,1,0,0,0,1,0,0,1,0,0,0.0,1.0,0.0,0.0,0.0,0.0,0.0,0.0,0.0,0.0,0.0,0.0,0,0,0,0,1,0,1,0,0,0,0,0,0,0,0,0,0,-0.44295302013422816,-1.2283312788882408,-1.4070699871624215,-2.039507733308835,-0.9320941296030667,-0.9231819725908447,-1.3219280948873624
-0.06896551724137931,1,0.4000000000000057,0,0,0,0,1,0,0,0,1,0,0,0,0,1,0.0,0.0,0.0,0.0,0.0,0.0,0.0,0.0,0.0,0.0,1.0,0.0,0,0,0,0,0,0,1,0,0,0,0,0,0,0,0,0,0,-0.44295302013422816,-0.7804854183771361,-1.4070699871624215,-2.039507733308835,-0.27300404985656557,-0.2703937395026851,0.26303440583379395
-0.13793103448275862,0,0.6000000000000227,1,0,0,1,0,1,0,0,0,0,0,0,1,0,0.0,0.0,0.0,0.0,0.0,0.0,0.0,0.0,0.0,1.0,0.0,0.0,0,0,0,1,0,0,1,0,0,0,0,0,0,0,0,0,0,-0.15436241610738255,0.2101899370425801,0.16687241318798832,1.311745441909603,-0.05542236995815684,-0.09103698790077436,-0.32192809488736235
-0.5172413793103449,0,0.0,1,0,0,1,0,1,0,0,0,0,0,0,1,0,0.0,0.0,0.0,0.0,0.0,0.0,0.0,1.0,0.0,0.0,0.0,0.0,0,0,0,0,0,1,1,0,0,0,0,0,0,0,0,0,0,-0.2550335570469799,0.35926387814988225,-0.48207711310457796,0.285888863509545,1.1360370567617541,1.1794650380972311,0.6780719051126377
-0.7241379310344828,1,0.0,0,0,0,0,1,0,0,0,1,0,0,0,0,1,0.0,0.0,0.0,1.0,0.0,0.0,0.0,0.0,0.0,0.0,0.0,0.0,0,0,0,0,0,1,0,0,0,0,0,0,0,0,0,0,1,-0.44295302013422816,-0.11543157810038991,-1.4070699871624215,-2.039507733308835,-0.5664967330375806,-0.46159098629542233,-0.32192809488736235
-0.27586206896551724,0,0.8000000000000114,1,0,0,1,0,1,0,0,0,0,0,0,1,0,0.0,0.0,0.0,0.0,0.0,1.0,0.0,0.0,0.0,0.0,0.0,0.0,0,0,0,0,0,0,1,0,0,0,0,0,0,0,1,0,0,0.0,0.5019585347477374,0.02105458600161584,0.7717596693105655,0.6823402603061349,1.0215354196458677,0.0
-0.9310344827586207,1,0.10000000000002274,1,0,1,0,0,1,0,0,0,0,0,0,1,0,0.0,0.0,0.0,0.0,0.0,0.0,0.0,1.0,0.0,0.0,0.0,0.0,0,0,0,1,0,0,0,0,0,0,0,0,0,0,1,0,0,0.22818791946308717,-0.9348542024152058,-0.10656020831349756,-0.7496097847521995,-0.35403388971568844,-0.1933425405422934,-0.736965594166206
0.20689655172413793,0,0.30000000000001137,1,0,0,1,0,1,0,0,0,0,0,0,1,0,0.0,0.0,0.0,0.0,0.0,0.0,0.0,0.0,1.0,0.0,0.0,0.0,0,0,0,1,0,0,0,0,0,0,0,0,0,0,1,0,0,-0.2550335570469799,-0.23265087832399695,-0.6474381501629705,0.0,0.23838864594233974,0.29807298457586645,0.0
-0.20689655172413793,1,0.10000000000002274,1,0,0,1,0,1,0,0,0,0,0,0,1,0,0.0,0.0,0.0,0.0,0.0,0.0,0.0,0.0,0.0,0.0,1.0,0.0,0,0,0,0,0,0,1,0,0,0,0,0,0,0,0,0,0,0.48993288590604017,0.6636276116875232,0.4158281235562353,0.6196850107744367,-0.41506133301186154,-0.46159098629542233,-0.736965594166206
0.3103448275862069,0,0.4000000000000057,1,1,0,0,0,1,0,0,0,0,0,0,1,0,1.0,0.0,0.0,0.0,0.0,0.0,0.0,0.0,0.0,0.0,0.0,0.0,1,1,0,0,0,1,0,0,0,0,0,0,0,0,0,1,0,-0.22818791946308725,0.8123950369317567,-0.5785295544920406,0.285888863509545,1.0703652810377182,0.9375507803116744,0.0
0.5172413793103449,1,0.700000000000017,1,0,1,0,0,1,0,0,0,0,0,0,1,0,0.0,0.0,0.0,0.0,1.0,0.0,0.0,0.0,0.0,0.0,0.0,0.0,1,1,0,0,0,1,0,0,0,0,0,0,0,0,0,0,0,0.48993288590604017,2.104541016577108,0.687565495702177,-0.33313313904221287,0.03518566168186925,0.10896685056689351,-0.736965594166206
-0.7586206896551724,0,0.6000000000000227,1,0,1,0,0,0,0,0,1,0,0,0,0,1,0.0,0.0,0.0,0.0,0.0,1.0,0.0,0.0,0.0,0.0,0.0,0.0,0,0,1,0,0,0,0,0,0,0,0,0,0,0,0,0,0,-0.2684563758389262,-0.7078587609653811,-0.6280401728202402,-0.10466081047388179,0.17982694289849213,0.23079549314771114,1.1375035237499354
0.6206896551724138,0,0.30000000000001137,1,0,0,1,0,1,0,0,0,0,0,0,1,0,0.0,0.0,0.0,0.0,0.0,0.0,0.0,0.0,0.0,0.0,1.0,0.0,0,0,0,1,0,0,0,0,0,1,1,0,0,0,0,0,0,-0.03355704697986583,0.5850824498510017,0.1317139349118729,0.5402881638044359,1.3801468299464463,0.9375507803116744,0.6780719051126377
-0.5862068965517241,1,0.0,1,1,0,0,0,1,0,0,0,0,0,0,1,0,0.0,0.0,1.0,0.0,0.0,0.0,0.0,0.0,0.0,0.0,0.0,0.0,0,1,1,0,0,0,1,0,0,0,0,1,0,0,0,1,0,0.48993288590604017,1.5573956104280011,0.6126031529644477,0.19466105017012347,-0.2481240298807802,-0.05962431082057667,-1.3219280948873624
-0.6206896551724138,1,0.0,1,0,1,0,0,0,1,0,0,1,0,0,0,0,0.0,0.0,0.0,0.0,0.0,0.0,0.0,0.0,0.0,0.0,0.0,1.0,0,0,0,0,0,0,1,0,0,0,0,0,0,0,0,0,0,-0.3087248322147651,-0.23163906657527927,-0.8699291640149156,-0.7496097847521995,-0.3836980347548376,-0.23079549314771128,-0.32192809488736235
-0.27586206896551724,1,0.30000000000001137,1,0,1,0,0,1,0,0,0,0,0,0,1,0,0.0,0.0,0.0,0.0,0.0,0.0,0.0,0.0,0.0,0.0,1.0,0.0,0,0,0,0,0,0,1,0,0,0,0,0,0,0,1,0,0,0.06711409395973149,0.003596696603047288,-0.4046496979064352,0.3736703603919092,1.2230707385792452,1.3263342348286624,0.26303440583379395
-0.06896551724137931,1,0.8000000000000114,1,0,0,1,0,1,0,0,0,0,0,0,1,0,0.0,0.0,0.0,0.0,0.0,0.0,0.0,1.0,0.0,0.0,0.0,0.0,0,0,0,0,0,1,0,0,0,1,1,0,0,0,0,0,0,-0.3087248322147651,0.8090453068683916,-0.6606501464901238,0.45836890322464535,0.713094154941621,1.0215354196458677,0.0
0.7931034482758621,1,0.10000000000002274,1,0,0,1,0,1,0,0,0,0,0,0,1,0,0.0,0.0,0.0,0.0,0.0,1.0,0.0,0.0,0.0,0.0,0.0,0.0,0,0,0,0,1,0,0,0,0,0,0,0,0,0,0,0,0,-0.15436241610738255,0.5826406624138034,0.10233889954846202,0.285888863509545,0.8589600161477176,0.5902452854112349,0.0
-0.41379310344827586,1,0.8000000000000114,1,1,0,0,0,0,0,0,1,0,0,0,0,1,0.0,0.0,1.0,0.0,0.0,0.0,0.0,0.0,0.0,0.0,0.0,0.0,1,1,1,0,0,0,0,0,0,0,0,0,0,0,0,1,0,1.0805369127516775,-0.6093568797567119,0.27089300903181684,-0.10466081047388179,-0.6735777313074641,-0.5967878560467649,0.26303440583379395
2.1724137931034484,1,0.10000000000002274,0,0,0,0,1,0,0,0,1,0,0,1,0,0,0.0,0.0,0.0,1.0,0.0,0.0,0.0,0.0,0.0,0.0,0.0,0.0,0,0,0,1,0,0,0,0,0,0,0,0,0,0,1,0,0,-0.24832214765100669,-1.1790118264601637,0.13494328562458663,0.3736703603919092,-0.9320941296030667,-0.9231819725908447,-1.3219280948873624
0.41379310344827586,0,1.0,1,0,0,1,0,1,0,0,0,0,0,0,1,0,0.0,0.0,1.0,0.0,0.0,0.0,0.0,0.0,0.0,0.0,0.0,0.0,0,0,0,1,0,0,0,1,0,0,1,0,0,0,0,0,0,0.22818791946308717,0.4659896465842432,0.10563096209977138,-0.10466081047388179,0.03518566168186925,0.15934484576540012,-0.736965594166206
0.7241379310344828,0,1.0,1,0,0,1,0,1,0,0,0,0,0,0,1,0,0.0,0.0,0.0,1.0,0.0,0.0,0.0,0.0,0.0,0.0,0.0,0.0,0,0,0,0,0,0,0,0,0,1,1,0,1,0,0,0,0,0.832214765100671,0.8671949135463093,0.3604078853221612,0.285888863509545,-0.44845423396059875,-0.46159098629542233,0.0
2.1724137931034484,0,0.4000000000000057,1,0,1,0,0,1,0,0,0,0,0,0,1,0,0.0,0.0,0.0,0.0,0.0,0.0,0.0,1.0,0.0,0.0,0.0,0.0,0,0,0,1,0,0,0,1,0,0,0,0,0,0,0,0,1,0.7651006711409396,-0.2901808813948775,0.5652507461940621,0.8447917637013288,-0.2241178154456085,-0.09103698790077436,0.0
0.6551724137931034,1,1.0,0,0,0,0,1,0,0,1,0,0,0,1,0,0,0.0,0.0,1.0,0.0,0.0,0.0,0.0,0.0,0.0,0.0,0.0,0.0,0,0,0,1,0,0,0,0,0,1,0,0,0,0,0,0,0,0.7651006711409396,-0.8874153671329323,-0.03580917950993587,-0.5973579848037531,-0.11459349848569159,-0.029314871250031297,0.26303440583379395
-0.10344827586206896,0,0.6000000000000227,1,0,0,1,0,0,1,0,0,1,0,0,0,0,0.0,0.0,0.0,0.0,0.0,0.0,1.0,0.0,0.0,0.0,0.0,0.0,0,0,0,1,1,0,0,0,0,1,0,0,0,0,0,0,0,0.2885906040268456,-0.4518159012028006,0.14459101231592833,0.5402881638044359,0.2804552591354187,0.23079549314771114,0.26303440583379395
0.4827586206896552,1,1.0,1,0,1,0,0,1,0,0,0,0,0,0,1,0,0.0,0.0,0.0,0.0,0.0,0.0,0.0,0.0,0.0,0.0,1.0,0.0,0,0,0,1,0,0,0,1,0,0,0,0,0,0,1,0,0,1.0805369127516775,0.21598803520324697,0.6756572952705558,0.19466105017012347,-0.09440525778300253,0.0,0.0
-0.7931034482758621,0,0.10000000000002274,1,0,1,0,0,1,0,0,0,0,0,0,1,0,0.0,0.0,0.0,0.0,0.0,0.0,0.0,1.0,0.0,0.0,0.0,0.0,0,0,0,1,0,0,1,0,0,0,0,0,0,0,0,0,0,-0.2550335570469799,-0.6228683787837289,-0.5149276390160713,0.09954602329692071,-0.41506133301186154,-0.5234324523010943,0.0
0.06896551724137931,1,0.9000000000000057,1,1,0,0,0,1,0,0,0,0,0,0,1,0,0.0,0.0,0.0,1.0,0.0,0.0,0.0,0.0,0.0,0.0,0.0,0.0,0,0,0,1,0,0,0,0,0,0,0,0,0,1,0,1,0,0.7651006711409396,-0.5500754674325379,0.7322122110988268,0.0,-0.325819435233824,-0.31255449400748914,0.6780719051126377
-0.5517241379310345,0,0.8000000000000114,1,0,0,1,0,1,0,0,0,0,0,0,1,0,0.0,0.0,0.0,0.0,0.0,1.0,0.0,0.0,0.0,0.0,0.0,0.0,0,0,0,0,0,0,1,0,0,0,0,0,0,0,0,0,0,0.2885906040268456,0.019454552458953958,-0.20185204252549735,-0.7496097847521995,0.8116943129959044,1.1794650380972311,-0.32192809488736235
0.0,0,0.0,1,1,0,0,0,1,0,0,0,0,0,0,1,0,0.0,0.0,0.0,0.0,0.0,0.0,0.0,0.0,1.0,0.0,0.0,0.0,1,1,0,0,0,1,0,0,0,0,0,0,0,0,0,1,0,-0.22818791946308725,1.6557442794256731,-0.6216806402452604,-0.45971183619556405,0.8775206584661518,0.908700463159222,0.4854268271702419
-0.20689655172413793,0,0.8000000000000114,1,0,1,0,0,1,0,0,0,0,0,0,1,0,0.0,0.0,0.0,0.0,0.0,1.0,0.0,0.0,0.0,0.0,0.0,0.0,0,0,0,1,0,0,0,0,0,0,0,0,0,0,1,0,0,0.2885906040268456,-0.23793314261366583,0.49331886408703496,0.8447917637013288,0.34749675837613464,0.44222257845083546,0.0
0.7586206896551724,0,0.10000000000002274,1,0,1,0,0,1,0,0,0,0,0,0,1,0,0.0,0.0,0.0,0.0,0.0,0.0,0.0,0.0,0.0,0.0,0.0,1.0,0,0,0,1,0,0,0,1,0,0,0,0,0,0,1,0,0,-0.35570469798657717,1.1917178345539183,-0.6606501464901238,0.09954602329692071,-0.27300404985656557,-0.1933425405422934,0.0
-1.1724137931034482,0,0.6000000000000227,0,0,0,0,1,0,1,0,0,1,0,0,0,0,0.0,0.0,0.0,0.0,1.0,0.0,0.0,0.0,0.0,0.0,0.0,0.0,0,1,0,0,0,0,1,0,0,0,0,0,0,0,0,0,0,-0.42281879194630867,-0.5720489541791757,-1.2343073643215616,-1.1274121468458216,0.1019714635793437,-0.2703937395026851,0.4854268271702419
-0.06896551724137931,1,0.0,1,0,1,0,0,1,0,0,0,0,0,0,1,0,0.0,0.0,0.0,0.0,0.0,1.0,0.0,0.0,0.0,0.0,0.0,0.0,0,0,0,1,0,0,0,0,0,0,0,0,1,0,1,0,0,1.0805369127516775,-0.11543157810038991,1.0885377765318958,0.6967790260802048,-0.13529307677780772,-0.1933425405422934,-0.736965594166206
0.896551724137931,1,0.0,1,0,1,0,0,1,0,0,0,0,0,0,1,0,0.0,0.0,0.0,1.0,0.0,0.0,0.0,0.0,0.0,0.0,0.0,0.0,0,0,0,0,0,1,0,0,0,1,1,0,0,0,0,0,0,-0.046979865771812096,1.8860584056224985,-0.028572924475072477,0.0,1.0282035189173087,1.3263342348286624,-0.32192809488736235
-0.6206896551724138,0,0.700000000000017,1,1,0,0,0,1,0,0,0,0,1,0,0,0,0.0,0.0,0.0,0.0,0.0,0.0,0.0,0.0,0.0,0.0,0.0,1.0,1,1,1,0,0,0,1,0,0,0,0,0,0,0,0,1,0,1.0805369127516775,-0.045077983709106983,0.09573313968017547,-0.2153165603828081,-0.6735777313074641,-0.5967878560467649,1.1375035237499354
-0.5172413793103449,0,0.0,1,0,0,0,1,1,0,0,0,0,0,0,1,0,0.0,0.0,0.0,0.0,0.0,0.0,0.0,0.0,0.0,1.0,0.0,0.0,0,0,0,0,0,1,0,0,0,1,1,0,0,0,0,0,0,-0.2751677852348994,0.15864320248150596,-0.7160194957989827,-1.1274121468458216,-0.6735777313074641,-0.5967878560467649,-0.32192809488736235
-0.1724137931034483,0,0.9000000000000057,1,1,0,0,0,1,0,0,0,0,1,0,0,0,0.0,0.0,0.0,0.0,0.0,0.0,0.0,0.0,0.0,0.0,1.0,0.0,1,0,0,0,0,0,1,0,0,0,0,0,0,0,0,1,0,0.832214765100671,0.9767990125171047,0.9826394993923557,0.6196850107744367,-0.5233438140443791,-0.4071075610119756,-0.32192809488736235
-0.9310344827586207,0,0.8000000000000114,1,0,0,1,0,1,0,0,0,0,0,0,1,0,0.0,0.0,0.0,0.0,1.0,0.0,0.0,0.0,0.0,0.0,0.0,0.0,0,0,0,0,1,1,0,0,0,1,0,0,0,0,0,0,0,0.832214765100671,-1.4489524417120174,0.7322122110988268,-0.10466081047388179,-0.2481240298807802,-0.4071075610119756,0.26303440583379395
0.0,0,0.10000000000002274,1,0,1,0,0,1,0,0,0,0,1,0,0,0,0.0,0.0,0.0,0.0,0.0,0.0,0.0,0.0,0.0,0.0,1.0,0.0,0,0,0,1,0,0,0,1,0,0,0,0,0,0,0,0,0,1.0805369127516775,-0.042953274429237374,1.1920363525069957,0.19466105017012347,0.9231100375085017,0.2760665882784065,1.2630344058337943
-0.3448275862068966,1,0.6000000000000227,1,1,0,0,0,1,0,0,0,0,0,0,1,0,0.0,1.0,0.0,0.0,0.0,0.0,0.0,0.0,0.0,0.0,0.0,0.0,0,0,1,0,0,0,1,0,0,0,0,0,0,0,0,1,0,0.395973154362416,0.6524865256558637,-0.16126099688969012,-1.1274121468458216,0.6297386331638595,0.908700463159222,0.0
-0.5862068965517241,1,0.0,1,0,1,0,0,1,0,0,0,0,0,0,1,0,0.0,0.0,0.0,0.0,0.0,0.0,0.0,0.0,1.0,0.0,0.0,0.0,0,0,0,0,1,0,0,0,0,1,0,0,0,0,0,0,0,0.34228187919463077,-0.5109356414615643,0.3966247485794641,0.7717596693105655,0.37334969101394155,0.6421492205550592,-0.736965594166206
0.27586206896551724,0,0.30000000000001137,1,0,0,1,0,1,0,0,0,0,0,0,1,0,0.0,0.0,0.0,0.0,0.0,0.0,1.0,0.0,0.0,0.0,0.0,0.0,0,0,0,1,0,1,0,0,0,0,0,1,0,0,0,0,0,-0.3288590604026846,-0.45981409115509536,-0.851715854085623,-0.45971183619556405,-0.325819435233824,-0.31255449400748914,-0.32192809488736235
0.7586206896551724,0,0.10000000000002274,0,0,0,0,1,0,0,1,0,0,0,1,0,0,0.0,0.0,0.0,0.0,0.0,1.0,0.0,0.0,0.0,0.0,0.0,0.0,0,0,0,0,0,0,0,0,0,1,1,0,0,0,0,0,0,0.7651006711409396,-1.21151943771159,0.17946415305915395,-0.45971183619556405,-0.5664967330375806,-0.46159098629542233,-1.3219280948873624
1.206896551724138,1,0.8000000000000114,1,0,0,0,1,0,0,1,0,0,0,1,0,0,1.0,0.0,0.0,0.0,0.0,0.0,0.0,0.0,0.0,0.0,0.0,0.0,1,0,0,0,0,1,0,0,0,1,0,0,0,0,0,0,0,-0.22818791946308725,0.25381749253960056,-0.7683932619758896,-0.9224233415693557,-0.20089933647209446,-0.23079549314771128,0.4854268271702419
-0.4482758620689655,0,0.8000000000000114,1,0,0,1,0,1,0,0,0,0,0,0,1,0,0.0,0.0,0.0,0.0,1.0,0.0,0.0,0.0,0.0,0.0,0.0,0.0,0,0,0,0,0,0,1,0,0,0,0,0,0,0,0,0,0,-0.44295302013422816,-0.7913574643365368,-1.4070699871624215,-2.039507733308835,-0.35403388971568844,-0.46159098629542233,-0.32192809488736235
0.5172413793103449,0,0.9000000000000057,1,0,0,1,0,1,0,0,0,0,0,0,1,0,0.0,0.0,0.0,0.0,0.0,0.0,0.0,1.0,0.0,0.0,0.0,0.0,0,0,0,0,0,1,0,0,0,1,1,0,0,0,0,0,0,-0.44295302013422816,0.23127110595816858,-1.4070699871624215,-2.039507733308835,1.045176109636437,1.3263342348286624,0.0
-0.5172413793103449,0,0.0,1,0,0,1,0,1,0,0,0,0,1,0,0,0,0.0,0.0,0.0,0.0,0.0,0.0,0.0,1.0,0.0,0.0,0.0,0.0,0,0,0,1,0,0,1,0,0,0,0,0,0,1,1,0,0,0.48993288590604017,-0.4355496436144833,-0.057750768110813644,-0.7496097847521995,0.30770696263625097,0.1344558448132036,-0.32192809488736235
-0.5172413793103449,0,0.30000000000001137,1,0,1,0,0,0,0,0,1,0,0,0,0,1,0.0,0.0,0.0,0.0,0.0,0.0,0.0,1.0,0.0,0.0,0.0,0.0,1,1,1,0,0,1,0,0,0,0,0,0,0,0,0,0,0,-0.04026845637583896,-0.14428703175729612,-0.12195139869913371,-0.10466081047388179,0.06913557571732576,-0.12368293201134385,0.8479969065549505
0.3448275862068966,1,0.0,1,0,0,1,0,1,0,0,0,0,0,0,1,0,0.0,0.0,0.0,0.0,0.0,0.0,0.0,0.0,1.0,0.0,0.0,0.0,0,0,0,0,0,1,0,0,0,1,1,0,0,0,0,0,0,0.34228187919463077,0.4025271570228527,0.704124136643835,1.6088746125432187,0.923110037508502,1.1794650380972311,-0.32192809488736235
0.7241379310344828,0,0.10000000000002274,1,0,1,0,0,1,0,0,0,0,0,0,1,0,0.0,0.0,0.0,0.0,0.0,0.0,0.0,0.0,1.0,0.0,0.0,0.0,1,0,0,0,0,1,0,0,1,0,0,0,0,0,0,0,0,-0.03355704697986583,1.1917178345539183,-0.16526039401723586,0.0,1.1918348128693077,1.0215354196458677,0.4854268271702419
0.4827586206896552,0,0.0,0,0,0,0,1,0,0,0,1,0,0,0,0,1,0.0,0.0,0.0,0.0,1.0,0.0,0.0,0.0,0.0,0.0,0.0,0.0,1,0,0,1,0,0,0,0,0,0,0,0,0,0,0,0,0,0.7651006711409396,-0.9515513737546112,-0.021374457447631966,0.19466105017012347,-0.6735777313074641,-0.5967878560467649,0.4854268271702419
0.41379310344827586,0,0.8000000000000114,1,0,1,0,0,1,0,0,0,0,0,0,1,0,0.0,0.0,0.0,0.0,0.0,0.0,0.0,0.0,0.0,0.0,0.0,1.0,0,0,0,1,0,0,0,1,0,0,0,0,0,0,0,0,0,0.7651006711409396,0.42566264922623487,0.19195674074315602,-0.33313313904221287,-0.2988608636367374,-0.4071075610119756,-0.32192809488736235
0.2413793103448276,0,0.9000000000000057,1,1,0,0,0,1,0,0,0,0,0,0,1,0,0.0,1.0,0.0,0.0,0.0,0.0,0.0,0.0,0.0,0.0,0.0,0.0,0,0,0,1,0,0,0,0,0,0,0,0,0,0,0,0,0,0.7651006711409396,-0.21371208397275582,0.8586905699897984,1.0535588884633251,-0.018100638189351426,0.0560003770413949,-0.32192809488736235
3.5517241379310347,1,1.0,1,0,0,0,1,0,0,1,0,0,0,1,0,0,0.0,0.0,0.0,0.0,0.0,0.0,0.0,0.0,0.0,0.0,0.0,1.0,0,0,0,0,0,1,0,0,0,1,1,0,0,0,0,0,0,-0.20134228187919465,-0.1792433995872022,0.003530921454260335,1.311745441909603,-0.3836980347548376,-0.31255449400748914,-0.736965594166206
-0.2413793103448276,0,0.20000000000001705,1,0,0,1,0,1,0,0,0,0,0,0,1,0,0.0,0.0,1.0,0.0,0.0,0.0,0.0,0.0,0.0,0.0,0.0,0.0,0,0,0,0,1,0,0,0,0,0,0,1,1,0,0,0,0,-0.28187919463087246,0.8308066083588728,-0.4660818145966646,0.19466105017012347,0.733281269455903,1.0215354196458677,-0.736965594166206
-1.1724137931034482,0,1.0,1,1,0,0,0,0,1,0,0,1,0,0,0,0,0.0,0.0,0.0,0.0,0.0,1.0,0.0,0.0,0.0,0.0,0.0,0.0,0,0,1,1,0,0,0,0,0,0,0,0,0,0,0,1,0,1.0805369127516775,-0.2997524674042607,0.21358707059997717,0.285888863509545,-0.20089933647209446,0.0,0.4854268271702419
-0.034482758620689655,0,0.30000000000001137,1,0,0,1,0,1,0,0,0,0,0,0,1,0,0.0,0.0,0.0,0.0,0.0,0.0,0.0,0.0,0.0,0.0,1.0,0.0,0,0,0,0,1,0,0,0,0,0,0,1,0,0,0,0,1,-0.20134228187919465,0.5180547854479433,-0.18953262924451938,0.3736703603919092,0.5302954566588778,0.8495918482279355,-0.736965594166206
0.3793103448275862,0,0.10000000000002274,1,0,0,0,1,0,0,0,1,0,0,0,0,1,1.0,0.0,0.0,0.0,0.0,0.0,0.0,0.0,0.0,0.0,0.0,0.0,0,0,0,1,0,0,0,0,0,0,0,0,0,0,1,0,0,-0.44295302013422816,-0.21112416233756554,-1.4070699871624215,-2.039507733308835,-0.2988608636367374,-0.1933425405422934,0.6780719051126377
0.9310344827586207,0,0.9000000000000057,1,0,0,1,0,1,0,0,0,0,0,0,1,0,0.0,0.0,0.0,0.0,0.0,0.0,0.0,0.0,1.0,0.0,0.0,0.0,0,1,0,1,0,0,0,0,0,0,0,1,0,0,0,0,0,-0.16778523489932887,1.2082820507673144,0.2708930090318166,1.6088746125432187,-0.5664967330375806,-0.46159098629542233,-0.736965594166206
-0.41379310344827586,1,0.10000000000002274,1,0,0,1,0,0,0,0,1,0,0,0,0,1,0.0,0.0,0.0,1.0,0.0,0.0,0.0,0.0,0.0,0.0,0.0,0.0,0,0,0,1,0,0,0,0,0,0,0,0,0,0,1,0,0,-0.0738255033557047,-0.9368468372195341,0.30609886382704155,0.6196850107744367,0.19475272581557548,0.29807298457586645,0.0
0.3793103448275862,0,0.9000000000000057,1,0,0,1,0,1,0,0,0,0,0,0,1,0,0.0,0.0,0.0,1.0,0.0,0.0,0.0,0.0,0.0,0.0,0.0,0.0,0,0,0,0,0,1,1,0,0,0,0,0,0,0,0,0,1,1.0805369127516775,0.6775564017228551,0.8277421431316269,1.249099671807958,-0.17839578835790348,-0.157719918514846,-0.32192809488736235
-0.3448275862068966,0,0.9000000000000057,1,0,1,0,0,1,0,0,0,0,0,0,1,0,0.0,1.0,0.0,0.0,0.0,0.0,0.0,0.0,0.0,0.0,0.0,0.0,0,0,0,0,1,0,1,0,0,0,0,0,0,0,1,0,0,0.34228187919463077,-0.19915795686177407,1.0665143330953075,0.6967790260802048,-0.018100638189351426,0.23079549314771114,-0.32192809488736235
0.1724137931034483,1,0.700000000000017,1,0,1,0,0,1,0,0,0,0,0,0,1,0,0.0,1.0,0.0,0.0,0.0,0.0,0.0,0.0,0.0,0.0,0.0,0.0,1,0,0,0,0,1,0,0,0,0,0,0,1,0,0,0,0,0.48993288590604017,1.2667759747042842,-0.11808637166111347,-0.2153165603828081,0.8020865900590682,1.0215354196458677,0.0
1.3793103448275863,1,1.0,1,0,0,0,1,0,0,0,1,0,0,1,0,0,0.0,0.0,0.0,0.0,0.0,0.0,0.0,1.0,0.0,0.0,0.0,0.0,1,1,0,0,0,1,0,0,0,0,0,0,0,0,0,0,0,-0.44295302013422816,-0.7698129173973911,-1.4070699871624215,-0.7496097847521995,-0.9320941296030667,-0.9231819725908447,-1.3219280948873624
0.3103448275862069,0,0.10000000000002274,1,0,1,0,0,1,0,0,0,0,0,0,1,0,0.0,0.0,1.0,0.0,0.0,0.0,0.0,0.0,0.0,0.0,0.0,0.0,1,0,0,0,0,1,0,0,0,0,0,1,1,0,0,0,0,1.0805369127516775,1.3624799162936,0.9742984286149635,0.09954602329692071,1.078691551507107,1.1794650380972311,0.0
-0.27586206896551724,0,0.8000000000000114,1,0,0,1,0,1,0,0,0,0,0,0,1,0,0.0,0.0,0.0,0.0,0.0,0.0,0.0,0.0,1.0,0.0,0.0,0.0,1,0,0,0,0,1,0,0,0,1,0,0,0,0,0,0,0,0.832214765100671,1.0829171270718088,-0.03218629127367543,-0.7496097847521995,1.1681030183785754,1.1794650380972311,0.6780719051126377
-0.896551724137931,0,1.0,1,0,1,0,0,1,0,0,0,0,0,0,1,0,0.0,0.0,0.0,0.0,0.0,0.0,1.0,0.0,0.0,0.0,0.0,0.0,0,0,0,0,0,1,1,0,0,0,1,0,0,0,0,0,0,0.832214765100671,0.42164113890070726,0.8098633588752563,-0.33313313904221287,0.713094154941621,0.8495918482279355,-0.32192809488736235
0.9310344827586207,1,0.30000000000001137,0,0,0,0,1,0,0,1,0,0,0,1,0,0,0.0,0.0,0.0,0.0,1.0,0.0,0.0,0.0,0.0,0.0,0.0,0.0,0,0,0,1,0,0,0,1,0,1,0,0,0,0,0,0,0,1.0805369127516775,-0.5755393626053553,0.10891587573857892,-0.9224233415693557,-0.325819435233824,-0.31255449400748914,-0.736965594166206
-0.5862068965517241,0,0.30000000000001137,1,0,0,1,0,1,0,0,0,0,0,0,1,0,0.0,1.0,0.0,0.0,0.0,0.0,0.0,0.0,0.0,0.0,0.0,0.0,0,0,0,1,0,1,0,0,0,1,0,0,0,0,0,0,0,-0.05369127516778523,-0.5341189329710633,-0.5261500020774074,-0.45971183619556405,-0.41506133301186154,-0.2703937395026851,0.4854268271702419
0.27586206896551724,1,0.0,1,0,0,1,0,1,0,0,0,0,0,0,1,0,0.0,0.0,0.0,0.0,0.0,0.0,0.0,0.0,0.0,0.0,1.0,0.0,0,0,0,1,0,0,0,0,0,0,0,0,0,0,0,0,0,1.0805369127516775,0.0,0.6540491654918095,0.6196850107744367,0.1019714635793437,0.1344558448132036,0.6780719051126377
-0.7586206896551724,1,0.10000000000002274,1,1,0,0,0,1,0,0,0,0,0,0,0,1,0.0,0.0,0.0,0.0,0.0,0.0,0.0,0.0,0.0,0.0,0.0,1.0,1,0,1,0,0,0,1,0,0,0,0,0,0,0,0,1,0,-0.19463087248322147,0.39457409645994346,-0.45556765393220555,0.09954602329692071,0.1019714635793437,-0.157719918514846,0.6780719051126377
-0.06896551724137931,0,0.4000000000000057,1,0,0,1,0,1,0,0,0,0,0,0,1,0,0.0,0.0,0.0,0.0,0.0,0.0,0.0,0.0,0.0,0.0,0.0,1.0,0,0,0,1,0,0,0,0,0,0,0,0,0,0,0,0,0,0.7651006711409396,0.3954447124914332,0.29736557575854283,-0.10466081047388179,1.3290008941324234,1.1794650380972311,0.6780719051126377
0.20689655172413793,0,0.10000000000002274,1,1,0,0,0,1,0,0,0,0,0,0,1,0,0.0,0.0,0.0,0.0,0.0,1.0,0.0,0.0,0.0,0.0,0.0,0.0,1,1,0,0,0,0,0,0,0,0,0,0,0,0,0,1,0,-0.17449664429530204,1.5793613559144095,-0.12195139869913371,0.19466105017012347,0.5302954566588778,0.1344558448132036,0.4854268271702419
0.4482758620689655,0,0.0,1,0,0,0,1,0,1,0,0,1,0,0,0,0,0.0,0.0,0.0,0.0,0.0,0.0,0.0,0.0,0.0,1.0,0.0,0.0,0,0,0,1,0,0,0,0,0,0,0,0,0,0,1,0,0,0.2885906040268456,-0.17687271609271088,-0.23958999910168696,-1.1274121468458216,0.30770696263625097,0.20748041370096285,0.4854268271702419
-0.27586206896551724,0,0.10000000000002274,1,0,1,0,0,1,0,0,0,0,0,0,1,0,0.0,0.0,0.0,0.0,0.0,0.0,0.0,0.0,0.0,0.0,0.0,1.0,1,1,0,0,0,1,0,0,0,0,0,0,0,0,0,0,0,-0.261744966442953,1.6438516800059482,-0.2268765935301972,0.3736703603919092,1.1440999769555247,1.3263342348286624,0.4854268271702419
0.3103448275862069,0,0.30000000000001137,1,0,0,1,0,1,0,0,0,0,0,0,0,1,0.0,0.0,1.0,0.0,0.0,0.0,0.0,0.0,0.0,0.0,0.0,0.0,0,0,0,1,0,0,0,0,0,0,0,0,0,0,0,0,0,-0.348993288590604,0.1258570772083238,-0.745439513902728,-0.33313313904221287,0.8589600161477176,0.46159098629542217,0.4854268271702419
0.4482758620689655,0,0.10000000000002274,1,0,0,0,1,0,0,0,1,0,0,0,0,1,0.0,0.0,0.0,0.0,0.0,0.0,0.0,0.0,0.0,0.0,0.0,1.0,1,0,0,0,0,1,1,0,0,0,0,0,0,0,0,1,1,-0.2348993288590604,0.7381215269252778,-0.7762300830044475,-0.45971183619556405,-0.4843305931653706,-0.5234324523010943,0.8479969065549505
-0.1724137931034483,0,0.9000000000000057,1,0,0,1,0,1,0,0,0,0,0,0,1,0,0.0,0.0,0.0,0.0,0.0,0.0,0.0,1.0,0.0,0.0,0.0,0.0,0,0,0,0,1,0,0,0,0,1,0,1,0,0,0,0,0,-0.3221476510067114,-0.6677609185382912,-0.7683932619758896,0.5402881638044359,0.1646980600933915,-0.05962431082057667,-0.32192809488736235
-0.5517241379310345,0,0.0,1,0,1,0,0,1,0,0,0,0,0,0,1,0,0.0,0.0,0.0,0.0,1.0,0.0,0.0,0.0,0.0,0.0,0.0,0.0,0,0,0,1,1,0,0,0,0,0,0,1,0,0,0,0,0,-0.16778523489932887,-0.5986446737533193,-0.4928961153940978,-0.9224233415693557,0.8958928532243638,1.1794650380972311,0.8479969065549505
0.0,0,0.20000000000001705,0,0,0,0,1,1,0,0,0,1,0,0,0,0,0.0,0.0,0.0,0.0,0.0,1.0,0.0,0.0,0.0,0.0,0.0,0.0,0,0,0,1,0,0,0,0,0,1,1,0,0,0,0,0,0,-0.35570469798657717,-0.5883134031771288,-0.851715854085623,-0.33313313904221287,0.41119647971002166,0.319689794753462,1.5849625007211565
1.0344827586206897,0,0.6000000000000227,1,0,0,1,0,0,1,0,0,1,0,0,0,0,0.0,0.0,0.0,0.0,0.0,0.0,1.0,0.0,0.0,0.0,0.0,0.0,0,0,0,1,0,0,0,0,0,0,0,0,0,0,1,0,0,0.34228187919463077,-0.05313011755237796,0.2679257865576776,0.9160197607056829,0.34749675837613486,0.23079549314771114,1.2630344058337943
-0.8275862068965517,0,0.700000000000017,0,0,0,0,1,1,0,0,0,0,1,0,0,0,0.0,0.0,0.0,0.0,1.0,0.0,0.0,0.0,0.0,0.0,0.0,0.0,1,0,0,0,1,1,0,0,0,1,0,0,0,0,0,0,0,-0.3288590604026846,-0.5939309009155682,-0.800347595267093,-0.10466081047388179,0.05230698717915964,0.2760665882784065,-0.736965594166206
-0.034482758620689655,1,0.30000000000001137,1,0,1,0,0,1,0,0,0,0,0,0,1,0,0.0,0.0,0.0,1.0,0.0,0.0,0.0,0.0,0.0,0.0,0.0,0.0,0,0,0,0,0,0,1,0,0,0,0,0,0,0,1,0,0,-0.42281879194630867,0.40680437421370275,-1.2343073643215616,-0.7496097847521995,1.3510608801680595,1.3263342348286624,0.26303440583379395
0.20689655172413793,0,0.20000000000001705,0,0,0,0,1,0,0,1,0,0,0,1,0,0,0.0,0.0,0.0,0.0,1.0,0.0,0.0,0.0,0.0,0.0,0.0,0.0,0,0,0,1,0,0,0,0,0,0,0,0,0,0,1,0,0,-0.4161073825503355,-0.714933005626628,-1.207580893556269,-1.3945587590305173,-0.3836980347548376,-0.23079549314771128,-1.3219280948873624
0.10344827586206896,1,1.0,1,0,0,1,0,1,0,0,0,0,0,0,1,0,0.0,0.0,0.0,0.0,0.0,0.0,0.0,0.0,0.0,1.0,0.0,0.0,0,0,0,0,1,0,0,0,0,1,0,0,0,0,0,0,0,0.832214765100671,0.21598803520324697,1.3081077586142191,1.493023283211703,1.2538603679614966,1.3263342348286624,-0.32192809488736235
0.0,1,0.8000000000000114,1,0,1,0,0,1,0,0,0,0,0,0,1,0,1.0,0.0,0.0,0.0,0.0,0.0,0.0,0.0,0.0,0.0,0.0,0.0,0,0,0,1,0,0,0,0,0,1,0,0,1,0,0,0,0,0.832214765100671,-0.4761338222651689,0.6708749071398198,0.9855710999281423,0.11800444438775436,0.08283225866466219,0.0
-1.2758620689655173,0,0.700000000000017,0,0,0,0,1,0,1,0,0,1,0,0,0,0,0.0,0.0,0.0,0.0,0.0,1.0,0.0,0.0,0.0,0.0,0.0,0.0,0,1,0,0,0,0,1,0,0,0,0,0,1,0,0,0,0,-0.1476510067114094,-0.6472540810583867,-0.5785295544920406,-1.1274121468458216,-0.018100638189351426,0.23079549314771114,0.0
-1.3448275862068966,1,1.0,1,0,1,0,0,1,0,0,0,0,0,0,1,0,0.0,0.0,0.0,0.0,0.0,0.0,0.0,0.0,0.0,1.0,0.0,0.0,0,0,0,0,1,0,0,0,0,0,0,0,0,0,0,0,0,-0.14093959731543623,-1.6123957736502519,0.27976335980698136,0.45836890322464535,-0.9320941296030667,-0.9231819725908447,-1.3219280948873624
-0.3103448275862069,0,0.4000000000000057,1,0,0,1,0,1,0,0,0,0,0,0,1,0,0.0,0.0,0.0,0.0,0.0,0.0,0.0,1.0,0.0,0.0,0.0,0.0,0,0,0,1,0,1,0,0,0,0,1,0,0,0,0,0,0,0.2885906040268456,0.5061964480376636,0.29151843824139073,-0.5973579848037531,0.6615079760474513,0.5902452854112349,0.0
0.06896551724137931,0,0.9000000000000057,1,0,0,1,0,1,0,0,0,0,0,0,0,1,0.0,1.0,0.0,0.0,0.0,0.0,0.0,0.0,0.0,0.0,0.0,0.0,0,0,0,0,0,1,0,0,0,1,0,0,0,0,0,0,1,-0.3758389261744966,-0.05151090783188153,-0.9184234985770382,0.45836890322464535,-0.27300404985656557,-0.2703937395026851,1.0000000000000007
-0.4482758620689655,0,0.10000000000002274,1,0,0,1,0,1,0,0,0,0,0,0,1,0,0.0,0.0,0.0,1.0,0.0,0.0,0.0,0.0,0.0,0.0,0.0,0.0,0,0,0,1,0,0,1,0,0,0,0,0,0,0,1,0,0,0.2885906040268456,-0.8459230140727533,0.14459101231592855,0.8447917637013288,-0.6735777313074641,-0.5967878560467649,0.4854268271702419
-0.20689655172413793,0,1.0,1,0,0,1,0,1,0,0,0,0,0,0,1,0,0.0,0.0,0.0,0.0,1.0,0.0,0.0,0.0,0.0,0.0,0.0,0.0,0,0,0,1,0,0,0,0,0,1,0,0,0,1,0,0,0,-0.1476510067114094,-0.15686007884268272,-0.2567597576788753,0.285888863509545,-0.6735777313074641,-0.5967878560467649,-0.736965594166206
-0.6206896551724138,0,1.0,1,0,0,1,0,1,0,0,0,0,0,0,1,0,0.0,0.0,1.0,0.0,0.0,0.0,0.0,0.0,0.0,0.0,0.0,0.0,0,0,0,1,0,0,0,0,0,1,0,0,1,0,0,0,0,-0.13422818791946312,0.5352085855442678,-0.16927271336898617,0.09954602329692071,-0.018100638189351426,0.23079549314771114,-0.736965594166206
-0.5517241379310345,0,0.10000000000002274,1,0,0,1,0,1,0,0,0,0,0,0,1,0,0.0,0.0,0.0,0.0,0.0,0.0,0.0,0.0,1.0,0.0,0.0,0.0,0,0,0,1,0,0,0,0,0,1,1,0,0,0,0,0,0,0.7651006711409396,-0.8459230140727533,0.25301012201768636,-0.10466081047388179,-0.9320941296030667,-0.9231819725908447,0.0
0.6206896551724138,0,0.9000000000000057,1,0,1,0,0,1,0,0,0,0,0,0,1,0,1.0,0.0,0.0,0.0,0.0,0.0,0.0,0.0,0.0,0.0,0.0,0.0,1,0,0,1,0,0,1,0,0,0,0,0,0,0,0,0,0,-0.4161073825503355,0.40716017904373014,-1.0762547505325748,-0.33313313904221287,-0.11459349848569159,0.10896685056689351,-0.736965594166206
-0.1724137931034483,0,0.6000000000000227,1,0,0,1,0,0,0,0,1,0,0,0,0,1,0.0,0.0,0.0,0.0,0.0,0.0,0.0,1.0,0.0,0.0,0.0,0.0,0,1,0,1,1,0,0,0,0,0,0,0,0,0,0,0,0,-0.1476510067114094,-0.5641732947624077,0.4643035899639541,1.433648785372258,0.57530255288726,0.44222257845083546,0.26303440583379395
0.6551724137931034,1,0.30000000000001137,1,0,1,0,0,1,0,0,0,0,0,0,1,0,0.0,0.0,0.0,0.0,0.0,0.0,0.0,0.0,0.0,0.0,1.0,0.0,0,0,0,1,0,0,1,1,0,0,0,0,0,0,0,0,0,0.7651006711409396,0.20598005666366073,0.6516342623161538,0.3736703603919092,0.08568594826730772,0.0560003770413949,0.0
0.27586206896551724,1,0.20000000000001705,1,0,0,1,0,1,0,0,0,0,0,0,1,0,0.0,0.0,0.0,0.0,0.0,0.0,0.0,0.0,0.0,0.0,0.0,1.0,0,0,0,1,0,0,1,0,0,0,0,0,0,0,0,0,0,0.7651006711409396,-0.1752350964112927,0.641946188555413,0.6967790260802048,-0.4843305931653706,-0.46159098629542233,-0.736965594166206
1.8620689655172413,1,1.0,0,0,0,0,1,0,0,0,1,0,0,1,0,0,0.0,0.0,0.0,0.0,0.0,0.0,0.0,0.0,0.0,1.0,0.0,0.0,0,1,0,1,0,1,0,0,0,0,0,0,0,0,0,0,0,-0.44295302013422816,-0.19055765758602708,-1.4070699871624215,-2.039507733308835,-0.6154774966199021,-0.5234324523010943,-1.3219280948873624
-0.06896551724137931,0,0.4000000000000057,1,1,0,0,0,1,0,0,0,0,0,0,1,0,0.0,0.0,0.0,0.0,0.0,0.0,0.0,1.0,0.0,0.0,0.0,0.0,0,0,0,1,0,0,0,0,0,0,0,0,0,0,1,0,0,1.0805369127516775,0.05744198823030382,0.6588705034306633,0.19466105017012347,-0.018100638189351426,-0.029314871250031297,0.0
-0.6206896551724138,0,0.8000000000000114,1,0,0,1,0,1,0,0,0,0,0,0,1,0,0.0,0.0,0.0,0.0,1.0,0.0,0.0,0.0,0.0,0.0,0.0,0.0,0,0,0,0,0,0,0,0,0,1,0,1,1,0,0,0,0,-0.2684563758389262,0.8090453068683916,-0.4297770099916551,0.3736703603919092,0.11800444438775436,0.2760665882784065,0.0
-0.5517241379310345,0,0.9000000000000057,1,0,0,1,0,1,0,0,0,0,0,0,0,1,0.0,0.0,0.0,0.0,0.0,0.0,0.0,0.0,0.0,1.0,0.0,0.0,0,0,1,1,0,0,1,0,0,0,0,0,0,0,0,0,0,-0.20805369127516776,-0.6719255288743385,-0.40464969790643507,0.19466105017012347,-0.9320941296030667,-0.9231819725908447,-0.736965594166206
0.7931034482758621,1,0.0,0,0,0,0,1,0,0,0,1,0,0,0,0,1,0.0,0.0,0.0,0.0,0.0,0.0,0.0,1.0,0.0,0.0,0.0,0.0,0,0,0,0,0,0,1,0,0,0,0,0,0,0,1,0,0,-0.2751677852348994,-0.7417208082465955,-0.6409175856128919,-0.9224233415693557,-0.6735777313074641,-0.5967878560467649,0.0
-0.034482758620689655,0,0.8000000000000114,1,0,1,0,0,1,0,0,0,0,0,0,1,0,0.0,0.0,0.0,0.0,0.0,0.0,0.0,0.0,0.0,0.0,0.0,1.0,0,0,0,1,0,0,0,0,0,0,0,0,0,0,0,0,0,0.7651006711409396,-0.32212437995968624,0.39386469380911227,0.09954602329692071,-0.17839578835790348,-0.157719918514846,1.0000000000000007
-0.034482758620689655,0,0.30000000000001137,1,0,0,1,0,1,0,0,0,0,0,0,1,0,0.0,0.0,0.0,0.0,0.0,0.0,0.0,0.0,0.0,1.0,0.0,0.0,0,0,0,0,0,0,1,0,0,0,0,0,0,0,1,0,0,-0.3087248322147651,0.09714676860542147,-0.5093690659347364,1.0535588884633251,-0.35403388971568844,-0.4071075610119756,-0.32192809488736235
-0.5172413793103449,1,0.10000000000002274,1,0,1,0,0,1,0,0,0,0,0,0,1,0,0.0,0.0,0.0,0.0,0.0,1.0,0.0,0.0,0.0,0.0,0.0,0.0,1,0,0,0,0,0,0,0,0,0,1,0,1,0,0,0,0,0.06711409395973149,0.12242031468762062,-0.02496900443554409,0.0,0.9499336581699311,1.1794650380972311,0.0
2.6206896551724137,0,0.700000000000017,1,0,0,1,0,0,0,0,1,0,0,1,0,0,0.0,0.0,1.0,0.0,0.0,0.0,0.0,0.0,0.0,0.0,0.0,0.0,1,0,0,1,0,1,0,0,0,0,0,0,0,0,0,0,0,-0.2751677852348994,0.8282330856986803,-0.3281677533231954,0.45836890322464535,-0.6735777313074641,-0.5967878560467649,-1.3219280948873624
-0.6551724137931034,0,0.10000000000002274,1,0,0,1,0,1,0,0,0,0,0,0,1,0,0.0,0.0,0.0,0.0,0.0,0.0,0.0,0.0,0.0,0.0,1.0,0.0,0,0,0,0,0,0,1,0,0,0,1,0,1,0,0,0,0,-0.18120805369127516,0.30594328558562806,-0.2830060315296547,0.19466105017012347,0.26659709670845055,0.2760665882784065,-0.32192809488736235
0.06896551724137931,0,0.6000000000000227,1,1,0,0,0,1,0,0,0,0,1,0,0,0,0.0,0.0,0.0,0.0,1.0,0.0,0.0,0.0,0.0,0.0,0.0,0.0,0,0,0,1,0,0,1,0,0,0,0,0,0,0,0,0,0,0.7651006711409396,0.08335379115453657,0.11219368683648043,-0.33313313904221287,0.6190042601705491,0.46159098629542217,0.26303440583379395
1.206896551724138,1,0.0,0,0,0,0,1,0,0,1,0,0,0,1,0,0,0.0,1.0,0.0,0.0,0.0,0.0,0.0,0.0,0.0,0.0,0.0,0.0,0,0,0,1,0,1,0,0,0,0,0,0,0,0,1,0,0,-0.44295302013422816,-1.9657913349744773,-1.4070699871624215,-2.039507733308835,-0.2241178154456085,-0.029314871250031297,-0.736965594166206
-0.9655172413793104,0,0.10000000000002274,1,0,0,1,0,1,0,0,0,0,0,0,1,0,0.0,1.0,0.0,0.0,0.0,0.0,0.0,0.0,0.0,0.0,0.0,0.0,0,0,0,0,0,1,1,0,0,0,0,0,0,0,0,0,0,0.395973154362416,0.49366379898567125,-0.03580917950993587,-0.2153165603828081,1.0952415070258157,1.0215354196458677,0.4854268271702419
0.41379310344827586,0,1.0,1,0,0,1,0,1,0,0,0,0,0,0,1,0,0.0,0.0,0.0,0.0,0.0,0.0,0.0,0.0,0.0,1.0,0.0,0.0,0,0,0,1,0,1,0,1,0,0,0,0,0,0,0,0,0,0.7651006711409396,0.5352085855442678,0.641946188555413,0.19466105017012347,0.30770696263625097,0.44222257845083546,0.0
-0.27586206896551724,0,0.9000000000000057,1,0,0,1,0,1,0,0,0,0,0,0,1,0,0.0,0.0,0.0,0.0,0.0,0.0,1.0,0.0,0.0,0.0,0.0,0.0,0,0,0,0,1,0,0,0,0,1,0,0,0,0,0,0,0,0.832214765100671,-0.3352076020944373,0.974298428614964,1.249099671807958,0.26659709670845055,0.44222257845083546,-0.32192809488736235
-0.7241379310344828,0,0.9000000000000057,1,1,0,0,0,1,0,0,0,0,0,0,1,0,0.0,0.0,0.0,0.0,0.0,0.0,1.0,0.0,0.0,0.0,0.0,0.0,1,1,0,0,0,0,1,0,0,0,0,0,0,0,0,1,0,-0.2348993288590604,0.40716017904373014,-0.6091136127378125,-0.45971183619556405,1.2614902497898497,1.0215354196458677,-0.32192809488736235
-0.27586206896551724,0,0.700000000000017,1,0,0,0,1,0,1,0,0,1,0,0,0,0,0.0,0.0,0.0,0.0,0.0,0.0,0.0,1.0,0.0,0.0,0.0,0.0,0,1,0,1,0,0,0,0,0,0,0,0,0,0,1,0,0,0.2885906040268456,-0.7379632838287984,-0.18138847585550483,-0.2153165603828081,-0.03656705672767457,-0.1933425405422934,0.26303440583379395
0.9655172413793104,1,1.0,1,0,0,1,0,0,0,0,1,0,0,0,0,1,0.0,0.0,0.0,0.0,0.0,0.0,0.0,0.0,1.0,0.0,0.0,0.0,0,0,0,0,0,0,1,0,0,1,1,0,0,0,0,0,0,1.0805369127516775,-0.25606349243330145,0.7158726643189652,-0.10466081047388179,-0.5664967330375806,-0.5967878560467649,-0.32192809488736235
-0.41379310344827586,0,0.10000000000002274,1,0,1,0,0,1,0,0,0,0,0,0,1,0,0.0,0.0,0.0,0.0,0.0,1.0,0.0,0.0,0.0,0.0,0.0,0.0,0,0,0,0,0,1,0,0,0,1,0,0,0,0,0,0,0,-0.2953020134228188,0.1930343999993253,-0.800347595267093,-1.1274121468458216,-0.1565449347162588,-0.2703937395026851,0.26303440583379395
-0.20689655172413793,0,1.0,1,0,0,1,0,1,0,0,0,0,0,0,1,0,0.0,0.0,0.0,0.0,0.0,1.0,0.0,0.0,0.0,0.0,0.0,0.0,0,0,0,0,0,1,1,0,0,0,0,0,0,0,0,0,0,-0.2684563758389262,-0.009913921746310927,-0.6878018312696041,-0.45971183619556405,-0.3836980347548376,-0.4071075610119756,0.6780719051126377
0.0,1,0.10000000000002274,1,0,0,1,0,0,0,0,1,0,0,0,0,1,0.0,0.0,0.0,0.0,0.0,0.0,1.0,0.0,0.0,0.0,0.0,0.0,0,0,0,1,0,1,0,1,0,0,0,0,0,0,0,0,1,0.7651006711409396,-0.09312573245772642,2.3320948146736425e-16,-0.10466081047388179,0.0,-0.05962431082057667,0.8479969065549505
0.10344827586206896,0,0.4000000000000057,1,0,1,0,0,1,0,0,0,0,0,0,1,0,0.0,0.0,0.0,0.0,0.0,1.0,0.0,0.0,0.0,0.0,0.0,0.0,1,0,0,0,0,1,1,0,0,0,0,1,0,0,0,0,0,0.832214765100671,1.3078086040927566,0.48018540437007395,0.3736703603919092,0.9050100518413058,1.0215354196458677,0.0
1.1379310344827587,1,0.20000000000001705,0,0,0,0,1,0,0,0,1,0,0,1,0,0,0.0,0.0,0.0,0.0,0.0,0.0,1.0,0.0,0.0,0.0,0.0,0.0,0,0,0,1,0,0,1,0,0,0,0,0,0,0,1,0,0,-0.44295302013422816,-0.8370177960842148,-1.4070699871624215,-1.3945587590305173,-0.6154774966199021,-0.5234324523010943,-1.3219280948873624
-0.034482758620689655,1,0.10000000000002274,1,0,1,0,0,1,0,0,0,0,0,0,1,0,0.0,0.0,0.0,0.0,0.0,1.0,0.0,0.0,0.0,0.0,0.0,0.0,0,0,0,1,0,0,0,0,0,0,0,0,0,0,1,0,0,1.0805369127516775,0.15145680102203068,0.7941003012194557,0.5402881638044359,0.6509890353127565,0.5902452854112349,-0.32192809488736235
-0.7241379310344828,1,0.4000000000000057,1,0,1,0,0,1,0,0,0,0,0,0,1,0,0.0,0.0,0.0,0.0,0.0,0.0,0.0,0.0,0.0,1.0,0.0,0.0,0,0,0,0,1,0,0,0,0,1,0,0,0,0,0,0,0,0.48993288590604017,-0.4337337742801435,0.11546444126591218,0.0,1.103466026137682,1.3263342348286624,-0.32192809488736235
1.5517241379310345,1,0.9000000000000057,0,0,0,0,1,0,0,0,1,0,0,1,0,0,0.0,1.0,0.0,0.0,0.0,0.0,0.0,0.0,0.0,0.0,0.0,0.0,0,0,0,0,0,0,1,0,0,0,0,0,0,0,1,0,0,-0.3288590604026846,-1.3361428167548695,-0.9958126851139742,-1.3945587590305173,-0.9320941296030667,-0.9231819725908447,-0.32192809488736235
1.4137931034482758,0,0.30000000000001137,1,0,0,1,0,1,0,0,0,0,0,0,1,0,0.0,0.0,0.0,0.0,0.0,0.0,0.0,0.0,0.0,1.0,0.0,0.0,0,0,0,1,1,0,0,0,0,0,0,0,1,0,0,0,0,-0.03355704697986583,0.1258570772083238,0.23493248579361276,1.3732414552244092,-0.17839578835790348,-0.3578507794449409,0.4854268271702419
1.2758620689655173,1,0.4000000000000057,1,0,0,1,0,1,0,0,0,0,0,0,1,0,0.0,0.0,0.0,0.0,0.0,0.0,1.0,0.0,0.0,0.0,0.0,0.0,0,0,0,1,1,0,0,0,0,0,0,0,1,0,0,0,0,-0.33557046979865773,-0.2901808813948775,-0.3898712061157136,1.1200840609177067,-0.3836980347548376,-0.31255449400748914,-0.736965594166206
-0.9655172413793104,0,0.6000000000000227,1,0,0,0,1,1,0,0,0,0,0,0,1,0,0.0,0.0,0.0,0.0,0.0,0.0,0.0,0.0,1.0,0.0,0.0,0.0,0,1,1,0,1,0,0,0,0,0,0,1,0,0,0,0,0,-0.2885906040268456,-1.3882178526163178,-0.5093690659347364,0.0,-0.9320941296030667,-0.9231819725908447,-1.3219280948873624
-0.6551724137931034,0,0.6000000000000227,1,0,0,1,0,1,0,0,0,0,0,0,1,0,0.0,0.0,0.0,0.0,0.0,0.0,1.0,0.0,0.0,0.0,0.0,0.0,0,0,0,0,0,1,1,0,0,0,0,0,0,0,1,0,0,-0.44295302013422816,-0.6489937376456122,-1.4070699871624215,-2.039507733308835,0.7827096609981056,1.1794650380972311,-0.32192809488736235
-0.6551724137931034,1,0.6000000000000227,1,0,0,1,0,1,0,0,0,0,0,0,1,0,0.0,0.0,1.0,0.0,0.0,0.0,0.0,0.0,0.0,0.0,0.0,0.0,0,0,0,0,0,1,0,0,0,1,0,0,0,0,0,0,0,0.48993288590604017,-0.0366004295373837,0.19816657664688817,0.45836890322464535,-0.35403388971568844,-0.4071075610119756,-0.32192809488736235
0.41379310344827586,0,0.10000000000002274,1,0,0,1,0,1,0,0,0,0,0,0,1,0,0.0,1.0,0.0,0.0,0.0,0.0,0.0,0.0,0.0,0.0,0.0,0.0,0,0,0,1,0,0,0,0,0,0,0,0,0,1,0,0,0,0.22818791946308717,-0.08121703126288814,-0.02496900443554409,-0.5973579848037531,0.42357730004446903,0.29807298457586645,-0.736965594166206
0.27586206896551724,0,0.4000000000000057,1,0,0,1,0,1,0,0,0,0,0,0,1,0,0.0,0.0,0.0,0.0,0.0,0.0,0.0,0.0,1.0,0.0,0.0,0.0,0,0,0,1,0,0,0,0,0,0,0,0,0,0,0,0,0,0.7651006711409396,-0.3434916879383308,0.46164349824667555,0.285888863509545,-0.325819435233824,-0.31255449400748914,0.0
-0.27586206896551724,0,0.5,1,0,1,0,0,1,0,0,0,0,0,0,0,1,0.0,0.0,0.0,0.0,0.0,0.0,0.0,0.0,0.0,0.0,0.0,1.0,1,1,0,0,0,1,0,0,0,0,0,0,0,0,0,0,0,-0.2550335570469799,0.8155979601471088,-0.2142986887887563,0.285888863509545,0.05230698717915964,-0.12368293201134385,0.26303440583379395
0.20689655172413793,0,0.8000000000000114,1,0,0,1,0,1,0,0,0,0,0,0,1,0,0.0,0.0,0.0,0.0,0.0,0.0,0.0,0.0,0.0,0.0,1.0,0.0,0,0,0,1,0,0,1,0,0,0,0,0,0,0,0,0,0,-0.06040268456375844,-0.09703259835542173,0.8188207018071918,1.6088746125432187,-0.13529307677780772,-0.12368293201134385,0.0
0.27586206896551724,1,0.30000000000001137,1,0,0,1,0,1,0,0,0,0,0,0,1,0,0.0,0.0,0.0,0.0,1.0,0.0,0.0,0.0,0.0,0.0,0.0,0.0,1,0,0,0,0,1,1,0,0,0,0,0,0,0,0,0,0,0.832214765100671,1.3232763160330736,1.108391770921144,0.0,0.42357730004446903,0.3618329492587622,0.0
-0.06896551724137931,0,0.6000000000000227,1,0,0,1,0,1,0,0,0,0,0,0,1,0,0.0,0.0,0.0,0.0,0.0,0.0,0.0,0.0,0.0,0.0,1.0,0.0,0,0,0,1,0,0,0,0,0,0,0,0,0,0,0,0,0,0.06711409395973149,-0.353004713230921,-0.07631175148725361,0.19466105017012347,0.14935755368439613,0.44222257845083546,-0.736965594166206
0.3103448275862069,0,0.10000000000002274,1,0,1,0,0,1,0,0,0,0,0,0,1,0,0.0,0.0,0.0,0.0,0.0,1.0,0.0,0.0,0.0,0.0,0.0,0.0,1,0,0,0,0,1,0,0,0,0,0,1,0,0,0,0,0,0.832214765100671,1.734791482470148,0.11872818440764032,-0.9224233415693557,0.8775206584661517,0.9375507803116744,0.0
0.7241379310344828,0,0.30000000000001137,0,0,0,0,1,0,0,0,1,0,0,0,0,1,0.0,0.0,0.0,0.0,0.0,0.0,0.0,0.0,1.0,0.0,0.0,0.0,0,0,0,1,0,0,0,0,0,1,0,0,1,0,0,0,0,-0.3221476510067114,-0.5710155555078704,-0.8169732903463093,-0.45971183619556405,-0.03656705672767457,-0.2703937395026851,1.0000000000000007
0.3103448275862069,0,0.20000000000001705,1,0,1,0,0,1,0,0,0,0,0,0,1,0,1.0,0.0,0.0,0.0,0.0,0.0,0.0,0.0,0.0,0.0,0.0,0.0,1,0,0,1,0,0,0,0,0,0,0,1,0,0,1,0,0,-0.348993288590604,0.3813114632538188,-0.7762300830044475,-0.33313313904221287,1.2075097778666197,1.3263342348286624,0.4854268271702419
0.27586206896551724,0,0.6000000000000227,1,0,0,1,0,1,0,0,0,0,0,0,1,0,0.0,0.0,0.0,0.0,0.0,1.0,0.0,0.0,0.0,0.0,0.0,0.0,0,0,0,1,0,0,0,0,0,1,1,0,0,0,0,0,0,-0.28187919463087246,-0.5641732947624077,-0.5845553830655271,0.285888863509545,0.08568594826730772,0.08283225866466219,0.6780719051126377
-0.9310344827586207,1,0.8000000000000114,1,0,0,0,1,1,0,0,0,0,1,0,0,0,0.0,0.0,0.0,0.0,0.0,0.0,0.0,1.0,0.0,0.0,0.0,0.0,0,0,0,1,0,0,1,0,0,0,0,0,0,0,0,0,0,0.2885906040268456,-2.0302515530154213,0.21358707059997742,-0.45971183619556405,0.06913557571732576,0.0560003770413949,0.0
-0.1724137931034483,1,0.30000000000001137,1,0,0,1,0,1,0,0,0,0,0,0,1,0,0.0,0.0,0.0,0.0,0.0,0.0,0.0,0.0,0.0,1.0,0.0,0.0,0,0,0,0,1,0,0,0,0,1,0,0,0,0,0,0,0,0.832214765100671,-0.23265087832399695,0.7759460094623283,0.3736703603919092,1.372909751288371,1.3263342348286624,0.26303440583379395
0.5172413793103449,0,0.9000000000000057,1,0,1,0,0,1,0,0,0,0,0,0,1,0,0.0,0.0,0.0,1.0,0.0,0.0,0.0,0.0,0.0,0.0,0.0,0.0,0,0,0,0,0,1,1,0,0,0,0,0,0,0,1,0,0,0.48993288590604017,1.2424990816165509,0.3772147091302786,0.45836890322464535,0.9320941296030667,1.3263342348286624,0.0
0.3793103448275862,0,0.4000000000000057,1,0,1,0,0,1,0,0,0,0,0,0,1,0,1.0,0.0,0.0,0.0,0.0,0.0,0.0,0.0,0.0,0.0,0.0,0.0,1,0,0,0,0,1,0,0,0,0,0,1,0,0,0,0,0,-0.04026845637583896,1.7027670958628978,-0.017789210757413302,0.3736703603919092,0.8775206584661517,0.9375507803116744,0.0
1.2758620689655173,1,1.0,1,0,1,0,0,1,0,0,0,0,0,0,1,0,0.0,0.0,0.0,0.0,0.0,0.0,0.0,0.0,0.0,0.0,1.0,0.0,0,0,0,1,0,0,0,1,0,0,0,0,0,0,0,0,0,1.0805369127516775,-0.2715949469804982,0.7963590707089929,-0.10466081047388179,-0.2988608636367374,-0.3578507794449409,0.26303440583379395
-0.9655172413793104,0,1.0,1,0,0,1,0,1,0,0,0,0,0,0,1,0,0.0,0.0,0.0,0.0,0.0,0.0,0.0,0.0,1.0,0.0,0.0,0.0,0,0,0,0,0,0,1,0,0,0,0,0,0,1,0,0,0,0.832214765100671,0.055784471156575394,0.16687241318798832,0.19466105017012347,-0.6154774966199021,-0.5234324523010943,-1.3219280948873624
0.4827586206896552,1,0.20000000000001705,1,0,1,0,0,0,0,0,1,0,0,0,0,1,0.0,0.0,0.0,0.0,0.0,0.0,0.0,0.0,0.0,1.0,0.0,0.0,0,0,0,1,0,0,0,1,0,0,0,0,0,0,0,0,1,-0.3288590604026846,-0.5928603614643918,-0.9609988130892464,-0.10466081047388179,-0.6154774966199021,-0.5234324523010943,-1.3219280948873624
-0.2413793103448276,1,0.30000000000001137,1,1,0,0,0,1,0,0,0,0,0,0,1,0,0.0,0.0,0.0,0.0,0.0,0.0,0.0,1.0,0.0,0.0,0.0,0.0,1,1,0,0,0,0,1,0,0,0,0,0,0,0,0,1,0,-0.05369127516778523,1.0082013075264777,-0.007088558878690539,-0.10466081047388179,-0.018100638189351426,0.1344558448132036,-0.736965594166206
-0.06896551724137931,1,0.4000000000000057,1,0,1,0,0,1,0,0,0,0,0,0,1,0,0.0,0.0,1.0,0.0,0.0,0.0,0.0,0.0,0.0,0.0,0.0,0.0,0,0,0,0,0,0,1,0,0,0,0,0,0,0,0,0,0,0.832214765100671,0.11575675093546399,0.2105147321824801,-0.2153165603828081,-0.5233438140443791,-0.4071075610119756,-1.3219280948873624
-0.2413793103448276,1,0.0,1,0,1,0,0,1,0,0,0,0,1,0,0,0,0.0,0.0,0.0,0.0,0.0,0.0,0.0,0.0,0.0,1.0,0.0,0.0,0,0,0,1,0,0,1,0,0,0,0,0,0,0,0,0,0,1.0805369127516775,-0.4355496436144833,0.9847202220212453,-0.10466081047388179,-0.018100638189351426,0.0560003770413949,-0.736965594166206
-0.7241379310344828,0,0.20000000000001705,1,0,0,1,0,1,0,0,0,0,0,0,1,0,0.0,0.0,0.0,0.0,0.0,0.0,0.0,0.0,0.0,0.0,0.0,1.0,0,0,0,1,0,0,0,1,0,1,0,0,0,0,0,0,0,-0.36912751677852346,-0.00047575891432200993,-0.9083472531470409,-0.7496097847521995,0.03518566168186925,0.08283225866466219,0.0
1.4827586206896552,0,0.30000000000001137,1,0,1,0,0,1,0,0,0,0,1,0,0,0,0.0,0.0,0.0,0.0,0.0,0.0,0.0,0.0,0.0,0.0,1.0,0.0,0,0,0,1,0,0,0,1,0,0,0,0,0,0,0,0,0,0.7651006711409396,0.06727974386018715,0.19506466734492336,-0.2153165603828081,0.44800577741465486,0.46159098629542217,0.0
0.3793103448275862,0,0.10000000000002274,1,0,1,0,0,1,0,0,0,0,0,0,1,0,0.0,0.0,0.0,0.0,0.0,0.0,1.0,0.0,0.0,0.0,0.0,0.0,1,0,0,0,0,1,0,0,0,0,0,1,0,0,0,0,0,0.832214765100671,1.846856386946833,0.10233889954846202,-0.45971183619556405,0.6926562399661669,0.8495918482279355,0.26303440583379395
-0.6896551724137931,0,0.0,1,0,0,1,0,1,0,0,0,0,0,0,1,0,0.0,0.0,0.0,0.0,0.0,0.0,1.0,0.0,0.0,0.0,0.0,0.0,0,0,0,0,1,0,0,0,0,1,0,0,0,0,0,0,0,-0.38926174496644295,-0.07476435593067499,-1.0338600668262725,-0.33313313904221287,0.8307526761998298,1.1794650380972311,0.0
-0.6551724137931034,0,0.4000000000000057,1,0,0,0,1,1,0,0,0,0,0,0,1,0,0.0,0.0,0.0,0.0,0.0,0.0,0.0,0.0,1.0,0.0,0.0,0.0,0,0,0,0,1,1,0,0,0,1,1,0,0,0,0,0,0,-0.20134228187919465,-1.0666987849023637,-0.43488040245666615,-0.10466081047388179,0.0,0.08283225866466219,0.4854268271702419
0.1724137931034483,0,0.5,1,0,0,0,1,0,0,0,1,0,0,0,0,1,0.0,0.0,0.0,0.0,0.0,0.0,0.0,0.0,0.0,0.0,1.0,0.0,0,0,0,1,0,1,1,0,0,1,0,0,0,0,0,0,0,-0.046979865771812096,-0.522987824835606,-0.2785892602690761,-0.5973579848037531,0.26659709670845055,0.319689794753462,-0.32192809488736235
-0.5172413793103449,1,0.700000000000017,1,0,0,1,0,1,0,0,0,0,0,0,1,0,0.0,1.0,0.0,0.0,0.0,0.0,0.0,0.0,0.0,0.0,0.0,0.0,0,0,0,0,0,1,1,0,0,0,0,0,0,0,0,0,0,-0.1476510067114094,-0.3037796961659167,-0.48207711310457785,0.285888863509545,0.47200931442734184,0.8495918482279355,-0.32192809488736235
0.7931034482758621,1,0.0,0,0,0,0,1,0,0,1,0,0,0,1,0,0,0.0,1.0,0.0,0.0,0.0,0.0,0.0,0.0,0.0,0.0,0.0,0.0,0,0,0,1,0,1,0,0,0,1,1,0,0,0,0,0,0,-0.046979865771812096,-0.6281530234868064,-0.6409175856128919,-1.3945587590305173,-0.2988608636367374,-0.3578507794449409,-0.736965594166206
0.20689655172413793,1,0.20000000000001705,1,0,1,0,0,1,0,0,0,0,0,0,1,0,1.0,0.0,0.0,0.0,0.0,0.0,0.0,0.0,0.0,0.0,0.0,0.0,0,0,0,0,1,0,0,0,0,1,0,0,0,0,0,0,0,0.832214765100671,-0.2707566927106905,0.597770591349551,0.6196850107744367,0.37334969101394155,0.6421492205550592,-0.736965594166206
-0.1724137931034483,1,0.10000000000002274,1,0,1,0,0,1,0,0,0,0,0,0,1,0,0.0,1.0,0.0,0.0,0.0,0.0,0.0,0.0,0.0,0.0,0.0,0.0,0,0,0,0,0,0,1,0,0,0,0,0,1,0,0,0,0,-0.24161073825503357,0.20640945738319433,-0.05406912629093195,0.5402881638044359,1.036708103961386,1.3263342348286624,-0.32192809488736235
1.8275862068965518,0,0.10000000000002274,0,0,0,0,1,0,0,0,1,0,0,1,0,0,0.0,0.0,0.0,0.0,1.0,0.0,0.0,0.0,0.0,0.0,0.0,0.0,0,0,0,0,0,1,0,0,0,1,0,1,0,0,0,0,0,-0.2751677852348994,-0.21112416233756554,-0.9083472531470409,-1.3945587590305173,-0.5664967330375806,-0.5967878560467649,-0.736965594166206
-0.6896551724137931,0,0.5,1,0,1,0,0,1,0,0,0,0,0,0,1,0,0.0,0.0,0.0,0.0,0.0,0.0,0.0,1.0,0.0,0.0,0.0,0.0,1,0,0,0,0,0,1,0,0,0,0,1,0,1,0,0,0,0.832214765100671,0.23707994844339286,0.5903130060057309,-0.45971183619556405,0.06913557571732576,-0.09103698790077436,0.6780719051126377
0.6896551724137931,0,0.4000000000000057,0,0,0,0,1,0,0,0,1,0,0,0,0,1,0.0,0.0,0.0,0.0,0.0,0.0,0.0,1.0,0.0,0.0,0.0,0.0,0,0,0,0,0,0,0,0,1,1,0,0,1,0,0,0,0,-0.40939597315436244,-0.967478641396669,-1.1840344001258338,-0.33313313904221287,0.17982694289849213,0.23079549314771114,0.8479969065549505
-0.6896551724137931,0,0.20000000000001705,1,1,0,0,0,1,0,0,0,0,0,0,1,0,0.0,0.0,0.0,0.0,0.0,0.0,0.0,0.0,0.0,1.0,0.0,0.0,0,0,1,0,0,0,1,0,0,0,0,0,0,0,0,1,0,-0.44295302013422816,-0.2212015843332869,-1.4070699871624215,-1.3945587590305173,0.8496071890576133,1.3263342348286624,-0.32192809488736235
-0.3448275862068966,0,0.30000000000001137,1,0,0,1,0,1,0,0,0,0,0,0,1,0,0.0,0.0,0.0,0.0,0.0,0.0,0.0,0.0,1.0,0.0,0.0,0.0,0,0,0,0,0,1,0,0,0,1,0,0,0,0,0,0,0,0.34228187919463077,0.25513169031764865,0.527048534535148,0.9855710999281423,1.2538603679614966,1.3263342348286624,0.0
-0.6896551724137931,0,0.5,1,1,0,0,0,1,0,0,0,0,0,0,1,0,0.0,0.0,0.0,0.0,0.0,0.0,0.0,1.0,0.0,0.0,0.0,0.0,1,1,1,0,0,0,1,0,0,0,0,0,0,0,0,1,0,-0.30201342281879195,0.8155979601471088,-0.9499830512782597,-1.1274121468458216,0.8402050056512901,0.8495918482279355,0.6780719051126377
-0.5517241379310345,1,1.0,1,0,1,0,0,0,0,0,1,0,0,0,0,1,0.0,0.0,0.0,0.0,0.0,0.0,0.0,1.0,0.0,0.0,0.0,0.0,0,0,0,0,1,0,0,0,0,0,0,0,1,0,0,0,0,-0.2751677852348994,-1.0382518779606682,-0.3281677533231954,0.6967790260802048,-0.17839578835790348,-0.12368293201134385,0.8479969065549505
-0.7931034482758621,1,0.9000000000000057,1,0,0,1,0,1,0,0,0,0,0,0,1,0,0.0,0.0,0.0,0.0,0.0,0.0,0.0,0.0,0.0,0.0,0.0,1.0,0,0,0,1,0,0,0,0,0,0,0,0,0,0,0,0,0,0.2885906040268456,-0.928902611418287,0.08576969418217396,-0.33313313904221287,-0.4843305931653706,-0.5234324523010943,0.0
-0.6896551724137931,0,0.20000000000001705,1,0,0,1,0,1,0,0,0,0,0,0,1,0,0.0,0.0,0.0,0.0,0.0,1.0,0.0,0.0,0.0,0.0,0.0,0.0,0,0,0,1,0,0,1,0,0,0,0,0,0,1,0,0,0,0.2885906040268456,-0.2212015843332869,-0.29189205197948376,-0.9224233415693557,-0.4843305931653706,-0.3578507794449409,-0.736965594166206
0.9310344827586207,1,0.700000000000017,1,0,0,0,1,1,0,0,0,0,0,0,1,0,0.0,0.0,0.0,0.0,0.0,0.0,0.0,0.0,0.0,1.0,0.0,0.0,0,0,0,0,1,0,0,0,0,0,0,0,0,0,0,0,0,0.832214765100671,-1.4022893557780038,0.8892219252441981,0.5402881638044359,-0.44845423396059875,-0.5234324523010943,0.26303440583379395
0.6206896551724138,1,0.0,1,0,0,1,0,1,0,0,0,0,0,0,1,0,0.0,0.0,0.0,0.0,0.0,0.0,0.0,0.0,0.0,0.0,1.0,0.0,0,0,0,1,0,0,0,1,0,0,0,0,0,0,0,0,0,0.7651006711409396,0.15864320248150596,0.7158726643189657,1.6088746125432187,0.23838864594233974,0.0560003770413949,0.26303440583379395
0.6896551724137931,0,0.700000000000017,0,0,0,0,1,0,0,0,1,0,0,0,0,1,0.0,0.0,0.0,0.0,0.0,0.0,0.0,1.0,0.0,0.0,0.0,0.0,0,0,0,1,0,1,0,0,0,0,0,0,1,0,0,0,0,-0.09395973154362419,-0.045077983709106983,-0.20185204252549713,0.09954602329692071,-0.6735777313074641,-0.5967878560467649,-0.736965594166206
-0.3793103448275862,0,0.9000000000000057,1,0,0,1,0,1,0,0,0,0,1,0,0,0,0.0,1.0,0.0,0.0,0.0,0.0,0.0,0.0,0.0,0.0,0.0,0.0,0,0,0,1,0,0,1,0,0,0,0,0,1,0,0,0,0,-0.11409395973154363,-0.22860605550487692,-0.3753043722993551,-0.7496097847521995,0.334372402329592,0.46159098629542217,0.26303440583379395
-0.7931034482758621,0,1.0,1,1,0,0,0,0,1,0,0,1,0,0,0,0,0.0,0.0,0.0,0.0,0.0,0.0,0.0,0.0,0.0,1.0,0.0,0.0,1,0,1,0,0,0,0,0,0,0,0,1,0,0,0,1,0,-0.18791946308724833,-0.3468202246403647,-0.08005510133772395,0.45836890322464535,-0.1565449347162588,0.0,0.26303440583379395
0.0,0,1.0,1,0,0,1,0,1,0,0,0,0,0,0,1,0,0.0,0.0,0.0,0.0,0.0,1.0,0.0,0.0,0.0,0.0,0.0,0.0,0,1,0,1,0,0,0,0,0,0,0,0,0,0,0,0,0,-0.19463087248322147,0.11157133761439983,-0.5845553830655271,-0.2153165603828081,0.1019714635793437,0.29807298457586645,0.0
0.1724137931034483,0,1.0,1,0,0,1,0,1,0,0,0,0,0,0,1,0,0.0,0.0,1.0,0.0,0.0,0.0,0.0,0.0,0.0,0.0,0.0,0.0,0,0,0,0,0,1,0,0,0,1,1,0,0,0,0,0,0,1.0805369127516775,0.39073745074456007,0.2885873084898725,-0.33313313904221287,-0.03656705672767457,-0.157719918514846,0.6780719051126377
0.4482758620689655,0,0.0,1,0,0,1,0,0,0,0,1,0,0,0,0,1,0.0,0.0,0.0,0.0,1.0,0.0,0.0,0.0,0.0,0.0,0.0,0.0,0,0,0,1,0,0,1,0,0,0,0,0,0,0,1,0,0,-0.11409395973154363,-0.06069874565946891,0.10891587573857892,1.1200840609177067,0.7729386196912931,0.46159098629542217,0.8479969065549505
0.896551724137931,0,0.0,1,0,0,1,0,1,0,0,0,0,0,0,1,0,0.0,0.0,1.0,0.0,0.0,0.0,0.0,0.0,0.0,0.0,0.0,0.0,0,0,0,0,0,0,0,0,0,1,1,0,0,0,0,0,0,1.0805369127516775,0.7471579483595442,0.6732674754560123,-0.2153165603828081,1.078691551507107,1.1794650380972311,0.0
-0.2413793103448276,1,0.30000000000001137,1,0,1,0,0,1,0,0,0,0,0,0,1,0,0.0,0.0,0.0,0.0,1.0,0.0,0.0,0.0,0.0,0.0,0.0,0.0,0,0,0,1,0,0,1,0,0,0,0,0,0,0,1,0,0,-0.2684563758389262,-0.23265087832399695,-0.6809187255795435,-0.10466081047388179,-0.1565449347162588,-0.09103698790077436,-0.32192809488736235
-1.0,0,0.5,1,0,0,1,0,1,0,0,0,0,0,0,1,0,0.0,0.0,0.0,0.0,0.0,0.0,0.0,0.0,1.0,0.0,0.0,0.0,0,0,0,0,0,1,0,0,0,1,1,0,0,0,0,0,0,-0.2885906040268456,-1.2092572241601751,-0.737963226052659,-0.45971183619556405,-0.6735777313074641,-0.5967878560467649,-0.736965594166206
1.9310344827586208,0,0.700000000000017,0,0,0,0,1,0,0,0,1,0,0,1,0,0,0.0,0.0,0.0,0.0,0.0,0.0,0.0,0.0,1.0,0.0,0.0,0.0,1,0,0,0,0,1,0,1,0,0,0,0,0,0,0,0,0,1.0805369127516775,0.26256912906687113,0.1763256056922709,-0.33313313904221287,-0.44845423396059875,-0.4071075610119756,-0.32192809488736235
1.4827586206896552,0,1.0,0,0,0,0,1,0,0,0,1,0,0,1,0,0,0.0,1.0,0.0,0.0,0.0,0.0,0.0,0.0,0.0,0.0,0.0,0.0,0,0,0,1,0,1,0,0,0,1,1,0,1,0,0,0,0,-0.03355704697986583,0.0337164643042473,-0.6280401728202402,-0.10466081047388179,-0.5233438140443791,-0.4071075610119756,-1.3219280948873624
0.8275862068965517,0,0.4000000000000057,1,0,0,1,0,1,0,0,0,0,0,0,1,0,0.0,0.0,0.0,0.0,0.0,0.0,0.0,0.0,0.0,0.0,1.0,0.0,0,0,0,1,0,0,0,0,0,0,0,0,0,0,1,0,0,-0.05369127516778523,-0.4672891689494007,0.3320356115730654,1.1852371380827535,0.5416760920058674,0.44222257845083546,0.0
0.2413793103448276,0,0.4000000000000057,1,0,1,0,0,1,0,0,0,0,1,0,0,0,0.0,0.0,0.0,0.0,0.0,0.0,0.0,1.0,0.0,0.0,0.0,0.0,0,0,0,1,0,0,1,0,0,0,0,0,0,0,0,0,0,0.7651006711409396,-0.3269973270853059,0.597770591349551,-0.45971183619556405,0.7729386196912931,0.5902452854112349,0.6780719051126377
0.8275862068965517,1,0.0,0,0,0,0,1,0,0,0,1,0,0,1,0,0,0.0,0.0,0.0,0.0,0.0,0.0,0.0,1.0,0.0,0.0,0.0,0.0,0,0,0,0,0,0,0,0,0,1,0,0,0,0,0,0,0,-0.44295302013422816,-1.12821160393693,-1.4070699871624215,-2.039507733308835,-0.9320941296030667,-0.9231819725908447,-1.3219280948873624
-0.3793103448275862,0,0.20000000000001705,1,0,0,1,0,1,0,0,0,0,0,0,1,0,0.0,0.0,1.0,0.0,0.0,0.0,0.0,0.0,0.0,0.0,0.0,0.0,0,0,0,1,0,0,0,0,0,1,0,0,0,0,0,0,0,0.2885906040268456,-0.13230379834538808,-0.0035398043176396434,1.249099671807958,0.05230698717915964,0.2760665882784065,-0.736965594166206
-0.7586206896551724,0,1.0,1,0,0,1,0,1,0,0,0,0,0,0,1,0,0.0,0.0,0.0,0.0,0.0,0.0,0.0,1.0,0.0,0.0,0.0,0.0,0,0,0,0,0,1,1,0,0,1,0,0,0,0,0,0,0,0.832214765100671,0.11157133761439983,0.1637087066719006,0.45836890322464535,0.9410351317817048,1.3263342348286624,0.0
-0.41379310344827586,0,0.9000000000000057,1,0,0,1,0,1,0,0,0,0,0,0,1,0,0.0,0.0,0.0,0.0,0.0,0.0,0.0,0.0,0.0,0.0,0.0,1.0,0,0,0,0,1,0,1,0,0,0,0,0,0,0,0,0,0,1.0805369127516775,0.0038958916091473756,0.42127775637422593,-0.10466081047388179,-0.13529307677780772,-0.029314871250031297,0.0
-0.5862068965517241,0,1.0,1,0,0,1,0,1,0,0,0,0,1,0,0,0,0.0,0.0,0.0,0.0,0.0,0.0,0.0,0.0,0.0,0.0,1.0,0.0,0,1,0,0,1,0,0,0,0,0,0,0,0,0,0,0,0,-0.18791946308724833,-0.3468202246403647,-0.5205210631096469,0.5402881638044359,-0.07469223430248058,-0.157719918514846,0.4854268271702419
-0.5517241379310345,0,1.0,0,0,0,0,1,1,0,0,0,0,1,0,0,0,0.0,0.0,0.0,0.0,1.0,0.0,0.0,0.0,0.0,0.0,0.0,0.0,0,0,0,0,0,0,0,0,0,0,0,0,0,0,0,0,0,-0.4026845637583893,-0.6226924380565285,-0.9609988130892464,0.6967790260802048,-0.9320941296030667,-0.9231819725908447,1.3785116232537302
0.2413793103448276,1,0.8000000000000114,1,0,0,1,0,1,0,0,0,0,0,0,1,0,0.0,0.0,0.0,0.0,0.0,0.0,0.0,0.0,1.0,0.0,0.0,0.0,0,0,0,0,1,0,0,0,0,0,0,0,1,0,0,0,0,0.832214765100671,-0.1997419505709477,0.8630773321938882,0.6196850107744367,-0.4843305931653706,-0.5234324523010943,-0.32192809488736235
-0.3793103448275862,1,0.4000000000000057,1,0,1,0,0,1,0,0,0,0,0,0,1,0,0.0,1.0,0.0,0.0,0.0,0.0,0.0,0.0,0.0,0.0,0.0,0.0,0,0,0,0,1,0,1,0,0,0,0,1,0,0,0,0,0,0.832214765100671,-0.2901808813948775,0.8366281111068681,-0.10466081047388179,1.3067235525854135,1.3263342348286624,0.0
-0.13793103448275862,1,0.6000000000000227,1,0,0,1,0,1,0,0,0,0,0,0,1,0,0.0,0.0,0.0,0.0,0.0,1.0,0.0,0.0,0.0,0.0,0.0,0.0,0,0,0,1,1,0,0,0,0,0,0,0,1,0,0,0,0,1.0805369127516775,-0.26839173920312964,1.1320116483476057,0.5402881638044359,-0.325819435233824,-0.157719918514846,-1.3219280948873624
-0.7931034482758621,1,0.8000000000000114,1,1,0,0,0,0,0,0,1,0,0,0,0,1,1.0,0.0,0.0,0.0,0.0,0.0,0.0,0.0,0.0,0.0,0.0,0.0,1,1,1,0,0,0,0,0,0,0,0,0,0,0,0,1,0,0.395973154362416,-0.23793314261366583,0.10563096209977138,0.19466105017012347,-0.5233438140443791,-0.4071075610119756,0.4854268271702419
-0.3103448275862069,0,0.700000000000017,1,0,1,0,0,1,0,0,0,0,1,0,0,0,0.0,0.0,0.0,0.0,0.0,0.0,0.0,0.0,0.0,0.0,1.0,0.0,0,0,0,1,0,0,0,0,0,0,0,0,0,0,0,0,0,-0.03355704697986583,-0.3037796961659167,-0.08757365978351116,-0.33313313904221287,0.8116943129959044,0.46159098629542217,1.0000000000000007
0.0,0,0.30000000000001137,1,0,0,1,0,1,0,0,0,0,0,0,1,0,0.0,0.0,0.0,0.0,0.0,0.0,0.0,0.0,1.0,0.0,0.0,0.0,0,0,0,1,0,0,0,0,0,0,1,0,0,0,0,0,0,0.7651006711409396,0.34519770555280366,0.21358707059997742,-0.33313313904221287,0.7432836140370617,1.0215354196458677,0.26303440583379395
1.9655172413793103,0,1.0,1,0,0,0,1,0,0,0,1,0,0,1,0,0,0.0,0.0,0.0,1.0,0.0,0.0,0.0,0.0,0.0,0.0,0.0,0.0,0,0,0,1,0,1,0,0,0,0,1,0,0,0,1,0,0,-0.046979865771812096,-0.46489060862417575,-0.10656020831349756,-0.2153165603828081,-0.6735777313074641,-0.5967878560467649,-0.736965594166206
-0.7931034482758621,0,0.20000000000001705,1,0,0,1,0,1,0,0,0,0,0,0,1,0,0.0,0.0,0.0,0.0,0.0,1.0,0.0,0.0,0.0,0.0,0.0,0.0,0,0,0,0,0,0,1,0,0,0,1,0,0,0,0,0,0,-0.36912751677852346,0.5683890355536972,-0.8887821186398424,-0.9224233415693557,0.6297386331638595,0.5902452854112349,0.0
0.41379310344827586,1,0.20000000000001705,1,0,0,1,0,1,0,0,0,0,0,0,1,0,0.0,0.0,0.0,0.0,0.0,0.0,0.0,0.0,0.0,0.0,0.0,1.0,0,1,0,1,0,0,0,0,0,0,0,0,0,0,1,0,0,-0.14093959731543623,0.12516964464730074,-0.007088558878690539,0.7717596693105655,0.733281269455903,0.9375507803116744,0.0
-0.6896551724137931,0,0.8000000000000114,1,0,0,1,0,1,0,0,0,0,0,0,1,0,0.0,0.0,0.0,0.0,0.0,0.0,0.0,1.0,0.0,0.0,0.0,0.0,0,0,0,0,0,0,1,0,0,0,0,0,0,0,0,0,0,0.48993288590604017,-0.266112623978744,0.8366281111068681,1.0535588884633251,-0.27300404985656557,-0.23079549314771128,-0.736965594166206
-0.4482758620689655,0,0.5,1,0,0,1,0,1,0,0,0,0,0,0,1,0,0.0,1.0,0.0,0.0,0.0,0.0,0.0,0.0,0.0,0.0,0.0,0.0,0,0,0,0,0,1,1,0,0,1,1,0,0,0,0,0,0,-0.2953020134228188,-0.046398477383451646,-0.5967414582812222,0.5402881638044359,0.26659709670845055,0.2760665882784065,1.1375035237499354
-0.6551724137931034,0,0.8000000000000114,1,0,1,0,0,1,0,0,0,0,0,0,1,0,0.0,0.0,0.0,0.0,0.0,0.0,1.0,0.0,0.0,0.0,0.0,0.0,0,0,0,0,0,0,1,0,0,0,0,0,0,0,0,0,0,0.2885906040268456,-0.6093568797567119,0.5878209488991006,0.9160197607056829,-0.2481240298807802,-0.31255449400748914,-0.32192809488736235
1.793103448275862,0,0.8000000000000114,1,0,0,0,1,0,0,0,1,0,0,1,0,0,0.0,0.0,0.0,0.0,0.0,0.0,0.0,1.0,0.0,0.0,0.0,0.0,0,0,0,1,0,0,1,0,0,0,0,0,0,0,1,0,0,-0.44295302013422816,-0.519061647540929,-1.4070699871624215,-2.039507733308835,-0.4843305931653706,-0.3578507794449409,-1.3219280948873624
-0.5517241379310345,0,0.4000000000000057,1,0,0,1,0,1,0,0,0,0,0,0,1,0,0.0,0.0,1.0,0.0,0.0,0.0,0.0,0.0,0.0,0.0,0.0,0.0,0,0,0,1,0,0,1,0,0,0,0,0,0,0,0,0,0,-0.05369127516778523,-0.5412609421707992,-0.0989325195713509,0.5402881638044359,0.08568594826730772,-0.157719918514846,0.6780719051126377
-0.6896551724137931,0,0.20000000000001705,1,1,0,0,0,1,0,0,0,0,0,0,1,0,0.0,0.0,0.0,0.0,1.0,0.0,0.0,0.0,0.0,0.0,0.0,0.0,1,0,0,0,0,0,1,0,0,0,0,0,0,0,0,1,0,-0.08053691275167789,0.19413633357235605,-0.39477339744873613,-0.5973579848037531,0.7029071326316836,0.9375507803116744,-0.32192809488736235
0.0,1,0.10000000000002274,1,0,1,0,0,1,0,0,0,0,0,0,1,0,0.0,0.0,0.0,1.0,0.0,0.0,0.0,0.0,0.0,0.0,0.0,0.0,0,0,0,1,0,0,1,0,0,0,0,0,0,0,0,0,0,0.832214765100671,0.15145680102203068,0.10563096209977138,0.0,0.6403997314170756,0.5902452854112349,0.0
0.4827586206896552,1,0.700000000000017,1,0,1,0,0,1,0,0,0,0,0,0,1,0,0.0,0.0,0.0,0.0,0.0,0.0,1.0,0.0,0.0,0.0,0.0,0.0,0,0,0,1,0,0,0,0,0,0,0,0,1,0,1,0,0,1.0805369127516775,0.14240837429730963,0.8098633588752563,0.9855710999281423,-0.9320941296030667,-0.9231819725908447,-0.32192809488736235
1.206896551724138,0,0.20000000000001705,1,0,0,1,0,1,0,0,0,0,0,0,1,0,0.0,1.0,0.0,0.0,0.0,0.0,0.0,0.0,0.0,0.0,0.0,0.0,0,0,0,0,1,0,0,0,0,0,0,1,1,0,0,0,0,-0.2953020134228188,0.5683890355536972,-0.7088581595408886,0.7717596693105655,-0.05542236995815684,-0.05962431082057667,-0.32192809488736235
-0.6206896551724138,1,0.30000000000001137,1,0,1,0,0,1,0,0,0,0,0,0,1,0,0.0,0.0,0.0,0.0,1.0,0.0,0.0,0.0,0.0,0.0,0.0,0.0,0,0,0,0,1,0,0,0,0,1,0,0,1,0,0,0,0,-0.14093959731543623,-0.23265087832399695,-0.21847653454413965,0.0,-0.018100638189351426,0.08283225866466219,-0.32192809488736235
0.6206896551724138,0,0.8000000000000114,1,0,0,1,0,1,0,0,0,0,0,0,1,0,0.0,0.0,0.0,0.0,0.0,0.0,0.0,0.0,0.0,0.0,1.0,0.0,0,0,0,1,0,0,0,0,0,0,0,0,0,1,1,0,0,0.7651006711409396,0.9087282080735993,0.8121060841286256,0.285888863509545,-0.05542236995815684,0.0,0.0
0.1724137931034483,0,0.6000000000000227,1,0,1,0,0,1,0,0,0,0,0,0,1,0,0.0,0.0,0.0,0.0,0.0,0.0,0.0,1.0,0.0,0.0,0.0,0.0,0,0,0,0,0,0,0,0,0,1,0,1,1,0,0,0,0,0.34228187919463077,0.8746110099020425,0.4589796145183229,0.285888863509545,0.8589600161477176,0.908700463159222,0.0
-0.2413793103448276,0,0.4000000000000057,1,0,1,0,0,1,0,0,0,0,0,0,1,0,1.0,0.0,0.0,0.0,0.0,0.0,0.0,0.0,0.0,0.0,0.0,0.0,0,0,0,0,0,1,0,0,0,0,0,0,0,0,0,0,0,-0.03355704697986583,-0.03991034019839385,-0.2741897085863115,0.5402881638044359,0.6403997314170756,1.0215354196458677,-0.32192809488736235
-0.3793103448275862,1,0.4000000000000057,1,1,0,0,0,1,0,0,0,0,0,0,1,0,0.0,0.0,0.0,0.0,0.0,0.0,1.0,0.0,0.0,0.0,0.0,0.0,0,0,0,1,0,0,1,0,0,0,0,0,0,0,0,0,0,0.2885906040268456,-1.3771583535911296,0.05886947859372801,0.6196850107744367,-0.325819435233824,-0.4071075610119756,0.0
1.3448275862068966,0,0.6000000000000227,1,0,0,1,0,1,0,0,0,0,0,0,1,0,0.0,0.0,0.0,0.0,0.0,0.0,0.0,0.0,0.0,0.0,0.0,1.0,0,0,0,1,0,0,0,0,0,1,1,0,0,0,0,0,0,1.0805369127516775,0.7821288784383318,0.8913872174861671,0.9855710999281423,-0.1565449347162588,-0.157719918514846,-0.736965594166206
-0.5517241379310345,1,0.4000000000000057,1,0,0,0,1,1,0,0,0,0,0,0,1,0,0.0,0.0,0.0,0.0,0.0,0.0,0.0,0.0,0.0,0.0,0.0,1.0,0,0,0,0,1,0,0,0,0,1,0,0,1,0,0,0,0,-0.18791946308724833,-1.5897961977446262,-0.30084944952764325,0.8447917637013288,-0.9320941296030667,-0.9231819725908447,-1.3219280948873624
-0.06896551724137931,0,0.6000000000000227,1,0,0,1,0,1,0,0,0,0,0,0,1,0,0.0,0.0,0.0,0.0,0.0,1.0,0.0,0.0,0.0,0.0,0.0,0.0,0,0,0,0,0,1,0,0,0,1,1,0,0,0,0,0,0,0.34228187919463077,-0.8842201508910913,0.6027269415052791,1.1200840609177067,-0.44845423396059875,-0.4071075610119756,0.0
0.8275862068965517,0,0.700000000000017,1,0,1,0,0,1,0,0,0,0,0,0,1,0,0.0,0.0,0.0,0.0,0.0,0.0,0.0,0.0,1.0,0.0,0.0,0.0,0,0,0,1,0,1,0,1,0,0,0,0,0,0,0,0,1,0.7651006711409396,0.5995691873416511,1.068524560424449,0.9160197607056829,-0.05542236995815684,-0.05962431082057667,0.26303440583379395
0.9655172413793104,1,0.700000000000017,1,0,0,1,0,1,0,0,0,0,0,0,1,0,0.0,0.0,1.0,0.0,0.0,0.0,0.0,0.0,0.0,0.0,0.0,0.0,1,0,0,0,0,1,0,0,0,0,0,1,0,0,0,0,0,-0.06040268456375844,0.165691936949391,0.5928019577416314,1.493023283211703,0.294156817072996,0.44222257845083546,0.26303440583379395
0.8620689655172413,1,0.30000000000001137,1,0,0,1,0,1,0,0,0,0,0,0,1,0,0.0,0.0,0.0,0.0,0.0,0.0,0.0,0.0,0.0,1.0,0.0,0.0,0,0,0,1,0,0,0,0,0,0,0,0,0,1,1,0,0,-0.03355704697986583,0.48253670711694846,0.1219849611581071,1.1852371380827535,0.8958928532243638,0.908700463159222,0.4854268271702419
-0.6206896551724138,0,0.30000000000001137,1,0,1,0,0,1,0,0,0,0,0,0,1,0,0.0,0.0,0.0,0.0,0.0,0.0,0.0,0.0,1.0,0.0,0.0,0.0,0,0,0,1,0,0,1,0,0,0,1,0,0,0,0,0,0,0.7651006711409396,-0.003094245203342136,0.4348312980264198,0.6196850107744367,-0.325819435233824,-0.46159098629542233,0.4854268271702419
3.206896551724138,1,0.8000000000000114,1,0,0,1,0,0,0,1,0,0,0,1,0,0,0.0,0.0,0.0,0.0,0.0,0.0,0.0,0.0,0.0,0.0,0.0,1.0,0,0,0,1,0,1,0,0,0,0,1,0,0,0,0,0,0,-0.2953020134228188,-0.1997419505709477,-0.6474381501629705,-0.2153165603828081,-0.17839578835790348,-0.029314871250031297,-0.32192809488736235
0.0,0,0.6000000000000227,1,0,0,1,0,1,0,0,0,0,0,0,1,0,0.0,0.0,0.0,0.0,0.0,0.0,0.0,0.0,1.0,0.0,0.0,0.0,0,0,0,0,1,0,0,0,0,0,0,0,1,0,0,0,0,0.34228187919463077,0.5016520785262789,0.45631192251576164,0.6196850107744367,0.42357730004446903,0.5902452854112349,0.0
-0.6206896551724138,0,0.5,1,0,0,1,0,1,0,0,0,0,0,0,1,0,0.0,0.0,0.0,0.0,0.0,0.0,1.0,0.0,0.0,0.0,0.0,0.0,0,0,0,0,1,1,0,0,0,1,0,0,0,0,0,0,0,0.34228187919463077,-0.5461908603374092,0.017567097100799733,0.3736703603919092,-0.2988608636367374,-0.46159098629542233,0.4854268271702419
0.2413793103448276,1,0.30000000000001137,1,0,1,0,0,1,0,0,0,0,0,0,1,0,0.0,0.0,0.0,0.0,0.0,0.0,0.0,0.0,0.0,0.0,1.0,0.0,0,0,0,1,0,0,1,0,0,0,0,0,0,0,0,0,0,0.7651006711409396,0.6771626389505218,0.2856511031775968,0.09954602329692071,0.5641777020802599,0.8495918482279355,-0.32192809488736235
0.0,0,0.20000000000001705,1,0,0,1,0,1,0,0,0,0,0,0,1,0,0.0,0.0,0.0,0.0,0.0,0.0,0.0,0.0,0.0,0.0,0.0,1.0,0,0,0,0,0,0,0,0,1,0,0,0,0,0,0,0,0,-0.3422818791946308,-0.32463112038180403,-0.9722935874785497,0.45836890322464535,-0.9320941296030667,-0.9231819725908447,0.0
-0.6551724137931034,1,0.5,1,0,1,0,0,1,0,0,0,0,0,0,1,0,0.0,1.0,0.0,0.0,0.0,0.0,0.0,0.0,0.0,0.0,0.0,0.0,0,0,0,0,0,0,1,0,0,0,0,0,0,0,0,0,0,-0.44295302013422816,-0.735764309279089,-1.4070699871624215,-1.1274121468458216,-0.9320941296030667,-0.9231819725908447,-0.736965594166206
0.3793103448275862,0,0.5,1,0,1,0,0,1,0,0,0,0,0,0,1,0,0.0,0.0,1.0,0.0,0.0,0.0,0.0,0.0,0.0,0.0,0.0,0.0,0,0,0,1,0,0,0,0,1,0,0,0,0,0,0,0,0,1.0805369127516775,-0.8699192471609167,0.2738549936782156,0.09954602329692071,-0.6735777313074641,-0.5967878560467649,-1.3219280948873624
1.793103448275862,0,0.10000000000002274,1,0,0,1,0,1,0,0,0,0,0,0,1,0,0.0,0.0,0.0,0.0,0.0,0.0,0.0,0.0,1.0,0.0,0.0,0.0,0,0,0,1,0,0,0,0,0,0,0,0,0,0,0,0,0,0.2885906040268456,-0.6534858773484684,0.1317139349118729,0.6196850107744367,0.38608602988993557,0.46159098629542217,0.26303440583379395
0.06896551724137931,0,1.0,1,0,0,1,0,1,0,0,0,0,0,0,1,0,0.0,0.0,0.0,0.0,0.0,0.0,0.0,0.0,0.0,1.0,0.0,0.0,0,0,0,1,0,0,0,0,0,0,0,0,0,0,0,0,0,0.2885906040268456,-1.0193023368744296,-0.02496900443554409,0.09954602329692071,0.17982694289849235,0.44222257845083546,0.0
0.1724137931034483,0,0.0,1,0,1,0,0,1,0,0,0,0,0,0,1,0,0.0,0.0,0.0,0.0,0.0,0.0,0.0,1.0,0.0,0.0,0.0,0.0,1,0,0,0,0,1,1,0,0,0,0,0,0,0,0,0,0,-0.03355704697986583,1.053825785763107,-0.14933910812063875,-0.10466081047388179,0.8775206584661518,0.908700463159222,0.0
1.4137931034482758,0,0.4000000000000057,1,0,0,1,0,1,0,0,0,0,0,0,1,0,0.0,0.0,0.0,0.0,0.0,0.0,0.0,0.0,0.0,1.0,0.0,0.0,0,1,0,0,1,0,0,0,0,0,0,0,0,0,0,0,0,1.0805369127516775,0.6199041584355774,0.9930250741246628,0.0,0.7532265959499519,0.908700463159222,-0.32192809488736235
0.896551724137931,1,0.20000000000001705,1,0,0,1,0,1,0,0,0,0,0,0,1,0,0.0,1.0,0.0,0.0,0.0,0.0,0.0,0.0,0.0,0.0,0.0,0.0,0,0,0,1,0,1,0,0,0,0,0,1,0,0,0,0,0,0.832214765100671,1.2366712187108915,0.8520944553905957,0.7717596693105655,1.103466026137682,0.9375507803116744,0.4854268271702419
-0.06896551724137931,0,0.9000000000000057,1,0,0,1,0,1,0,0,0,0,0,0,1,0,0.0,0.0,0.0,1.0,0.0,0.0,0.0,0.0,0.0,0.0,0.0,0.0,0,0,0,0,1,0,0,0,0,1,0,0,0,0,0,0,0,-0.14093959731543623,0.1909363601743269,-0.3144232217189296,0.19466105017012347,0.9499336581699314,1.3263342348286624,0.0
1.5517241379310345,0,0.6000000000000227,1,0,1,0,0,1,0,0,0,0,0,0,1,0,0.0,0.0,0.0,0.0,0.0,0.0,0.0,0.0,0.0,0.0,1.0,0.0,1,0,0,0,0,1,0,0,0,0,0,1,0,0,0,0,0,0.395973154362416,1.8039706099844703,0.9406378178658952,0.285888863509545,-0.11459349848569159,0.10896685056689351,-1.3219280948873624
-0.6551724137931034,1,0.10000000000002274,1,1,0,0,0,1,0,0,0,0,0,0,1,0,0.0,0.0,0.0,0.0,0.0,0.0,0.0,0.0,0.0,1.0,0.0,0.0,1,1,1,0,0,0,1,0,0,0,0,0,0,1,0,1,0,0.48993288590604017,1.4758133652917966,0.6732674754560121,0.0,-0.2481240298807802,-0.05962431082057667,-1.3219280948873624
0.2413793103448276,0,0.6000000000000227,1,0,0,1,0,1,0,0,0,1,0,0,0,0,0.0,0.0,1.0,0.0,0.0,0.0,0.0,0.0,0.0,0.0,0.0,0.0,0,0,0,1,0,1,0,0,0,1,0,0,0,0,0,0,0,-0.2885906040268456,-0.07006469201981451,-0.8340811894016062,-0.45971183619556405,-0.17839578835790348,-0.2703937395026851,0.6780719051126377
0.5172413793103449,0,0.4000000000000057,1,0,1,0,0,1,0,0,0,0,0,0,1,0,0.0,0.0,0.0,0.0,0.0,0.0,0.0,0.0,0.0,0.0,1.0,0.0,0,0,0,1,0,0,0,0,0,1,0,0,0,0,0,0,0,0.7651006711409396,0.11575675093546399,0.8210544110385787,1.311745441909603,0.38608602988993557,0.23079549314771114,0.0
-0.6551724137931034,1,0.0,1,0,1,0,0,1,0,0,0,0,0,0,1,0,0.0,0.0,0.0,0.0,1.0,0.0,0.0,0.0,0.0,0.0,0.0,0.0,0,0,0,1,0,0,1,0,0,0,0,0,0,0,0,0,0,-0.0738255033557047,-1.0464190340575683,-0.04673573457855986,0.6967790260802048,-0.6735777313074641,-0.5967878560467649,-0.32192809488736235
-0.2413793103448276,0,0.6000000000000227,1,0,1,0,0,0,0,0,1,0,0,0,0,1,0.0,0.0,0.0,0.0,0.0,0.0,0.0,0.0,0.0,1.0,0.0,0.0,0,0,0,1,0,1,0,0,0,1,0,0,0,0,0,0,0,-0.4161073825503355,-0.353004713230921,-1.207580893556269,-0.7496097847521995,-0.5233438140443791,-0.5234324523010943,-0.32192809488736235
0.4482758620689655,1,0.5,1,0,0,1,0,1,0,0,0,0,0,0,1,0,1.0,0.0,0.0,0.0,0.0,0.0,0.0,0.0,0.0,0.0,0.0,0.0,0,0,0,0,0,1,0,0,0,1,1,0,0,0,0,0,0,0.832214765100671,1.1295671093924817,0.6732674754560123,0.5402881638044359,0.7432836140370617,1.0215354196458677,0.0
-0.4482758620689655,1,1.0,1,0,0,1,0,1,0,0,0,0,0,0,1,0,0.0,0.0,0.0,0.0,0.0,0.0,0.0,0.0,1.0,0.0,0.0,0.0,0,0,0,0,1,0,0,0,0,1,0,0,0,0,0,0,0,0.832214765100671,-0.4434338953866111,0.24399604575224826,-0.45971183619556405,0.8958928532243638,1.1794650380972311,0.26303440583379395
0.2413793103448276,1,0.0,1,0,0,1,0,1,0,0,0,0,0,0,1,0,0.0,0.0,0.0,0.0,0.0,0.0,0.0,0.0,0.0,0.0,0.0,1.0,0,0,0,0,0,0,1,0,0,0,0,0,0,0,0,0,0,-0.28187919463087246,0.4025271570228527,-0.851715854085623,-0.9224233415693557,-0.6154774966199021,-0.5234324523010943,-1.3219280948873624
-0.7931034482758621,1,0.6000000000000227,1,0,1,0,0,1,0,0,0,0,0,0,1,0,0.0,0.0,0.0,0.0,0.0,0.0,1.0,0.0,0.0,0.0,0.0,0.0,0,0,0,0,1,0,0,0,0,1,0,0,1,0,0,0,0,0.832214765100671,-0.07006469201981451,0.028004138347778745,-0.7496097847521995,0.7631112597443181,1.0215354196458677,-0.32192809488736235
1.6206896551724137,1,0.0,0,0,0,0,1,0,0,1,0,0,0,1,0,0,0.0,0.0,0.0,0.0,0.0,0.0,0.0,0.0,0.0,0.0,0.0,1.0,0,0,0,1,0,0,0,1,0,0,0,0,0,0,1,0,0,0.7651006711409396,0.14421923220669525,0.49854690381727673,-0.10466081047388179,-0.3836980347548376,-0.3578507794449409,-0.736965594166206
-0.8275862068965517,0,0.30000000000001137,1,1,0,0,0,1,0,0,0,0,0,0,1,0,0.0,0.0,1.0,0.0,0.0,0.0,0.0,0.0,0.0,0.0,0.0,0.0,1,0,0,1,0,0,0,0,0,0,1,0,0,0,0,1,0,-0.28187919463087246,-0.45981409115509536,-0.7160194957989827,-0.9224233415693557,0.30770696263625097,0.6421492205550592,-0.736965594166206
-0.3103448275862069,0,0.0,1,0,0,1,0,1,0,0,0,0,0,0,1,0,0.0,0.0,0.0,0.0,0.0,0.0,0.0,1.0,0.0,0.0,0.0,0.0,0,0,0,1,0,0,1,0,0,0,0,0,0,0,1,0,0,0.2885906040268456,-0.8418818035526819,0.3547699830076064,0.09954602329692071,-0.4843305931653706,-0.46159098629542233,-0.32192809488736235
0.8620689655172413,1,0.20000000000001705,1,0,1,0,0,1,0,0,0,0,0,0,1,0,0.0,0.0,0.0,1.0,0.0,0.0,0.0,0.0,0.0,0.0,0.0,0.0,0,0,0,0,0,1,0,0,0,1,1,0,0,0,0,0,0,0.832214765100671,2.1350411108235825,0.3966247485794641,0.0,1.0282035189173087,1.3263342348286624,-0.32192809488736235
-0.7241379310344828,0,0.5,1,0,0,1,0,1,0,0,0,0,0,0,1,0,0.0,0.0,1.0,0.0,0.0,0.0,0.0,0.0,0.0,0.0,0.0,0.0,0,0,0,0,1,1,0,0,0,1,0,0,0,0,0,0,0,0.34228187919463077,-0.08198498473948093,0.29736557575854283,-0.2153165603828081,1.2385201468714548,1.3263342348286624,-0.736965594166206
-0.5862068965517241,0,0.6000000000000227,1,0,0,1,0,1,0,0,0,0,0,0,1,0,0.0,0.0,0.0,0.0,1.0,0.0,0.0,0.0,0.0,0.0,0.0,0.0,0,0,0,1,0,0,1,0,0,0,0,0,0,0,0,0,0,0.2885906040268456,-0.5641732947624077,-0.12582808502335943,-0.45971183619556405,-0.2988608636367374,-0.2703937395026851,0.26303440583379395
0.5172413793103449,1,0.30000000000001137,0,0,0,0,1,0,0,0,1,0,0,0,0,1,0.0,0.0,0.0,0.0,0.0,0.0,0.0,0.0,1.0,0.0,0.0,0.0,0,0,0,1,0,0,0,0,0,0,0,0,0,0,0,0,0,-0.3825503355704698,-0.6205700771675027,-0.8887821186398424,0.0,-0.4843305931653706,-0.5234324523010943,0.8479969065549505
0.3103448275862069,0,0.4000000000000057,1,0,1,0,0,0,0,0,1,0,0,0,0,1,0.0,0.0,0.0,0.0,0.0,0.0,0.0,1.0,0.0,0.0,0.0,0.0,1,1,0,0,0,1,0,0,0,0,0,0,0,0,0,1,0,0.832214765100671,0.6790206987037412,0.9512083702151871,0.8447917637013288,-0.1565449347162588,-0.2703937395026851,1.2630344058337943
0.7931034482758621,0,0.6000000000000227,0,0,0,0,1,0,0,1,0,0,0,1,0,0,0.0,0.0,1.0,0.0,0.0,0.0,0.0,0.0,0.0,0.0,0.0,0.0,0,0,0,0,1,0,1,0,0,0,0,0,0,0,0,0,0,-0.44295302013422816,-0.6398388220261144,-1.4070699871624215,-2.039507733308835,-0.27300404985656557,-0.31255449400748914,-0.736965594166206
-0.5172413793103449,1,0.10000000000002274,1,0,0,1,0,1,0,0,0,0,0,0,1,0,0.0,1.0,0.0,0.0,0.0,0.0,0.0,0.0,0.0,0.0,0.0,0.0,0,0,0,0,1,0,0,0,0,1,0,0,0,0,0,0,0,-0.19463087248322147,-0.5160171946658885,-0.6474381501629705,-0.5973579848037531,-0.27300404985656557,-0.157719918514846,0.4854268271702419
-0.5862068965517241,1,0.20000000000001705,1,0,0,1,0,1,0,0,0,0,0,0,1,0,0.0,0.0,0.0,0.0,0.0,0.0,0.0,0.0,1.0,0.0,0.0,0.0,0,0,0,1,0,0,1,0,0,0,0,0,0,0,0,0,0,0.2885906040268456,-0.2212015843332869,0.6101386332665554,0.7717596693105655,-0.27300404985656557,-0.3578507794449409,-0.32192809488736235
-0.6206896551724138,1,0.6000000000000227,1,1,0,0,0,1,0,0,0,0,0,0,0,1,0.0,0.0,1.0,0.0,0.0,0.0,0.0,0.0,0.0,0.0,0.0,0.0,1,0,0,0,0,0,1,0,0,0,0,0,0,0,0,1,0,-0.30201342281879195,0.580218799625979,-0.9184234985770382,-1.1274121468458216,0.8496071890576136,1.0215354196458677,0.26303440583379395
0.41379310344827586,1,0.10000000000002274,1,0,0,1,0,0,0,0,1,0,0,0,0,1,0.0,0.0,0.0,0.0,0.0,0.0,0.0,0.0,1.0,0.0,0.0,0.0,1,0,0,0,0,1,0,0,0,0,1,0,0,0,0,0,1,-0.3825503355704698,0.3987669888460517,-0.928711945325688,-0.45971183619556405,-0.2988608636367374,-0.4071075610119756,0.4854268271702419
-0.7586206896551724,0,1.0,1,1,0,0,0,1,0,0,0,0,0,0,1,0,0.0,0.0,0.0,0.0,0.0,1.0,0.0,0.0,0.0,0.0,0.0,0.0,0,1,1,0,0,0,0,0,0,0,0,0,0,0,0,1,0,0.0,0.6358620635547308,0.12523481593663757,-0.10466081047388179,0.7924253409608393,0.8495918482279355,0.6780719051126377
0.4827586206896552,0,0.4000000000000057,1,0,1,0,0,0,0,0,1,0,0,0,0,1,0.0,0.0,0.0,0.0,0.0,0.0,0.0,0.0,0.0,0.0,0.0,1.0,0,1,0,1,0,0,0,0,0,0,0,0,0,0,0,1,0,1.0805369127516775,-0.13692597805144854,0.2973655757585426,-0.45971183619556405,-0.05542236995815684,-0.1933425405422934,0.26303440583379395
-0.7931034482758621,0,0.8000000000000114,1,0,0,1,0,1,0,0,0,0,0,0,1,0,0.0,0.0,0.0,0.0,0.0,0.0,1.0,0.0,0.0,0.0,0.0,0.0,0,0,0,0,1,0,0,0,0,0,0,0,0,0,0,0,0,-0.24832214765100669,-0.1997419505709477,-0.42470012919432854,-0.10466081047388179,1.078691551507107,1.1794650380972311,0.0
-0.3103448275862069,1,0.4000000000000057,1,0,0,1,0,1,0,0,0,0,0,0,1,0,1.0,0.0,0.0,0.0,0.0,0.0,0.0,0.0,0.0,0.0,0.0,0.0,0,0,0,1,0,0,1,0,0,0,0,0,0,0,0,0,0,0.2885906040268456,-0.6273245724395762,-0.2654414684136182,0.45836890322464535,0.25257683397388525,0.29807298457586645,0.26303440583379395
1.4827586206896552,0,0.8000000000000114,1,0,1,0,0,1,0,0,0,0,0,0,1,0,0.0,0.0,0.0,0.0,0.0,1.0,0.0,0.0,0.0,0.0,0.0,0.0,1,0,0,0,0,1,0,0,0,0,0,0,0,0,0,0,0,0.832214765100671,2.078842565480993,0.4076229891315837,0.19466105017012347,-0.44845423396059875,-0.31255449400748914,-1.3219280948873624
1.7241379310344827,1,0.20000000000001705,0,0,0,0,1,0,0,1,0,0,0,1,0,0,0.0,0.0,0.0,0.0,0.0,0.0,0.0,0.0,0.0,0.0,0.0,1.0,1,0,0,0,0,1,0,0,0,1,0,0,0,0,0,0,0,-0.3758389261744966,0.11058886815582408,-0.9958126851139742,-0.9224233415693557,-0.325819435233824,-0.23079549314771128,-0.32192809488736235
1.8275862068965518,0,0.30000000000001137,0,0,0,0,1,0,0,1,0,0,0,1,0,0,0.0,0.0,0.0,0.0,0.0,0.0,0.0,0.0,0.0,0.0,1.0,0.0,1,0,0,0,0,1,0,0,0,0,0,0,0,0,0,0,0,-0.44295302013422816,0.38676923495480814,-1.4070699871624215,-2.039507733308835,-0.20089933647209446,-0.23079549314771128,0.0
0.10344827586206896,1,0.700000000000017,1,0,0,1,0,1,0,0,0,0,0,0,1,0,1.0,0.0,0.0,0.0,0.0,0.0,0.0,0.0,0.0,0.0,0.0,0.0,0,0,0,0,1,0,0,0,0,0,0,0,1,0,0,0,0,0.832214765100671,0.14240837429730963,0.9064875210745492,1.1200840609177067,0.6190042601705491,0.8495918482279355,0.0
2.1379310344827585,0,0.9000000000000057,0,0,0,0,1,0,0,0,1,0,0,1,0,0,0.0,0.0,1.0,0.0,0.0,0.0,0.0,0.0,0.0,0.0,0.0,0.0,1,0,0,1,0,0,0,0,0,0,0,0,0,0,0,0,0,1.0805369127516775,-0.3442367777588754,0.6516342623161538,-0.5973579848037531,-0.9320941296030667,-0.9231819725908447,0.0
0.4482758620689655,0,0.8000000000000114,0,0,0,0,1,0,0,0,1,0,0,0,0,1,0.0,0.0,1.0,0.0,0.0,0.0,0.0,0.0,0.0,0.0,0.0,0.0,0,0,0,0,0,0,0,0,0,1,1,0,0,0,0,0,0,-0.44295302013422816,-0.34512675294109174,-1.4070699871624215,-2.039507733308835,-0.44845423396059875,-0.5234324523010943,0.0
-0.6896551724137931,1,0.9000000000000057,1,0,0,1,0,1,0,0,0,0,0,0,1,0,0.0,0.0,0.0,0.0,1.0,0.0,0.0,0.0,0.0,0.0,0.0,0.0,0,0,0,0,1,0,0,0,0,1,0,0,0,0,0,0,0,0.34228187919463077,-0.4065661492404495,0.27385499367821536,-0.33313313904221287,0.8958928532243638,1.1794650380972311,0.26303440583379395
-0.034482758620689655,0,0.10000000000002274,0,0,0,0,1,0,1,0,0,1,0,0,0,0,0.0,0.0,1.0,0.0,0.0,0.0,0.0,0.0,0.0,0.0,0.0,0.0,0,1,0,0,0,0,1,0,0,0,0,0,0,0,0,0,0,-0.2751677852348994,0.30286826097338204,-0.737963226052659,-0.7496097847521995,-0.325819435233824,-0.157719918514846,-0.736965594166206
-0.896551724137931,1,0.30000000000001137,1,0,0,1,0,1,0,0,0,0,0,0,1,0,0.0,0.0,1.0,0.0,0.0,0.0,0.0,0.0,0.0,0.0,0.0,0.0,0,0,0,0,1,0,0,0,0,1,0,0,0,0,0,0,0,0.832214765100671,-0.12394431957705432,0.7368577805180526,0.45836890322464535,0.2941568170729958,0.2760665882784065,0.6780719051126377
0.20689655172413793,1,0.30000000000001137,1,1,0,0,0,1,0,0,0,0,0,0,1,0,0.0,0.0,0.0,0.0,0.0,0.0,0.0,0.0,0.0,0.0,0.0,1.0,1,0,1,0,0,1,0,0,0,0,0,1,0,0,0,0,0,0.395973154362416,1.1544324687453142,0.1700297732325132,-0.7496097847521995,1.0110826875205787,1.0215354196458677,0.4854268271702419
0.13793103448275862,0,0.5,1,0,1,0,0,1,0,0,0,0,0,0,1,0,0.0,0.0,0.0,0.0,0.0,0.0,0.0,0.0,1.0,0.0,0.0,0.0,1,1,0,0,0,1,0,0,0,0,0,0,0,0,0,0,0,-0.11409395973154363,1.8491940383706194,0.08576969418217396,0.3736703603919092,-0.018100638189351426,0.1344558448132036,-0.32192809488736235
1.6551724137931034,1,0.10000000000002274,0,0,0,0,1,0,0,0,1,0,0,1,0,0,0.0,0.0,0.0,0.0,0.0,0.0,0.0,0.0,0.0,0.0,0.0,1.0,0,0,0,1,0,0,1,0,0,0,0,0,0,0,0,0,0,-0.4026845637583893,-1.1941169556884514,-1.1627467428697298,-1.1274121468458216,-0.9320941296030667,-0.9231819725908447,-0.736965594166206
-0.06896551724137931,0,0.20000000000001705,1,0,0,1,0,1,0,0,0,0,0,0,1,0,0.0,0.0,0.0,0.0,0.0,0.0,0.0,1.0,0.0,0.0,0.0,0.0,0,0,0,1,0,0,0,0,0,1,0,0,1,0,0,0,0,-0.13422818791946312,0.3813114632538188,-0.6673446300654058,-0.10466081047388179,0.9140822264296563,1.3263342348286624,0.4854268271702419
-0.4827586206896552,0,0.4000000000000057,0,0,0,0,1,1,0,0,0,0,0,0,1,0,0.0,0.0,0.0,0.0,0.0,0.0,0.0,0.0,0.0,0.0,0.0,1.0,1,0,0,0,0,1,0,0,0,1,0,0,0,0,0,0,0,0.0,-0.2901808813948775,0.4294218846263983,0.7717596693105655,0.8116943129959044,1.1794650380972311,0.4854268271702419
-0.10344827586206896,1,0.4000000000000057,1,0,1,0,0,1,0,0,0,0,0,0,1,0,0.0,1.0,0.0,0.0,0.0,0.0,0.0,0.0,0.0,0.0,0.0,0.0,0,0,0,0,0,0,1,0,0,0,0,0,0,0,0,0,0,0.7651006711409396,-0.19565860874771165,0.5475159671791112,-0.2153165603828081,0.7631112597443179,0.46159098629542217,0.4854268271702419
-0.5862068965517241,1,0.20000000000001705,1,0,1,0,0,1,0,0,0,0,0,0,0,1,0.0,0.0,0.0,0.0,0.0,1.0,0.0,0.0,0.0,0.0,0.0,0.0,0,0,1,1,0,0,0,1,0,0,0,0,0,0,0,0,0,-0.19463087248322147,-0.4858382077816814,0.2768117681372333,0.9160197607056829,-0.5664967330375806,-0.5967878560467649,0.26303440583379395
-0.7241379310344828,1,0.4000000000000057,1,0,1,0,0,1,0,0,0,0,0,0,1,0,0.0,0.0,0.0,0.0,0.0,0.0,0.0,1.0,0.0,0.0,0.0,0.0,0,0,0,0,1,0,0,0,0,1,0,0,0,0,0,0,0,0.832214765100671,-0.1531764474554827,0.2944445186625372,0.6196850107744367,-0.2241178154456085,-0.09103698790077436,-0.736965594166206
-0.5517241379310345,0,0.20000000000001705,1,0,0,1,0,1,0,0,0,0,0,0,1,0,1.0,0.0,0.0,0.0,0.0,0.0,0.0,0.0,0.0,0.0,0.0,0.0,0,0,0,0,0,1,0,0,0,1,1,0,0,0,0,0,0,-0.16778523489932887,0.3813114632538188,-0.11039087872243192,0.0,0.4956093444158855,0.29807298457586645,0.0
-0.41379310344827586,1,0.9000000000000057,1,1,0,0,0,1,0,0,0,0,0,0,1,0,0.0,0.0,0.0,0.0,0.0,0.0,0.0,0.0,0.0,0.0,1.0,0.0,0,0,0,1,0,0,1,0,0,0,0,0,0,0,0,1,0,1.0805369127516775,-0.3352076020944373,0.7507344805160306,0.45836890322464535,0.9140822264296563,1.1794650380972311,0.26303440583379395
1.2758620689655173,0,0.10000000000002274,1,0,0,1,0,0,0,1,0,0,0,1,0,0,0.0,0.0,0.0,0.0,0.0,1.0,0.0,0.0,0.0,0.0,0.0,0.0,0,0,0,1,0,0,0,0,0,0,1,0,0,0,0,0,0,-0.2684563758389262,-0.4422754141923151,-0.41462427727288137,-0.33313313904221287,-0.4843305931653706,-0.46159098629542233,-0.32192809488736235
-0.8620689655172413,0,0.6000000000000227,1,0,0,1,0,1,0,0,0,0,0,0,1,0,0.0,0.0,0.0,0.0,0.0,1.0,0.0,0.0,0.0,0.0,0.0,0.0,0,0,0,1,0,0,1,0,0,0,1,0,0,0,0,0,0,0.7651006711409396,-0.5641732947624077,0.39386469380911227,0.285888863509545,-0.2988608636367374,-0.23079549314771128,-0.32192809488736235
0.41379310344827586,0,0.6000000000000227,1,0,0,1,0,0,0,0,1,0,0,0,0,1,0.0,0.0,0.0,0.0,0.0,0.0,0.0,0.0,0.0,1.0,0.0,0.0,0,0,0,1,0,0,0,0,0,0,0,0,0,0,0,0,0,-0.3288590604026846,-0.22356318000351375,-0.5725472354135114,0.09954602329692071,-0.2241178154456085,-0.2703937395026851,-0.736965594166206
-0.5172413793103449,0,0.4000000000000057,1,1,0,0,0,1,0,0,0,0,0,0,1,0,0.0,0.0,0.0,0.0,0.0,0.0,0.0,0.0,0.0,0.0,1.0,0.0,0,0,0,0,0,0,1,0,0,0,0,0,0,0,0,1,0,-0.4161073825503355,0.3529941492916204,-1.207580893556269,-1.3945587590305173,0.733281269455903,0.8495918482279355,0.26303440583379395
0.7241379310344828,1,0.30000000000001137,1,0,0,1,0,0,0,0,1,0,0,0,0,1,0.0,0.0,0.0,0.0,0.0,1.0,0.0,0.0,0.0,0.0,0.0,0.0,1,0,0,1,0,1,0,0,0,1,0,0,0,0,0,0,0,-0.28187919463087246,-1.4938803821368416,-0.7305695567266767,-0.9224233415693557,-0.2481240298807802,-0.1933425405422934,0.0
-0.2413793103448276,0,0.10000000000002274,1,0,1,0,0,1,0,0,0,0,0,0,1,0,0.0,0.0,0.0,0.0,0.0,0.0,0.0,0.0,1.0,0.0,0.0,0.0,0,0,0,1,0,0,0,0,0,0,0,0,0,0,0,0,0,-0.0738255033557047,-0.31510048308896654,0.0,-0.2153165603828081,-0.05542236995815684,0.08283225866466219,0.0
-0.034482758620689655,1,0.4000000000000057,1,0,0,0,1,0,0,0,1,0,0,0,0,1,0.0,0.0,0.0,0.0,0.0,0.0,1.0,0.0,0.0,0.0,0.0,0.0,1,1,1,0,0,0,0,0,0,0,0,0,0,0,0,0,0,-0.22818791946308725,0.16984854738854066,-0.3327883408674097,-0.10466081047388179,-0.41506133301186154,-0.46159098629542233,0.0
0.8275862068965517,1,0.30000000000001137,1,0,0,1,0,1,0,0,0,0,0,0,1,0,0.0,0.0,0.0,0.0,0.0,0.0,0.0,1.0,0.0,0.0,0.0,0.0,0,0,0,1,0,0,1,1,0,0,1,0,0,0,0,0,0,1.0805369127516775,-0.03051092749035372,1.0765491991279497,0.45836890322464535,1.036708103961386,0.6421492205550592,0.6780719051126377
0.034482758620689655,0,0.30000000000001137,1,0,1,0,0,1,0,0,0,0,0,0,1,0,0.0,1.0,0.0,0.0,0.0,0.0,0.0,0.0,0.0,0.0,0.0,0.0,1,0,0,1,0,0,0,0,0,0,0,0,0,0,0,0,0,0.7651006711409396,0.06727974386018715,0.14779361840531544,0.0,0.06913557571732576,0.0560003770413949,-0.32192809488736235
0.10344827586206896,0,0.0,0,0,0,0,1,0,1,0,0,0,0,0,0,1,0.0,0.0,0.0,0.0,0.0,0.0,0.0,0.0,1.0,0.0,0.0,0.0,0,1,0,0,0,0,1,0,0,0,0,0,0,0,0,0,0,-0.4026845637583893,-0.2708574664760314,-1.1627467428697298,-1.1274121468458216,0.06913557571732576,-0.2703937395026851,1.2630344058337943
-0.3793103448275862,0,0.10000000000002274,1,0,0,1,0,1,0,0,0,0,0,0,1,0,0.0,0.0,0.0,0.0,0.0,0.0,0.0,0.0,0.0,0.0,0.0,1.0,0,0,0,1,0,0,0,0,0,0,0,0,0,0,0,0,0,0.22818791946308717,-0.26094124593254925,0.06901450944076368,0.3736703603919092,0.11800444438775436,-0.1933425405422934,0.6780719051126377
1.3448275862068966,1,0.8000000000000114,1,0,1,0,0,1,0,0,0,0,0,0,1,0,0.0,0.0,0.0,0.0,1.0,0.0,0.0,0.0,0.0,0.0,0.0,0.0,1,0,0,0,0,1,0,0,0,0,0,1,0,0,0,0,0,0.832214765100671,1.909370879323635,1.1612310409568565,0.45836890322464535,0.03518566168186925,0.10896685056689351,-0.736965594166206
-0.7586206896551724,1,0.9000000000000057,1,0,0,1,0,1,0,0,0,0,0,0,1,0,0.0,0.0,1.0,0.0,0.0,0.0,0.0,0.0,0.0,0.0,0.0,0.0,0,0,0,0,1,0,0,0,0,1,0,0,1,0,0,0,0,-0.13422818791946312,-0.3817989811250798,-0.021374457447631966,0.285888863509545,-0.27300404985656557,-0.157719918514846,-0.32192809488736235
-0.3793103448275862,0,0.9000000000000057,1,0,0,1,0,1,0,0,0,1,0,0,0,0,0.0,0.0,0.0,0.0,0.0,0.0,0.0,0.0,1.0,0.0,0.0,0.0,1,0,0,0,0,1,0,0,0,1,0,0,0,0,0,0,0,-0.44295302013422816,0.23127110595816858,-1.4070699871624215,-2.039507733308835,-0.2988608636367374,-0.2703937395026851,-0.32192809488736235
-0.6896551724137931,0,0.20000000000001705,0,0,0,0,1,1,0,0,0,0,0,0,1,0,0.0,0.0,0.0,0.0,0.0,0.0,0.0,0.0,1.0,0.0,0.0,0.0,0,0,0,0,1,0,0,0,0,1,0,0,0,0,0,0,0,-0.14093959731543623,-0.5244912626970895,-0.3098799723285842,-0.10466081047388179,-0.41506133301186154,-0.46159098629542233,0.8479969065549505
-0.5172413793103449,1,0.9000000000000057,1,1,0,0,0,1,0,0,0,0,0,0,1,0,0.0,0.0,0.0,0.0,0.0,1.0,0.0,0.0,0.0,0.0,0.0,0.0,1,0,1,0,0,0,1,0,0,0,0,0,0,0,0,1,0,0.832214765100671,1.6626722632579636,0.9722085919546063,0.6196850107744367,-0.3836980347548376,-0.23079549314771128,-1.3219280948873624
0.6206896551724138,1,0.4000000000000057,1,0,1,0,0,1,0,0,0,0,0,0,1,0,0.0,0.0,0.0,0.0,0.0,1.0,0.0,0.0,0.0,0.0,0.0,0.0,1,0,0,0,0,1,0,0,0,0,0,1,0,0,0,0,0,0.832214765100671,1.6451535546275478,1.0945105200494103,0.3736703603919092,0.9050100518413058,1.0215354196458677,-0.32192809488736235
1.0344827586206897,1,0.9000000000000057,1,0,0,1,0,1,0,0,0,0,0,0,1,0,0.0,0.0,0.0,0.0,0.0,0.0,0.0,0.0,1.0,0.0,0.0,0.0,0,0,0,0,1,0,0,0,0,1,0,1,0,0,0,0,0,0.2885906040268456,-0.06607974511778399,0.41036214990012815,1.311745441909603,0.0,0.1344558448132036,-0.32192809488736235
1.103448275862069,0,0.6000000000000227,1,0,1,0,0,1,0,0,0,0,0,0,1,0,0.0,0.0,0.0,0.0,0.0,1.0,0.0,0.0,0.0,0.0,0.0,0.0,0,0,0,1,0,0,0,0,0,0,0,0,0,0,1,0,0,0.395973154362416,0.7195208570189124,0.7782235437245623,1.8301861123610714,-0.03656705672767457,-0.09103698790077436,0.26303440583379395
-0.034482758620689655,0,0.20000000000001705,0,0,0,0,1,0,1,0,0,1,0,0,0,0,1.0,0.0,0.0,0.0,0.0,0.0,0.0,0.0,0.0,0.0,0.0,0.0,0,0,0,1,0,0,0,0,0,0,0,0,0,0,0,0,1,-0.2348993288590604,0.17814287891987055,-0.7160194957989827,-0.7496097847521995,0.23838864594233997,-0.09103698790077436,1.1375035237499354
-0.7931034482758621,0,0.5,1,0,0,1,0,1,0,0,0,0,0,0,1,0,0.0,0.0,0.0,0.0,0.0,0.0,1.0,0.0,0.0,0.0,0.0,0.0,0,0,0,0,1,0,0,0,0,1,0,0,0,0,0,0,0,0.34228187919463077,-0.6810854643901506,-0.06144248287860595,0.285888863509545,-0.2481240298807802,-0.157719918514846,-0.736965594166206
-0.6551724137931034,0,0.0,1,0,0,1,0,1,0,0,0,0,0,0,1,0,1.0,0.0,0.0,0.0,0.0,0.0,0.0,0.0,0.0,0.0,0.0,0.0,0,0,0,0,0,1,0,0,0,1,1,0,0,0,0,0,0,-0.03355704697986583,0.4025271570228527,-0.5149276390160713,-0.7496097847521995,0.8496071890576133,1.1794650380972311,0.6780719051126377
0.1724137931034483,0,0.30000000000001137,1,0,0,1,0,1,0,0,0,0,0,0,1,0,0.0,0.0,0.0,0.0,0.0,1.0,0.0,0.0,0.0,0.0,0.0,0.0,0,0,0,1,0,0,0,0,0,0,1,0,0,0,0,0,0,0.7651006711409396,-0.7251396643182507,0.4076229891315837,0.45836890322464535,0.3211106072263432,0.46159098629542217,0.0
-0.2413793103448276,1,0.20000000000001705,1,0,0,1,0,1,0,0,0,0,0,0,1,0,0.0,1.0,0.0,0.0,0.0,0.0,0.0,0.0,0.0,0.0,0.0,0.0,0,0,0,0,1,0,0,0,0,1,0,0,1,0,0,0,0,-0.046979865771812096,-0.5661619756891574,0.3519442554950319,1.0535588884633251,0.47200931442734184,0.6421492205550592,-0.32192809488736235
-0.9310344827586207,0,0.9000000000000057,1,0,1,0,0,1,0,0,0,0,0,0,1,0,0.0,0.0,0.0,0.0,0.0,0.0,0.0,1.0,0.0,0.0,0.0,0.0,0,0,0,0,1,0,0,0,0,1,0,1,0,0,0,0,0,-0.31543624161073824,-0.25162650263636877,-0.6344520498757813,-0.2153165603828081,0.37334969101394155,0.6421492205550592,-0.736965594166206
0.06896551724137931,0,0.30000000000001137,1,0,0,1,0,1,0,0,0,0,0,0,1,0,0.0,0.0,0.0,0.0,0.0,0.0,0.0,0.0,0.0,0.0,1.0,0.0,0,0,0,1,0,0,0,1,0,0,0,0,0,0,0,0,0,0.7651006711409396,0.25513169031764865,0.508960188397174,0.0,0.23838864594233974,0.29807298457586645,-0.32192809488736235
-0.6206896551724138,0,0.0,1,0,0,1,0,1,0,0,0,0,0,0,1,0,0.0,1.0,0.0,0.0,0.0,0.0,0.0,0.0,0.0,0.0,0.0,0.0,0,0,0,0,0,0,1,0,0,0,0,0,0,0,0,0,0,0.832214765100671,0.5205126198067578,0.527048534535148,0.0,0.7729386196912933,0.8495918482279355,-0.736965594166206
-0.13793103448275862,0,0.6000000000000227,1,0,1,0,0,1,0,0,0,0,0,0,1,0,1.0,0.0,0.0,0.0,0.0,0.0,0.0,0.0,0.0,0.0,0.0,0.0,0,0,0,1,0,0,0,0,0,0,0,0,0,1,0,0,0,-0.348993288590604,-0.0366004295373837,-0.7017695328540805,-0.5973579848037531,-0.9320941296030667,-0.9231819725908447,-0.32192809488736235
0.3448275862068966,1,0.30000000000001137,1,0,0,1,0,1,0,0,0,0,0,0,1,0,0.0,0.0,0.0,0.0,0.0,0.0,1.0,0.0,0.0,0.0,0.0,0.0,0,0,0,0,0,1,0,0,0,1,1,0,0,0,0,0,0,0.832214765100671,0.8624758830952699,0.7576394724611885,0.285888863509545,0.7432836140370617,1.0215354196458677,0.6780719051126377
0.4482758620689655,0,0.20000000000001705,1,0,1,0,0,1,0,0,0,0,0,0,1,0,0.0,0.0,1.0,0.0,0.0,0.0,0.0,0.0,0.0,0.0,0.0,0.0,1,0,0,0,0,1,0,0,0,0,0,1,0,0,0,0,0,-0.06040268456375844,1.303986820723988,0.16687241318798832,0.19466105017012347,1.0110826875205792,1.1794650380972311,0.26303440583379395
0.5517241379310345,0,0.10000000000002274,0,0,0,0,1,0,0,0,1,0,0,0,0,1,0.0,0.0,0.0,0.0,0.0,0.0,0.0,0.0,0.0,1.0,0.0,0.0,0,0,0,1,0,0,0,0,0,1,1,0,0,0,0,0,0,-0.3087248322147651,-0.603450510057012,-0.8984705966390675,-1.1274121468458216,-0.6154774966199021,-0.5234324523010943,-0.32192809488736235
0.10344827586206896,1,0.20000000000001705,1,0,1,0,0,1,0,0,0,0,0,0,1,0,0.0,0.0,0.0,0.0,0.0,0.0,0.0,0.0,0.0,0.0,1.0,0.0,0,0,0,1,0,0,0,0,0,0,1,0,1,0,0,0,0,1.0805369127516775,0.7917881979172975,0.9193526295651087,0.8447917637013288,0.4111964797100215,0.3618329492587622,0.0
2.689655172413793,0,0.700000000000017,1,0,0,1,0,1,0,0,0,0,0,0,1,0,0.0,0.0,0.0,0.0,0.0,0.0,0.0,0.0,0.0,0.0,0.0,1.0,0,0,0,1,0,0,1,0,0,0,0,0,0,0,0,0,0,0.0,0.9202289024421941,0.08243373541771437,0.9160197607056829,0.6509890353127565,0.8495918482279355,0.26303440583379395
-0.06896551724137931,0,0.4000000000000057,1,0,1,0,0,1,0,0,0,0,0,0,1,0,0.0,0.0,0.0,1.0,0.0,0.0,0.0,0.0,0.0,0.0,0.0,0.0,0,1,0,0,0,0,1,0,0,0,0,0,0,0,1,0,0,-0.0738255033557047,0.11575675093546399,-0.42470012919432854,0.09954602329692071,1.1996867026509637,1.3263342348286624,0.26303440583379395
-0.6896551724137931,1,0.10000000000002274,1,0,0,1,0,1,0,0,0,0,0,0,1,0,0.0,0.0,0.0,0.0,0.0,0.0,1.0,0.0,0.0,0.0,0.0,0.0,0,0,0,0,0,0,1,0,0,0,0,0,0,0,0,0,0,0.395973154362416,-0.21112416233756554,0.6660814869278945,0.6196850107744367,0.8589600161477176,0.9375507803116744,0.4854268271702419
-0.3793103448275862,0,0.4000000000000057,1,0,0,1,0,1,0,0,0,0,0,0,1,0,0.0,0.0,1.0,0.0,0.0,0.0,0.0,0.0,0.0,0.0,0.0,0.0,0,0,0,1,0,1,0,0,1,0,0,0,0,0,0,0,0,0.7651006711409396,-0.3434916879383308,0.15098964152194116,-0.2153165603828081,-0.6735777313074641,-0.5967878560467649,-0.736965594166206
-0.5862068965517241,0,0.10000000000002274,1,1,0,0,0,1,0,0,0,0,0,0,1,0,0.0,0.0,0.0,1.0,0.0,0.0,0.0,0.0,0.0,0.0,0.0,0.0,1,0,1,0,0,1,0,0,0,0,0,0,0,0,0,1,0,0.48993288590604017,0.15145680102203068,0.8586905699897984,0.19466105017012347,-0.9320941296030667,-0.9231819725908447,-0.32192809488736235
-0.5172413793103449,1,0.20000000000001705,1,0,1,0,0,1,0,0,0,0,0,0,1,0,0.0,0.0,0.0,0.0,1.0,0.0,0.0,0.0,0.0,0.0,0.0,0.0,0,0,0,1,0,0,0,0,0,0,0,0,0,0,1,0,0,1.0805369127516775,-0.2212015843332869,0.4696124618418498,0.19466105017012347,0.8589600161477176,0.908700463159222,0.0
0.3103448275862069,1,0.8000000000000114,1,0,1,0,0,1,0,0,0,0,0,0,1,0,0.0,1.0,0.0,0.0,0.0,0.0,0.0,0.0,0.0,0.0,0.0,0.0,0,0,0,1,0,0,0,1,0,0,0,0,0,0,0,0,0,0.7651006711409396,-0.12952963404284845,0.5449692743003824,-0.33313313904221287,0.8212493896867531,1.1794650380972311,-0.32192809488736235
-0.06896551724137931,0,1.0,1,1,0,0,0,1,0,0,0,0,0,0,1,0,0.0,0.0,1.0,0.0,0.0,0.0,0.0,0.0,0.0,0.0,0.0,0.0,0,1,0,0,0,0,0,0,0,0,0,0,0,0,0,1,0,0.0,1.9374977886578835,0.20435248228009628,0.45836890322464535,0.13379628652394823,0.1344558448132036,-0.736965594166206
-0.3793103448275862,0,0.0,1,0,1,0,0,1,0,0,0,0,0,0,1,0,0.0,1.0,0.0,0.0,0.0,0.0,0.0,0.0,0.0,0.0,0.0,0.0,0,0,0,0,0,0,1,0,0,0,0,0,0,0,1,0,0,-0.3288590604026846,0.31361685300149844,-0.9499830512782597,-0.9224233415693557,-0.13529307677780772,0.08283225866466219,0.0
0.2413793103448276,1,0.700000000000017,1,0,1,0,0,1,0,0,0,0,0,0,1,0,0.0,0.0,0.0,0.0,0.0,0.0,1.0,0.0,0.0,0.0,0.0,0.0,0,1,0,0,0,1,1,0,0,0,0,0,0,0,0,0,0,0.832214765100671,1.950390839312243,1.098484439166432,0.45836890322464535,0.03518566168186925,0.10896685056689351,-0.736965594166206
0.13793103448275862,1,0.9000000000000057,1,0,1,0,0,1,0,0,0,0,0,0,1,0,0.0,0.0,1.0,0.0,0.0,0.0,0.0,0.0,0.0,0.0,0.0,0.0,1,0,0,0,0,1,0,0,0,0,0,1,0,0,0,0,0,0.832214765100671,1.3996567521893382,0.4696124618418498,0.19466105017012347,-0.11459349848569159,0.10896685056689351,-1.3219280948873624
-0.4827586206896552,1,1.0,1,0,0,1,0,1,0,0,0,0,0,0,1,0,1.0,0.0,0.0,0.0,0.0,0.0,0.0,0.0,0.0,0.0,0.0,0.0,0,0,0,0,1,0,0,0,0,1,0,1,0,0,0,0,0,0.48993288590604017,-0.3468202246403647,0.08576969418217396,0.6196850107744367,0.7924253409608393,0.5902452854112349,0.26303440583379395
-0.5862068965517241,1,0.0,1,0,0,0,1,0,0,0,1,0,0,0,0,1,0.0,0.0,0.0,1.0,0.0,0.0,0.0,0.0,0.0,0.0,0.0,0.0,0,0,1,0,0,1,0,0,0,0,0,1,0,0,0,0,0,0.832214765100671,-0.5109356414615643,0.5037606396648314,-0.2153165603828081,-0.13529307677780772,-0.31255449400748914,0.6780719051126377
-0.7586206896551724,1,0.20000000000001705,1,1,0,0,0,1,0,0,0,0,0,0,1,0,0.0,0.0,0.0,0.0,0.0,1.0,0.0,0.0,0.0,0.0,0.0,0.0,1,0,1,0,0,1,1,0,0,0,0,0,0,0,0,1,0,0.832214765100671,1.0784594421928442,0.20435248228009628,-0.45971183619556405,0.9140822264296563,1.3263342348286624,-0.736965594166206
-0.6896551724137931,1,0.6000000000000227,1,0,0,1,0,1,0,0,0,0,0,0,1,0,0.0,0.0,0.0,0.0,0.0,0.0,0.0,1.0,0.0,0.0,0.0,0.0,0,0,0,0,1,0,0,0,0,1,0,0,0,0,0,0,0,0.832214765100671,0.2101899370425801,0.3966247485794644,-0.33313313904221287,1.365649878512442,1.3263342348286624,0.0
0.3448275862068966,1,0.0,1,0,1,0,0,1,0,0,0,0,0,0,1,0,0.0,0.0,0.0,0.0,0.0,0.0,0.0,0.0,1.0,0.0,0.0,0.0,1,0,0,1,0,0,0,1,0,0,0,0,0,0,0,0,0,0.7651006711409396,0.8164751569748516,0.30609886382704155,0.285888863509545,1.1918348128693077,1.3263342348286624,0.4854268271702419
0.3448275862068966,0,0.8000000000000114,1,0,1,0,0,1,0,0,0,0,0,0,1,0,0.0,0.0,0.0,0.0,0.0,0.0,0.0,0.0,0.0,1.0,0.0,0.0,0,0,0,1,0,0,0,0,0,0,0,0,0,0,0,0,1,-0.13422818791946312,0.019454552458953958,-0.06885646494289624,0.6196850107744367,1.1760433005670086,1.1794650380972311,0.4854268271702419
1.6206896551724137,0,1.0,1,0,0,1,0,0,0,1,0,0,0,1,0,0,0.0,0.0,0.0,1.0,0.0,0.0,0.0,0.0,0.0,0.0,0.0,0.0,0,0,0,0,0,1,0,0,0,1,1,0,0,0,0,0,0,-0.44295302013422816,-0.27298426308990315,-1.4070699871624215,-2.039507733308835,-0.2241178154456085,-0.31255449400748914,-0.32192809488736235
0.7241379310344828,1,0.20000000000001705,0,0,0,0,1,0,0,0,1,0,0,1,0,0,0.0,0.0,1.0,0.0,0.0,0.0,0.0,0.0,0.0,0.0,0.0,0.0,0,0,0,0,0,1,1,0,0,1,0,0,0,0,0,0,0,0.34228187919463077,-1.1800926982665043,0.12847779269250603,-0.2153165603828081,-0.9320941296030667,-0.9231819725908447,-1.3219280948873624
-0.3793103448275862,1,0.30000000000001137,1,0,1,0,0,1,0,0,0,0,0,0,1,0,0.0,0.0,0.0,1.0,0.0,0.0,0.0,0.0,0.0,0.0,0.0,0.0,0,0,0,0,1,0,0,0,0,1,0,0,0,0,0,0,0,-0.24832214765100669,-0.6700433784289875,-0.33742888803179727,0.3736703603919092,0.30770696263625097,0.6421492205550592,-1.3219280948873624
-0.5517241379310345,1,0.4000000000000057,1,0,0,1,0,1,0,0,0,0,0,0,1,0,0.0,0.0,0.0,0.0,0.0,0.0,0.0,1.0,0.0,0.0,0.0,0.0,0,0,0,0,1,0,1,0,0,0,0,0,0,0,0,0,0,0.34228187919463077,-0.4672891689494007,0.24700619598681203,0.6196850107744367,0.792425340960839,0.9375507803116744,0.26303440583379395
1.3103448275862069,1,1.0,1,0,0,1,0,1,0,0,0,0,0,0,1,0,0.0,0.0,0.0,0.0,0.0,0.0,0.0,0.0,0.0,0.0,0.0,1.0,0,0,0,1,0,0,0,0,0,1,0,0,0,0,0,0,0,0.06711409395973149,0.7157095929785027,0.12198496115810734,0.3736703603919092,0.17982694289849235,0.44222257845083546,-0.736965594166206
0.8275862068965517,0,0.9000000000000057,0,0,0,0,1,0,0,1,0,0,0,1,0,0,0.0,0.0,0.0,0.0,0.0,0.0,0.0,1.0,0.0,0.0,0.0,0.0,0,0,0,1,0,0,1,0,0,0,0,0,0,0,0,0,0,-0.03355704697986583,-0.26107675516651374,-0.43488040245666615,-0.9224233415693557,-0.1565449347162588,-0.029314871250031297,-0.32192809488736235
-0.6896551724137931,0,0.8000000000000114,1,1,0,0,0,1,0,0,0,0,0,0,1,0,0.0,0.0,0.0,0.0,0.0,0.0,0.0,0.0,0.0,1.0,0.0,0.0,1,1,1,0,0,0,1,0,0,0,0,0,0,1,0,1,0,0.832214765100671,1.0420124808169398,0.6970435327179134,0.09954602329692071,-0.2481240298807802,-0.05962431082057667,-1.3219280948873624
-0.1724137931034483,0,0.8000000000000114,1,0,1,0,0,1,0,0,0,0,0,0,1,0,0.0,0.0,1.0,0.0,0.0,0.0,0.0,0.0,0.0,0.0,0.0,0.0,0,0,0,1,0,0,1,0,0,0,0,0,0,0,0,0,0,1.0805369127516775,0.24848959461539918,0.9805569634965265,0.6967790260802048,0.7532265959499519,1.1794650380972311,-0.736965594166206
0.3103448275862069,0,0.0,1,0,0,1,0,1,0,0,0,0,0,0,1,0,0.0,0.0,1.0,0.0,0.0,0.0,0.0,0.0,0.0,0.0,0.0,0.0,0,0,0,0,0,1,0,0,0,0,1,1,0,0,0,0,0,-0.16778523489932887,0.7326758760894218,-0.43488040245666615,-0.2153165603828081,0.9851147923262015,1.0215354196458677,0.26303440583379395
1.5517241379310345,0,1.0,0,0,0,0,1,0,0,1,0,0,0,1,0,0,1.0,0.0,0.0,0.0,0.0,0.0,0.0,0.0,0.0,0.0,0.0,0.0,0,0,0,0,0,1,0,0,0,1,1,0,1,0,0,0,0,-0.03355704697986583,-0.5680584940261793,-0.5666074967421031,-1.1274121468458216,-0.44845423396059875,-0.31255449400748914,-0.736965594166206
1.896551724137931,1,0.700000000000017,1,0,1,0,0,0,0,0,1,0,0,1,0,0,0.0,0.0,0.0,1.0,0.0,0.0,0.0,0.0,0.0,0.0,0.0,0.0,1,0,0,0,0,1,0,0,0,1,1,0,0,0,0,0,0,0.832214765100671,-0.18015368116961708,0.05547216356160948,-0.7496097847521995,-0.6154774966199021,-0.5234324523010943,-0.736965594166206
0.1724137931034483,1,0.30000000000001137,1,0,0,1,0,1,0,0,0,0,0,0,1,0,0.0,0.0,0.0,0.0,0.0,0.0,0.0,0.0,0.0,0.0,0.0,1.0,0,0,0,1,0,0,0,0,0,0,1,0,0,0,0,0,0,0.7651006711409396,0.7059315784112722,0.1731808248464543,0.285888863509545,0.8958928532243638,0.908700463159222,0.0
-0.6551724137931034,0,1.0,0,0,0,0,1,0,0,0,1,0,0,0,0,1,0.0,1.0,0.0,0.0,0.0,0.0,0.0,0.0,0.0,0.0,0.0,0.0,0,0,0,1,0,0,0,0,0,0,0,0,0,0,0,0,0,-0.2751677852348994,-0.6610126654148512,-0.7305695567266767,-1.1274121468458216,-0.6735777313074641,-0.5967878560467649,0.0
0.034482758620689655,1,0.30000000000001137,1,1,0,0,0,1,0,0,0,0,0,0,1,0,0.0,0.0,0.0,0.0,0.0,0.0,0.0,0.0,0.0,0.0,1.0,0.0,1,0,1,0,0,1,1,0,0,0,0,1,0,0,0,1,0,0.832214765100671,1.7479965008792746,0.876187050335185,-0.10466081047388179,-0.44845423396059875,-0.31255449400748914,-1.3219280948873624
-0.6896551724137931,0,0.9000000000000057,1,1,0,0,0,1,0,0,0,0,0,0,1,0,0.0,0.0,0.0,0.0,0.0,0.0,0.0,1.0,0.0,0.0,0.0,0.0,1,0,1,0,0,0,1,0,0,0,0,1,0,0,0,1,0,0.48993288590604017,-0.1440085994308005,0.27681176813723357,0.09954602329692071,-0.5664967330375806,-0.46159098629542233,-1.3219280948873624
0.4482758620689655,0,0.8000000000000114,1,1,0,0,0,0,0,0,1,0,0,0,0,1,0.0,0.0,0.0,0.0,0.0,0.0,0.0,0.0,0.0,0.0,1.0,0.0,0,0,0,1,0,0,0,0,0,0,0,0,0,0,0,0,0,-0.2550335570469799,-0.163694572108327,-0.6091136127378125,0.45836890322464535,-0.9320941296030667,-0.9231819725908447,-0.736965594166206
0.3448275862068966,0,0.20000000000001705,1,0,0,1,0,1,0,0,0,0,0,0,1,0,0.0,0.0,0.0,0.0,0.0,0.0,0.0,0.0,1.0,0.0,0.0,0.0,0,0,0,1,1,0,0,0,0,0,0,0,0,0,0,0,0,-0.13422818791946312,0.3813114632538188,-0.09513530558237804,0.7717596693105655,0.5302954566588778,0.8495918482279355,-0.736965594166206
-0.9310344827586207,0,0.4000000000000057,1,0,0,1,0,1,0,0,0,0,0,0,1,0,0.0,0.0,0.0,0.0,0.0,0.0,0.0,0.0,0.0,1.0,0.0,0.0,0,0,0,0,0,0,1,0,0,0,0,0,0,0,0,0,0,-0.2953020134228188,-0.5412609421707992,-0.6280401728202402,-0.5973579848037531,0.25257683397388525,-0.05962431082057667,0.26303440583379395
0.6551724137931034,0,0.700000000000017,1,0,1,0,0,1,0,0,0,0,0,0,1,0,0.0,1.0,0.0,0.0,0.0,0.0,0.0,0.0,0.0,0.0,0.0,0.0,1,0,0,0,0,1,0,0,0,0,0,1,0,0,0,0,0,-0.24832214765100669,1.4373371682840066,-0.43488040245666615,0.7717596693105655,0.8496071890576133,1.1794650380972311,0.4854268271702419
0.13793103448275862,0,0.8000000000000114,1,0,1,0,0,0,1,0,0,1,0,0,0,0,0.0,0.0,0.0,0.0,0.0,0.0,0.0,0.0,0.0,0.0,0.0,1.0,1,0,0,1,0,1,0,0,0,0,0,0,0,0,0,0,0,-0.44295302013422816,0.40955392957591136,-1.4070699871624215,-0.9224233415693557,0.3211106072263432,-0.05962431082057667,0.6780719051126377
0.8275862068965517,1,0.10000000000002274,0,0,0,0,1,0,0,0,1,0,0,0,0,1,0.0,0.0,0.0,0.0,0.0,0.0,0.0,0.0,0.0,0.0,1.0,0.0,0,0,0,1,0,0,0,0,0,0,0,0,0,0,0,0,1,-0.36912751677852346,-1.1524832306555497,-1.0762547505325748,-1.3945587590305173,-0.9320941296030667,-0.9231819725908447,-0.32192809488736235
0.3793103448275862,1,0.700000000000017,1,1,0,0,0,1,0,0,0,0,0,0,1,0,0.0,0.0,1.0,0.0,0.0,0.0,0.0,0.0,0.0,0.0,0.0,0.0,1,0,0,0,0,1,1,0,0,0,0,0,0,0,0,1,0,0.832214765100671,1.193739337729644,0.8076183625059608,0.0,0.7631112597443181,0.8495918482279355,0.4854268271702419
1.2413793103448276,1,0.8000000000000114,0,0,0,0,1,0,0,1,0,0,0,1,0,0,0.0,0.0,0.0,0.0,0.0,0.0,0.0,0.0,1.0,0.0,0.0,0.0,0,0,0,1,0,0,1,0,0,0,0,0,0,0,0,0,0,-0.44295302013422816,-0.7913574643365368,-1.4070699871624215,-2.039507733308835,-0.6735777313074641,-0.5967878560467649,-1.3219280948873624
-0.10344827586206896,0,0.9000000000000057,1,0,0,1,0,1,0,0,0,0,1,0,0,0,0.0,0.0,0.0,0.0,0.0,0.0,0.0,0.0,0.0,1.0,0.0,0.0,0,0,0,1,0,0,0,0,0,0,0,0,0,0,1,0,0,-0.08053691275167789,0.0038958916091473756,-0.02496900443554409,0.6967790260802048,0.3211106072263432,0.46159098629542217,0.0
-0.10344827586206896,1,0.10000000000002274,1,0,0,1,0,1,0,0,0,0,0,0,1,0,0.0,1.0,0.0,0.0,0.0,0.0,0.0,0.0,0.0,0.0,0.0,0.0,1,0,0,0,0,1,1,0,0,0,0,0,0,0,0,0,0,0.48993288590604017,0.846445517034789,0.5903130060057309,-0.45971183619556405,0.4111964797100215,0.3618329492587622,0.0
-0.4827586206896552,0,1.0,1,0,0,1,0,1,0,0,0,0,0,0,1,0,0.0,1.0,0.0,0.0,0.0,0.0,0.0,0.0,0.0,0.0,0.0,0.0,0,0,0,0,1,0,1,0,0,0,0,0,0,0,1,0,0,-0.17449664429530204,-0.06496171777753182,0.048653748101440956,0.7717596693105655,0.03518566168186925,0.08283225866466219,0.0
-0.10344827586206896,0,0.10000000000002274,1,0,0,1,0,1,0,0,0,0,0,0,1,0,0.0,0.0,0.0,0.0,0.0,0.0,0.0,0.0,0.0,1.0,0.0,0.0,0,0,0,1,0,0,0,0,0,0,1,0,0,0,0,0,0,1.0805369127516775,-0.21112416233756554,0.5576697287737643,0.09954602329692071,0.9410351317817048,1.1794650380972311,-0.32192809488736235
2.9655172413793105,1,1.0,1,0,1,0,0,1,0,0,0,0,0,0,1,0,0.0,0.0,0.0,0.0,0.0,0.0,0.0,0.0,0.0,0.0,0.0,1.0,1,1,0,0,0,0,0,0,0,0,0,1,0,0,0,0,0,0.832214765100671,2.2035630141279796,0.426711194039265,0.3736703603919092,0.7532265959499519,0.9375507803116744,-0.32192809488736235
-0.13793103448275862,0,0.30000000000001137,1,0,0,1,0,1,0,0,0,0,0,0,1,0,0.0,0.0,1.0,0.0,0.0,0.0,0.0,0.0,0.0,0.0,0.0,0.0,0,0,0,1,0,1,0,0,0,1,1,0,0,0,0,0,0,1.0805369127516775,0.366243344965992,0.9490980535890613,0.5402881638044359,0.06913557571732576,0.29807298457586645,-0.736965594166206
-0.6206896551724138,0,0.8000000000000114,1,0,0,1,0,1,0,0,0,0,0,0,1,0,0.0,0.0,0.0,0.0,0.0,0.0,0.0,1.0,0.0,0.0,0.0,0.0,1,0,0,0,0,0,1,0,0,0,0,0,0,0,0,0,0,0.48993288590604017,0.5164461380990285,-0.14539017884647368,0.09954602329692071,0.9320941296030667,1.3263342348286624,0.0
-0.4482758620689655,1,1.0,1,0,0,1,0,1,0,0,0,0,0,0,1,0,0.0,0.0,0.0,0.0,0.0,1.0,0.0,0.0,0.0,0.0,0.0,0.0,0,0,0,0,1,0,0,0,0,1,0,0,0,0,0,0,0,-0.17449664429530204,-0.9366684401612265,-0.1572743979314011,0.45836890322464535,-0.27300404985656557,-0.2703937395026851,0.0
-0.41379310344827586,0,0.5,1,0,1,0,0,1,0,0,0,0,0,0,1,0,1.0,0.0,0.0,0.0,0.0,0.0,0.0,0.0,0.0,0.0,0.0,0.0,0,0,0,0,0,1,1,0,0,0,0,0,0,0,0,1,0,0.0,0.05065127586322576,-0.34677091062058646,-0.9224233415693557,0.06913557571732576,0.23079549314771114,-0.32192809488736235
0.4482758620689655,0,0.8000000000000114,1,0,1,0,0,1,0,0,0,0,0,0,1,0,0.0,0.0,0.0,0.0,0.0,0.0,0.0,0.0,0.0,0.0,0.0,1.0,1,1,0,0,0,1,0,0,0,0,0,0,0,0,0,0,0,0.832214765100671,1.7139805552953944,0.4775477295779049,0.09954602329692071,1.0952415070258157,0.908700463159222,0.26303440583379395
-0.6206896551724138,0,0.8000000000000114,1,0,1,0,0,1,0,0,0,0,0,0,1,0,0.0,0.0,1.0,0.0,0.0,0.0,0.0,0.0,0.0,0.0,0.0,0.0,1,0,0,0,0,1,0,0,0,0,0,1,0,0,0,0,0,-0.05369127516778523,0.5019585347477374,-0.2698071766372397,0.3736703603919092,1.4442889480725931,1.0215354196458677,0.26303440583379395
1.7241379310344827,1,0.10000000000002274,1,1,0,0,0,0,0,1,0,0,0,1,0,0,0.0,0.0,0.0,0.0,0.0,0.0,0.0,0.0,0.0,0.0,0.0,1.0,0,0,0,1,0,0,1,0,0,0,0,0,0,0,0,1,0,0.22818791946308717,-0.19224190392541485,0.4616434982466758,1.0535588884633251,-0.35403388971568844,-0.31255449400748914,-0.32192809488736235
-0.2413793103448276,0,0.30000000000001137,1,0,1,0,0,1,0,0,0,0,0,0,1,0,0.0,0.0,0.0,0.0,0.0,0.0,1.0,0.0,0.0,0.0,0.0,0.0,1,0,0,1,0,1,0,0,0,0,0,0,0,0,0,0,0,1.0805369127516775,0.44550635147421813,0.6612769579338184,-0.45971183619556405,0.22402635017168981,0.3618329492587622,-0.736965594166206
0.0,1,0.8000000000000114,1,0,0,1,0,1,0,0,0,0,0,0,1,0,0.0,0.0,0.0,0.0,0.0,0.0,0.0,0.0,0.0,1.0,0.0,0.0,0,0,0,0,1,0,0,0,0,0,0,0,0,0,0,0,0,0.832214765100671,0.24848959461539918,0.7804987067883424,0.7717596693105655,1.2842223012790859,1.3263342348286624,0.0
3.6206896551724137,1,0.9000000000000057,1,0,0,1,0,1,0,0,0,0,0,0,1,0,0.0,0.0,0.0,0.0,0.0,0.0,0.0,0.0,0.0,0.0,0.0,1.0,0,0,0,1,0,0,0,0,0,0,0,0,0,0,0,0,0,0.06711409395973149,-0.3534052315715508,0.4643035899639541,1.249099671807958,-0.09440525778300253,-0.157719918514846,1.0000000000000007
2.4827586206896552,0,0.9000000000000057,0,0,0,0,1,0,0,0,1,0,0,1,0,0,0.0,0.0,0.0,0.0,0.0,0.0,0.0,0.0,1.0,0.0,0.0,0.0,0,0,0,1,0,1,0,0,0,1,0,0,0,0,0,0,0,-0.40939597315436244,0.34127001892893005,-1.107836346753193,-0.7496097847521995,-0.6735777313074641,-0.5967878560467649,-1.3219280948873624
-0.3103448275862069,1,0.4000000000000057,1,0,0,1,0,1,0,0,0,0,0,0,1,0,0.0,0.0,0.0,0.0,1.0,0.0,0.0,0.0,0.0,0.0,0.0,0.0,0,0,0,0,0,0,1,0,0,0,0,0,0,0,0,0,0,0.2885906040268456,-0.4672891689494007,0.25301012201768613,0.0,-0.13529307677780772,-0.029314871250031297,-0.736965594166206
-0.1724137931034483,0,0.700000000000017,1,1,0,0,0,1,0,0,0,0,0,0,1,0,0.0,0.0,0.0,0.0,0.0,0.0,0.0,0.0,0.0,1.0,0.0,0.0,0,0,0,0,0,0,1,0,0,0,0,0,0,1,0,1,0,-0.12751677852348994,0.5995691873416511,-0.36094035472454106,-0.45971183619556405,0.6297386331638595,1.0215354196458677,-0.736965594166206
-0.034482758620689655,1,0.10000000000002274,1,0,0,1,0,1,0,0,0,0,0,0,1,0,0.0,1.0,0.0,0.0,0.0,0.0,0.0,0.0,0.0,0.0,0.0,0.0,0,0,0,0,0,0,1,0,0,0,0,0,0,0,1,0,0,1.0805369127516775,0.5481102662702437,0.34059565803518616,-0.7496097847521995,0.6081950804690024,0.5902452854112349,-0.32192809488736235
-0.4827586206896552,1,0.5,1,0,1,0,0,1,0,0,0,0,1,0,0,0,0.0,0.0,0.0,0.0,0.0,0.0,0.0,0.0,0.0,0.0,0.0,1.0,0,0,0,1,0,0,0,0,0,0,0,0,0,0,0,0,0,-0.05369127516778523,-0.47244899453690203,-0.15727439793140088,0.6196850107744367,0.22402635017168981,0.46159098629542217,0.26303440583379395
0.20689655172413793,0,0.8000000000000114,1,0,0,1,0,1,0,0,0,0,0,0,1,0,0.0,0.0,0.0,0.0,0.0,0.0,0.0,0.0,0.0,0.0,1.0,0.0,0,0,0,1,0,0,0,0,0,0,0,0,0,0,0,0,0,0.7651006711409396,0.019454552458953958,0.7782235437245623,1.311745441909603,-0.13529307677780772,-0.23079549314771128,0.26303440583379395
-0.41379310344827586,1,0.4000000000000057,1,0,0,1,0,1,0,0,0,0,0,0,1,0,0.0,0.0,0.0,0.0,1.0,0.0,0.0,0.0,0.0,0.0,0.0,0.0,0,0,0,0,1,0,0,0,0,1,0,0,0,0,0,0,0,0.34228187919463077,-0.5412609421707992,0.4589796145183229,0.6196850107744367,0.30770696263625097,0.6421492205550592,-0.736965594166206
0.3448275862068966,0,0.8000000000000114,1,0,0,0,1,0,1,0,0,1,0,0,0,0,0.0,0.0,0.0,1.0,0.0,0.0,0.0,0.0,0.0,0.0,0.0,0.0,1,0,0,1,0,1,0,1,0,0,0,0,0,0,0,0,0,-0.40939597315436244,0.1973644005543409,-1.1840344001258338,-0.7496097847521995,0.32111060722634305,-0.05962431082057667,0.6780719051126377
0.7241379310344828,1,0.20000000000001705,0,0,0,0,1,0,0,0,1,0,0,0,0,1,1.0,0.0,0.0,0.0,0.0,0.0,0.0,0.0,0.0,0.0,0.0,0.0,1,0,0,1,0,0,0,0,0,0,0,1,0,0,1,0,0,-0.16778523489932887,-0.5223104146734269,-0.503844700431594,0.285888863509545,-0.6735777313074641,-0.5967878560467649,-0.736965594166206
1.6206896551724137,0,0.0,0,0,0,0,1,0,0,1,0,0,0,1,0,0,0.0,0.0,0.0,0.0,0.0,0.0,0.0,0.0,0.0,0.0,0.0,1.0,0,0,0,0,0,1,1,0,0,0,1,0,0,0,0,0,0,-0.3959731543624161,0.31361685300149844,-1.1431707216866394,-1.3945587590305173,-0.44845423396059875,-0.46159098629542233,-0.736965594166206
1.7241379310344827,1,0.700000000000017,1,0,1,0,0,1,0,0,0,0,0,0,1,0,0.0,0.0,0.0,0.0,0.0,0.0,0.0,0.0,0.0,0.0,1.0,0.0,1,0,0,0,0,1,0,0,0,0,0,1,0,0,0,0,0,0.832214765100671,1.950390839312243,0.8935504718046708,0.6196850107744367,-0.11459349848569159,0.10896685056689351,-1.3219280948873624
-0.3448275862068966,0,0.20000000000001705,1,0,1,0,0,1,0,0,0,0,0,0,1,0,0.0,0.0,0.0,0.0,0.0,0.0,0.0,0.0,0.0,1.0,0.0,0.0,0,0,0,0,0,0,1,0,0,0,0,0,0,0,0,0,0,0.832214765100671,0.2695284153278356,0.04523253600333439,-1.1274121468458216,-0.5233438140443791,-0.4071075610119756,-1.3219280948873624
0.1724137931034483,0,0.5,1,0,0,1,0,1,0,0,0,0,0,0,1,0,1.0,0.0,0.0,0.0,0.0,0.0,0.0,0.0,0.0,0.0,0.0,0.0,0,0,0,1,0,1,0,0,0,0,0,0,0,0,0,0,1,0.7651006711409396,0.10878479380285462,0.5449692743003822,0.3736703603919092,-0.4843305931653706,-0.5234324523010943,1.0000000000000007
-0.6896551724137931,0,0.8000000000000114,1,0,0,1,0,1,0,0,0,0,0,0,1,0,0.0,0.0,0.0,0.0,0.0,0.0,0.0,1.0,0.0,0.0,0.0,0.0,1,0,0,0,0,1,0,0,0,1,0,0,0,0,0,0,0,0.48993288590604017,0.019454552458953958,0.11546444126591218,-0.33313313904221287,0.1019714635793437,-0.09103698790077436,0.26303440583379395
1.1724137931034482,0,0.9000000000000057,0,0,0,0,1,0,0,0,1,0,0,1,0,0,0.0,0.0,0.0,0.0,0.0,0.0,1.0,0.0,0.0,0.0,0.0,0.0,0,0,0,1,0,1,0,0,0,1,0,0,0,0,0,0,0,-0.44295302013422816,-0.255546723569747,-1.4070699871624215,-1.3945587590305173,-0.6735777313074641,-0.5967878560467649,-1.3219280948873624
1.793103448275862,1,0.8000000000000114,0,0,0,0,1,0,0,0,1,0,0,1,0,0,0.0,0.0,0.0,0.0,0.0,0.0,1.0,0.0,0.0,0.0,0.0,0.0,0,1,0,1,0,1,1,0,0,0,0,0,0,0,0,0,0,-0.3221476510067114,-0.691725734018657,-0.7530012533668862,-0.10466081047388179,-0.9320941296030667,-0.9231819725908447,-1.3219280948873624
-0.10344827586206896,1,0.30000000000001137,1,1,0,0,0,1,0,0,0,0,0,0,1,0,1.0,0.0,0.0,0.0,0.0,0.0,0.0,0.0,0.0,0.0,0.0,0.0,0,0,0,1,0,0,0,0,0,0,0,0,0,0,1,0,0,-0.05369127516778523,-0.6700433784289875,-0.45556765393220555,0.0,-0.41506133301186154,-0.2703937395026851,-1.3219280948873624
-0.4827586206896552,0,0.0,1,0,1,0,0,1,0,0,0,0,0,0,1,0,0.0,0.0,0.0,0.0,0.0,0.0,0.0,0.0,1.0,0.0,0.0,0.0,0,0,0,1,0,0,0,0,0,1,1,0,0,0,0,0,0,0.7651006711409396,-0.8418818035526819,0.5063621801845122,-0.2153165603828081,-0.5664967330375806,-0.5967878560467649,0.26303440583379395
0.13793103448275862,0,0.30000000000001137,1,0,0,1,0,1,0,0,0,0,0,0,1,0,0.0,1.0,0.0,0.0,0.0,0.0,0.0,0.0,0.0,0.0,0.0,0.0,0,0,0,0,1,0,0,0,0,0,0,1,0,0,0,0,0,1.0805369127516775,0.5521972887124381,0.9342725793878096,2.140239332693063,0.7232184860973505,0.8495918482279355,0.0
0.27586206896551724,0,0.20000000000001705,1,0,0,1,0,1,0,0,0,0,0,0,1,0,0.0,0.0,0.0,0.0,0.0,0.0,0.0,0.0,1.0,0.0,0.0,0.0,0,0,0,1,0,0,0,0,0,0,0,0,0,0,0,0,0,1.0805369127516775,0.3813114632538188,0.739176794465528,0.19466105017012347,1.0110826875205792,1.1794650380972311,0.26303440583379395
0.4827586206896552,1,0.0,1,0,0,1,0,1,0,0,0,0,0,0,1,0,0.0,0.0,0.0,0.0,0.0,0.0,1.0,0.0,0.0,0.0,0.0,0.0,0,0,0,0,0,0,1,0,0,0,0,0,0,0,1,0,0,0.0,0.5019293343248449,-0.21847653454413965,0.8447917637013288,0.8775206584661518,1.3263342348286624,-0.736965594166206
-0.27586206896551724,1,0.6000000000000227,1,0,0,1,0,1,0,0,0,0,0,0,1,0,0.0,0.0,0.0,0.0,0.0,1.0,0.0,0.0,0.0,0.0,0.0,0.0,0,0,0,0,1,1,0,0,0,1,0,0,0,0,0,0,0,0.832214765100671,0.02588138400841265,0.5475159671791112,0.0,1.387361327850755,1.3263342348286624,0.26303440583379395
0.20689655172413793,0,0.0,1,0,1,0,0,1,0,0,0,0,0,0,1,0,0.0,0.0,0.0,0.0,0.0,0.0,1.0,0.0,0.0,0.0,0.0,0.0,0,0,0,0,0,1,0,0,0,1,0,1,0,0,0,0,0,-0.19463087248322147,0.31361685300149844,-0.4196493511307441,0.5402881638044359,-0.5664967330375806,-0.46159098629542233,-0.736965594166206
-0.9310344827586207,1,0.8000000000000114,1,0,0,0,1,1,0,0,0,0,0,0,1,0,1.0,0.0,0.0,0.0,0.0,0.0,0.0,0.0,0.0,0.0,0.0,0.0,0,0,0,0,1,0,0,0,0,0,0,0,0,0,0,0,0,-0.18791946308724833,-1.5565504199007234,-0.3235668700463594,0.3736703603919092,-0.5233438140443791,-0.5234324523010943,-0.736965594166206
-0.1724137931034483,1,0.10000000000002274,1,0,0,0,1,1,0,0,0,0,0,0,1,0,0.0,0.0,0.0,0.0,0.0,0.0,0.0,0.0,1.0,0.0,0.0,0.0,0,0,0,0,0,0,0,0,0,0,0,0,0,1,0,0,0,-0.44295302013422816,-2.076484241982519,-1.4070699871624215,-2.039507733308835,-0.5233438140443791,-0.4071075610119756,0.26303440583379395
-0.6551724137931034,0,0.4000000000000057,1,0,0,1,0,1,0,0,0,0,0,0,1,0,0.0,0.0,0.0,0.0,0.0,0.0,0.0,0.0,1.0,0.0,0.0,0.0,0,0,0,0,1,0,0,0,0,1,0,0,0,0,0,0,0,-0.20134228187919465,-0.5412609421707992,-0.03580917950993587,0.6967790260802048,-0.13529307677780772,-0.12368293201134385,-0.32192809488736235
0.896551724137931,0,0.5,1,0,0,1,0,1,0,0,0,0,0,0,1,0,0.0,0.0,0.0,0.0,0.0,0.0,0.0,0.0,0.0,1.0,0.0,0.0,0,0,0,0,1,0,0,0,0,0,0,0,1,0,0,0,0,-0.026845637583892613,-0.012549272174199443,0.09241934705470987,0.7717596693105655,0.08568594826730772,0.3618329492587622,-0.32192809488736235
-0.41379310344827586,0,0.6000000000000227,1,0,0,0,1,1,0,0,0,0,0,0,1,0,0.0,0.0,0.0,0.0,0.0,0.0,0.0,0.0,0.0,1.0,0.0,0.0,0,0,0,1,0,1,0,0,1,0,0,0,0,0,0,0,0,-0.348993288590604,-0.970493704028049,-1.0338600668262725,-0.33313313904221287,-0.5664967330375806,-0.5967878560467649,0.0
0.6896551724137931,0,0.10000000000002274,0,0,0,0,1,0,0,1,0,0,0,1,0,0,0.0,0.0,0.0,0.0,1.0,0.0,0.0,0.0,0.0,0.0,0.0,0.0,0,0,0,1,0,0,0,0,0,0,0,0,0,0,0,0,0,0.22818791946308717,-0.6641288556830796,-0.40962451913166026,-1.1274121468458216,-0.2241178154456085,-0.029314871250031297,-0.736965594166206
-0.9655172413793104,0,0.5,1,0,0,1,0,1,0,0,0,0,0,0,1,0,1.0,0.0,0.0,0.0,0.0,0.0,0.0,0.0,0.0,0.0,0.0,0.0,0,0,0,0,0,0,1,0,0,0,0,0,0,0,0,0,0,-0.44295302013422816,0.3264635719911913,-1.4070699871624215,-1.1274121468458216,0.5072642600343616,0.8495918482279355,-0.736965594166206
0.6551724137931034,1,0.20000000000001705,1,0,1,0,0,1,0,0,0,0,0,0,1,0,0.0,0.0,0.0,0.0,0.0,0.0,0.0,0.0,0.0,1.0,0.0,0.0,0,0,0,0,0,1,1,0,0,0,0,1,0,0,0,0,0,0.832214765100671,1.7989693422279347,1.1495833572190248,0.3736703603919092,-0.11459349848569159,0.10896685056689351,-1.3219280948873624
-0.6896551724137931,0,0.5,1,0,0,1,0,1,0,0,0,0,0,0,1,0,0.0,0.0,0.0,0.0,0.0,0.0,1.0,0.0,0.0,0.0,0.0,0.0,1,0,0,0,0,1,0,0,0,1,1,0,0,0,0,0,0,0.34228187919463077,-0.046398477383451646,0.0,0.19466105017012347,0.37334969101394155,0.2760665882784065,1.1375035237499354
0.3103448275862069,1,0.0,1,0,0,1,0,1,0,0,0,0,0,0,1,0,0.0,0.0,0.0,0.0,1.0,0.0,0.0,0.0,0.0,0.0,0.0,0.0,1,0,0,0,0,1,0,0,0,0,0,1,0,0,0,0,0,-0.16778523489932887,1.6557442794256731,-0.2268765935301972,0.6967790260802048,0.9587903084426829,0.908700463159222,0.0
1.0344827586206897,1,0.8000000000000114,1,0,0,1,0,1,0,0,0,0,0,0,1,0,0.0,0.0,0.0,0.0,0.0,0.0,0.0,0.0,0.0,0.0,0.0,1.0,0,0,0,0,0,0,1,0,0,0,0,1,0,0,1,0,0,1.0805369127516775,0.3418396549406857,0.9888762463705331,1.776061854549955,1.1601326019669982,0.9375507803116744,0.4854268271702419
1.5172413793103448,0,0.6000000000000227,1,0,1,0,0,1,0,0,0,0,0,0,1,0,0.0,0.0,0.0,0.0,0.0,0.0,0.0,0.0,1.0,0.0,0.0,0.0,1,0,0,0,0,0,0,0,0,0,0,1,0,0,0,0,0,1.0805369127516775,1.6193718217186734,0.8344099216389661,1.6088746125432187,-0.11459349848569159,0.10896685056689351,-1.3219280948873624
-0.4482758620689655,0,0.20000000000001705,1,0,0,1,0,1,0,0,0,0,0,0,1,0,0.0,0.0,0.0,0.0,0.0,0.0,0.0,0.0,0.0,0.0,1.0,0.0,0,0,0,1,0,0,0,1,0,0,0,0,0,0,0,0,0,-0.15436241610738255,0.13947265908383377,-0.6474381501629705,-0.2153165603828081,-0.27300404985656557,-0.4071075610119756,0.26303440583379395
-0.06896551724137931,0,0.20000000000001705,1,0,0,1,0,1,0,0,0,0,0,0,1,0,0.0,0.0,0.0,1.0,0.0,0.0,0.0,0.0,0.0,0.0,0.0,0.0,0,1,0,1,0,0,0,0,0,0,0,1,0,0,0,0,0,0.06711409395973149,-0.01784020083750171,0.2827097958462844,0.6967790260802048,0.1646980600933915,0.08283225866466219,0.6780719051126377
0.034482758620689655,0,0.9000000000000057,1,0,0,1,0,1,0,0,0,0,0,0,1,0,0.0,0.0,1.0,0.0,0.0,0.0,0.0,0.0,0.0,0.0,0.0,0.0,0,0,0,0,0,0,1,0,0,0,0,0,0,0,0,0,0,-0.13422818791946312,-0.8010401320658188,-0.050397475413199555,0.6967790260802048,-0.2481240298807802,-0.12368293201134385,-0.32192809488736235
0.7241379310344828,1,0.20000000000001705,1,0,0,0,1,0,0,1,0,0,0,1,0,0,0.0,0.0,0.0,0.0,1.0,0.0,0.0,0.0,0.0,0.0,0.0,0.0,0,0,0,1,0,0,1,0,0,0,0,0,0,0,0,0,0,-0.44295302013422816,-0.69217714897612,-1.4070699871624215,-1.3945587590305173,-0.4843305931653706,-0.3578507794449409,-1.3219280948873624
1.5862068965517242,0,1.0,1,0,0,0,1,0,0,1,0,0,0,1,0,0,0.0,0.0,0.0,0.0,0.0,0.0,0.0,0.0,1.0,0.0,0.0,0.0,0,0,0,0,0,1,0,0,0,1,0,0,0,0,1,0,0,-0.44295302013422816,-0.40611811463162106,-1.4070699871624215,-2.039507733308835,-0.41506133301186154,-0.2703937395026851,-1.3219280948873624
-0.5172413793103449,1,0.20000000000001705,1,0,1,0,0,1,0,0,0,0,0,0,1,0,0.0,0.0,0.0,0.0,0.0,0.0,0.0,0.0,0.0,1.0,0.0,0.0,0,0,0,0,1,0,1,0,0,0,0,0,1,0,0,0,0,0.34228187919463077,-0.5407669817432688,0.10891587573857892,-0.10466081047388179,1.2538603679614966,1.3263342348286624,0.0
-0.7241379310344828,0,0.700000000000017,1,1,0,0,0,1,0,0,0,0,0,0,1,0,0.0,0.0,0.0,0.0,0.0,1.0,0.0,0.0,0.0,0.0,0.0,0.0,0,0,1,1,0,0,1,0,0,0,0,0,0,0,0,1,0,-0.08053691275167789,-0.5224153985620084,-0.3561959783099968,0.285888863509545,-0.6735777313074641,-0.5967878560467649,0.26303440583379395
0.5517241379310345,0,0.20000000000001705,1,0,1,0,0,1,0,0,0,0,0,0,1,0,0.0,0.0,0.0,0.0,0.0,0.0,0.0,1.0,0.0,0.0,0.0,0.0,0,0,0,1,0,0,0,0,0,0,0,0,0,0,0,0,0,-0.05369127516778523,-0.2707566927106905,-0.017789210757413302,-0.2153165603828081,0.9676056682959212,1.1794650380972311,0.0
0.1724137931034483,1,0.20000000000001705,1,0,1,0,0,1,0,0,0,0,0,0,1,0,0.0,0.0,0.0,0.0,0.0,0.0,0.0,0.0,0.0,0.0,0.0,1.0,0,0,0,1,0,0,0,1,0,0,0,0,0,0,0,0,0,0.7651006711409396,0.7230522662261236,0.5601999805832245,0.5402881638044359,1.4442889480725931,0.9375507803116744,0.8479969065549505
-0.06896551724137931,0,0.9000000000000057,1,0,0,1,0,1,0,0,0,0,0,0,1,0,0.0,0.0,0.0,0.0,0.0,0.0,0.0,0.0,1.0,0.0,0.0,0.0,0,0,0,1,0,0,1,0,0,0,0,0,0,0,0,0,0,0.7651006711409396,0.12617343740993867,0.986799136111405,0.5402881638044359,1.2153043534348196,1.0215354196458677,-0.32192809488736235
2.413793103448276,0,0.9000000000000057,1,0,0,1,0,1,0,0,0,0,0,0,1,0,0.0,0.0,0.0,0.0,0.0,1.0,0.0,0.0,0.0,0.0,0.0,0.0,0,0,0,1,0,0,0,0,1,0,0,0,0,0,0,0,0,-0.1476510067114094,0.5525735065151025,-0.20598659311440579,0.6967790260802048,-0.9320941296030667,-0.9231819725908447,-1.3219280948873624
-0.13793103448275862,0,1.0,1,0,0,1,0,1,0,0,0,0,0,0,1,0,0.0,0.0,0.0,0.0,0.0,0.0,0.0,1.0,0.0,0.0,0.0,0.0,0,0,0,0,0,0,1,0,1,0,1,0,0,0,0,0,0,0.0,-0.393109718990636,-0.20598659311440579,-0.2153165603828081,0.3604878618749464,0.29807298457586645,0.26303440583379395
-0.1724137931034483,0,0.0,1,0,1,0,0,1,0,0,0,0,1,0,0,0,0.0,0.0,0.0,0.0,0.0,0.0,0.0,0.0,0.0,1.0,0.0,0.0,0,0,0,1,0,0,0,1,0,0,0,0,0,0,0,0,0,0.2885906040268456,-0.036379936116402854,0.2738549936782156,-0.33313313904221287,0.7924253409608393,0.46159098629542217,0.26303440583379395
0.6206896551724138,0,0.4000000000000057,0,0,0,0,1,0,0,0,1,0,0,0,0,1,0.0,0.0,0.0,0.0,0.0,0.0,0.0,0.0,1.0,0.0,0.0,0.0,0,0,0,1,0,0,0,0,0,0,0,0,0,0,1,0,0,1.0805369127516775,-0.6464382508724255,0.09573313968017547,-1.3945587590305173,-0.2241178154456085,-0.1933425405422934,0.6780719051126377
-0.7586206896551724,1,0.10000000000002274,1,0,0,1,0,1,0,0,0,0,0,0,1,0,0.0,0.0,0.0,0.0,0.0,0.0,1.0,0.0,0.0,0.0,0.0,0.0,1,1,1,0,0,0,1,0,0,0,0,0,0,0,0,0,0,-0.06040268456375844,0.12242031468762062,-0.31898544108285615,0.3736703603919092,0.8402050056512901,1.0215354196458677,0.0
0.13793103448275862,0,0.9000000000000057,1,0,1,0,0,1,0,0,0,0,0,0,1,0,0.0,0.0,1.0,0.0,0.0,0.0,0.0,0.0,0.0,0.0,0.0,0.0,1,1,0,0,0,0,1,0,0,0,0,0,0,0,0,0,0,0.832214765100671,1.0596515025326156,0.8188207018071918,0.45836890322464535,0.6403997314170756,1.0215354196458677,-0.736965594166206
-0.6896551724137931,0,0.30000000000001137,1,0,0,0,1,1,0,0,0,0,0,0,1,0,0.0,0.0,0.0,0.0,0.0,0.0,1.0,0.0,0.0,0.0,0.0,0.0,0,0,0,1,0,0,0,0,0,0,0,0,0,0,0,0,0,0.2885906040268456,-1.089622146237879,0.46164349824667555,0.45836890322464535,-0.6735777313074641,-0.5967878560467649,-0.736965594166206
-1.4137931034482758,0,0.10000000000002274,1,0,1,0,0,0,1,0,0,1,0,0,0,0,0.0,0.0,0.0,0.0,0.0,0.0,0.0,0.0,1.0,0.0,0.0,0.0,0,0,1,1,0,0,1,0,0,0,0,0,0,0,0,0,0,-0.3422818791946308,-0.31510048308896654,-0.7088581595408886,-0.45971183619556405,0.01775576934642723,0.0,1.0000000000000007
0.6206896551724138,0,0.8000000000000114,0,0,0,0,1,0,0,0,1,0,0,0,0,1,0.0,0.0,0.0,0.0,0.0,0.0,0.0,1.0,0.0,0.0,0.0,0.0,1,0,0,1,0,0,0,0,0,0,0,1,0,0,0,0,0,0.48993288590604017,0.019454552458953958,0.12847779269250603,-0.2153165603828081,-0.11459349848569159,-0.05962431082057667,0.4854268271702419
-0.3103448275862069,0,0.10000000000002274,1,0,1,0,0,0,1,0,0,1,0,0,0,0,0.0,0.0,0.0,1.0,0.0,0.0,0.0,0.0,0.0,0.0,0.0,0.0,0,0,0,1,0,0,0,0,0,0,0,0,0,0,0,0,0,-0.40939597315436244,-0.8301959130499689,-1.124949805439085,-0.9224233415693557,0.23838864594233974,0.23079549314771114,0.0
0.41379310344827586,0,0.4000000000000057,0,0,0,0,1,0,0,0,1,0,0,0,0,1,1.0,0.0,0.0,0.0,0.0,0.0,0.0,0.0,0.0,0.0,0.0,0.0,0,0,0,1,0,0,0,1,0,0,0,0,0,0,0,0,0,-0.35570469798657717,-0.3434916879383308,-0.9499830512782597,-0.7496097847521995,-0.018100638189351426,-0.1933425405422934,0.6780719051126377
0.3448275862068966,0,0.30000000000001137,1,0,0,0,1,1,0,0,0,0,0,0,1,0,0.0,0.0,0.0,0.0,0.0,0.0,0.0,0.0,1.0,0.0,0.0,0.0,0,1,0,0,1,1,0,0,0,0,0,0,0,0,0,0,0,0.34228187919463077,-0.45981409115509536,1.0785513108487208,1.8301861123610714,0.03518566168186925,-0.09103698790077436,0.4854268271702419
0.27586206896551724,1,0.6000000000000227,1,0,0,1,0,1,0,0,0,0,0,0,1,0,0.0,0.0,0.0,1.0,0.0,0.0,0.0,0.0,0.0,0.0,0.0,0.0,0,0,0,1,0,0,0,0,0,1,1,0,0,0,0,0,0,-0.03355704697986583,0.5016520785262789,0.6970435327179139,0.9855710999281423,-0.20089933647209446,-0.12368293201134385,-0.736965594166206
0.5517241379310345,1,0.10000000000002274,1,1,0,0,0,1,0,0,0,0,0,0,1,0,0.0,0.0,0.0,0.0,0.0,0.0,0.0,0.0,0.0,0.0,0.0,1.0,0,0,0,1,0,0,0,1,0,0,0,0,0,0,0,0,0,0.22818791946308717,0.28220010263027784,0.19506466734492314,0.8447917637013288,-0.05542236995815684,-0.157719918514846,-0.32192809488736235
-0.06896551724137931,1,0.10000000000002274,1,1,0,0,0,1,0,0,0,0,0,0,1,0,0.0,0.0,1.0,0.0,0.0,0.0,0.0,0.0,0.0,0.0,0.0,0.0,0,0,0,1,0,0,0,0,0,0,0,0,0,0,0,1,0,1.0805369127516775,0.027807420592659594,1.0361624557644942,0.285888863509545,0.7232184860973505,1.0215354196458677,0.26303440583379395
0.27586206896551724,0,0.9000000000000057,1,0,0,1,0,1,0,0,0,0,0,0,1,0,0.0,0.0,0.0,1.0,0.0,0.0,0.0,0.0,0.0,0.0,0.0,0.0,0,0,0,0,1,0,0,0,0,0,0,0,0,0,0,0,0,-0.13422818791946312,0.23127110595816858,0.11219368683648043,0.6196850107744367,-0.018100638189351426,0.0560003770413949,-0.736965594166206
0.20689655172413793,0,0.4000000000000057,0,0,0,0,1,0,1,0,0,1,0,0,0,0,0.0,0.0,0.0,0.0,0.0,0.0,0.0,0.0,0.0,0.0,0.0,1.0,0,0,0,1,0,0,0,0,0,0,1,0,0,0,0,0,0,-0.44295302013422816,-0.5412609421707992,-1.4070699871624215,-2.039507733308835,0.20948337528249636,0.0,0.26303440583379395
-0.5862068965517241,0,0.30000000000001137,1,0,0,1,0,1,0,0,0,0,0,0,1,0,0.0,0.0,0.0,0.0,0.0,0.0,0.0,1.0,0.0,0.0,0.0,0.0,0,0,0,0,0,1,0,0,0,1,0,0,0,0,0,0,0,-0.20805369127516776,0.4642199357324869,-0.36570634594593276,0.19466105017012347,0.37334969101394155,0.23079549314771114,0.6780719051126377
1.6896551724137931,1,0.9000000000000057,1,1,0,0,0,1,0,0,0,0,0,0,1,0,0.0,0.0,0.0,0.0,0.0,0.0,0.0,0.0,0.0,1.0,0.0,0.0,0,1,0,1,0,0,0,0,0,0,0,0,0,0,1,0,0,1.0805369127516775,1.3996567521893382,0.9971667425396591,1.5514161815217586,0.9676056682959212,1.3263342348286624,-0.736965594166206
-0.41379310344827586,0,0.8000000000000114,1,1,0,0,0,1,0,0,0,0,0,0,1,0,0.0,0.0,0.0,0.0,0.0,0.0,1.0,0.0,0.0,0.0,0.0,0.0,0,0,1,0,0,1,1,0,0,0,0,1,0,0,0,0,0,0.48993288590604017,0.8601338053651031,0.7713837975862122,0.6196850107744367,0.7029071326316836,0.8495918482279355,0.26303440583379395
-0.20689655172413793,1,0.4000000000000057,1,0,1,0,0,1,0,0,0,0,0,0,1,0,0.0,0.0,0.0,1.0,0.0,0.0,0.0,0.0,0.0,0.0,0.0,0.0,0,0,0,1,0,0,0,0,0,0,0,0,0,0,1,0,0,1.0805369127516775,-0.07560779676944467,0.4185549734137093,-0.2153165603828081,0.13379628652394845,0.08283225866466219,0.4854268271702419
1.3793103448275863,0,0.5,1,0,1,0,0,1,0,0,0,0,0,0,1,0,0.0,0.0,0.0,0.0,0.0,0.0,0.0,0.0,0.0,0.0,0.0,1.0,1,1,0,0,0,1,0,0,0,0,0,0,0,0,0,0,0,0.2885906040268456,1.8491940383706194,0.3320356115730654,-0.45971183619556405,0.7532265959499521,0.908700463159222,0.0
0.5862068965517241,0,0.10000000000002274,1,0,0,1,0,1,0,0,0,0,0,0,1,0,0.0,0.0,0.0,0.0,0.0,0.0,0.0,0.0,1.0,0.0,0.0,0.0,0,0,0,0,0,1,0,0,0,0,0,0,0,0,0,0,1,0.7651006711409396,0.5826406624138034,0.16687241318798832,0.5402881638044359,-0.3836980347548376,-0.31255449400748914,0.4854268271702419
-0.10344827586206896,1,0.9000000000000057,1,0,0,0,1,1,0,0,0,0,0,0,1,0,1.0,0.0,0.0,0.0,0.0,0.0,0.0,0.0,0.0,0.0,0.0,0.0,1,0,0,0,0,1,1,0,0,0,0,0,0,0,0,0,0,-0.19463087248322147,-1.5002252645317282,-0.7088581595408886,-0.33313313904221287,-0.9320941296030667,-0.9231819725908447,-1.3219280948873624
-0.5517241379310345,0,1.0,1,0,0,1,0,1,0,0,0,0,0,0,1,0,0.0,0.0,1.0,0.0,0.0,0.0,0.0,0.0,0.0,0.0,0.0,0.0,0,0,0,0,1,0,0,0,0,1,0,0,0,0,0,0,0,-0.03355704697986583,-0.009913921746310927,-0.18953262924451938,0.45836890322464535,-0.17839578835790348,-0.4071075610119756,1.485426827170242
0.3793103448275862,0,0.0,1,0,0,0,1,0,0,0,1,0,0,0,0,1,0.0,0.0,0.0,0.0,0.0,0.0,0.0,0.0,1.0,0.0,0.0,0.0,0,1,0,1,0,0,0,0,0,0,0,0,0,0,0,0,0,-0.3624161073825503,-1.0518651666349006,-0.8887821186398424,-0.5973579848037531,-0.27300404985656557,-0.46159098629542233,1.3785116232537302
0.896551724137931,0,0.0,1,0,0,1,0,1,0,0,0,0,0,0,1,0,0.0,0.0,0.0,0.0,0.0,0.0,0.0,0.0,1.0,0.0,0.0,0.0,0,0,0,1,0,0,0,0,0,0,0,0,0,0,0,0,1,1.0805369127516775,-0.4355496436144833,0.21051473218248032,0.19466105017012347,-0.03656705672767457,0.0560003770413949,0.4854268271702419
-0.06896551724137931,0,0.20000000000001705,1,0,1,0,0,1,0,0,0,0,0,0,1,0,0.0,0.0,0.0,0.0,0.0,0.0,0.0,0.0,1.0,0.0,0.0,0.0,0,0,0,1,1,0,0,0,0,1,0,0,0,0,0,0,0,-0.03355704697986583,0.11058886815582408,-0.2567597576788753,-0.10466081047388179,0.8307526761998298,1.0215354196458677,0.26303440583379395
0.2413793103448276,1,0.0,1,0,0,1,0,1,0,0,0,0,0,0,1,0,0.0,0.0,0.0,0.0,0.0,0.0,0.0,0.0,0.0,0.0,1.0,0.0,0,0,0,1,0,0,0,0,0,0,0,0,0,0,1,0,0,1.0805369127516775,-0.1238678661445974,1.066514333095307,1.1852371380827535,0.3987004815127367,0.46159098629542217,0.0
-0.7241379310344828,1,0.10000000000002274,1,0,1,0,0,1,0,0,0,0,0,0,0,1,0.0,0.0,0.0,0.0,1.0,0.0,0.0,0.0,0.0,0.0,0.0,0.0,0,0,0,1,0,0,1,0,0,0,0,0,0,0,1,0,0,1.0805369127516775,-0.7092081119795036,0.2973655757585426,-0.9224233415693557,-0.018100638189351426,0.23079549314771114,0.26303440583379395
0.034482758620689655,1,0.10000000000002274,0,0,0,0,1,0,0,0,1,0,0,0,0,1,0.0,1.0,0.0,0.0,0.0,0.0,0.0,0.0,0.0,0.0,0.0,0.0,0,0,0,1,0,1,0,0,0,0,0,1,0,0,0,0,0,-0.38926174496644295,-0.8622514302769168,-0.800347595267093,0.3736703603919092,-0.20089933647209446,-0.1933425405422934,0.0
-0.10344827586206896,0,0.10000000000002274,1,0,0,1,0,1,0,0,0,0,1,0,0,0,0.0,0.0,0.0,0.0,1.0,0.0,0.0,0.0,0.0,0.0,0.0,0.0,0,0,0,0,0,0,0,0,0,1,0,0,0,0,0,0,0,1.0805369127516775,-0.603450510057012,0.42127775637422593,-0.9224233415693557,0.5416760920058672,0.46159098629542217,0.26303440583379395
-0.034482758620689655,1,0.30000000000001137,1,1,0,0,0,1,0,0,0,0,0,0,1,0,0.0,1.0,0.0,0.0,0.0,0.0,0.0,0.0,0.0,0.0,0.0,0.0,0,0,0,1,0,0,0,0,0,0,0,0,0,1,0,0,0,0.7651006711409396,-0.3942931959653598,0.46164349824667555,0.285888863509545,-0.2481240298807802,-0.2703937395026851,0.26303440583379395
0.8275862068965517,0,0.30000000000001137,1,0,1,0,0,1,0,0,0,0,0,0,1,0,0.0,0.0,0.0,0.0,1.0,0.0,0.0,0.0,0.0,0.0,0.0,0.0,1,0,0,0,0,1,0,0,0,0,0,1,0,0,0,0,0,-0.2953020134228188,2.1094397111659755,-0.6029037418487937,-0.5973579848037531,-0.44845423396059875,-0.31255449400748914,-1.3219280948873624
0.5172413793103449,1,0.0,1,0,1,0,0,1,0,0,0,0,0,0,1,0,0.0,0.0,0.0,0.0,0.0,1.0,0.0,0.0,0.0,0.0,0.0,0.0,0,0,0,0,0,1,0,0,0,1,0,1,0,0,0,0,0,0.832214765100671,1.6868842409607088,1.0300467204081805,0.285888863509545,0.6081950804690024,0.8495918482279355,-0.736965594166206
0.3103448275862069,0,0.10000000000002274,1,0,0,1,0,0,1,0,0,1,0,0,0,0,0.0,0.0,0.0,0.0,0.0,0.0,0.0,0.0,0.0,1.0,0.0,0.0,0,0,0,1,0,0,0,0,0,0,0,0,0,0,1,0,0,1.0805369127516775,-0.1969106956270826,0.5601999805832245,-0.7496097847521995,0.1646980600933915,0.0560003770413949,0.0
-0.41379310344827586,0,0.6000000000000227,1,0,0,1,0,1,0,0,0,0,0,0,1,0,0.0,0.0,0.0,0.0,0.0,0.0,0.0,0.0,0.0,1.0,0.0,0.0,0,0,0,1,1,0,0,0,0,0,0,0,1,0,0,0,0,-0.28187919463087246,-0.004669949723238646,-0.48207711310457796,0.285888863509545,0.8212493896867531,0.9375507803116744,0.26303440583379395
0.5517241379310345,0,0.10000000000002274,1,0,1,0,0,1,0,0,0,0,0,0,1,0,0.0,0.0,0.0,0.0,0.0,0.0,0.0,0.0,0.0,0.0,1.0,0.0,0,0,0,1,0,0,1,0,0,0,0,0,0,0,1,0,0,-0.4161073825503355,0.28220010263027784,-1.124949805439085,-0.7496097847521995,0.2804552591354187,0.2760665882784065,1.1375035237499354
1.3793103448275863,0,0.700000000000017,1,0,1,0,0,1,0,0,0,0,0,0,1,0,0.0,0.0,0.0,0.0,0.0,0.0,0.0,0.0,0.0,0.0,1.0,0.0,0,0,0,1,0,0,0,0,0,0,0,0,0,0,0,0,0,-0.13422818791946312,0.4516059498448301,0.567771284900933,0.9160197607056829,-0.20089933647209446,0.0,-0.736965594166206
0.6551724137931034,0,0.6000000000000227,1,0,0,1,0,0,0,0,1,0,0,0,0,1,0.0,0.0,0.0,0.0,0.0,0.0,0.0,0.0,0.0,0.0,1.0,0.0,0,0,0,1,0,0,0,0,0,0,0,0,0,0,0,0,0,-0.09395973154362419,-0.1404607962459992,-0.10656020831349756,0.0,-0.5233438140443791,-0.4071075610119756,-1.3219280948873624
1.3103448275862069,1,0.30000000000001137,1,0,1,0,0,1,0,0,0,0,0,0,1,0,0.0,0.0,0.0,1.0,0.0,0.0,0.0,0.0,0.0,0.0,0.0,0.0,1,0,0,0,0,1,0,0,0,0,0,1,0,0,0,0,0,0.395973154362416,2.3070272788424795,0.4959346792980101,0.285888863509545,-0.11459349848569159,0.10896685056689351,-1.3219280948873624
0.10344827586206896,1,1.0,1,0,1,0,0,1,0,0,0,0,0,0,1,0,0.0,0.0,0.0,0.0,0.0,0.0,0.0,0.0,0.0,0.0,1.0,0.0,0,0,0,1,0,0,1,0,0,0,0,0,0,0,1,0,0,-0.3221476510067114,-0.2637806814534335,-0.3098799723285842,0.5402881638044359,0.22402635017168981,0.44222257845083546,-0.736965594166206
-0.6206896551724138,1,0.9000000000000057,1,0,0,0,1,1,0,0,0,0,1,0,0,0,0.0,0.0,1.0,0.0,0.0,0.0,0.0,0.0,0.0,0.0,0.0,0.0,0,0,0,0,1,0,0,0,0,1,0,0,0,0,0,0,0,0.832214765100671,-1.3185196365118685,0.876187050335185,0.5402881638044359,-0.5233438140443791,-0.5234324523010943,-0.736965594166206
1.6551724137931034,1,0.0,1,0,0,0,1,0,0,0,1,0,0,1,0,0,0.0,0.0,0.0,0.0,0.0,0.0,1.0,0.0,0.0,0.0,0.0,0.0,0,0,0,1,0,1,0,0,0,0,0,0,0,0,0,0,0,-0.40939597315436244,0.2929454545462011,-1.1840344001258338,-0.7496097847521995,-0.9320941296030667,-0.9231819725908447,-1.3219280948873624
1.6551724137931034,1,0.700000000000017,1,0,1,0,0,1,0,0,0,0,0,0,1,0,0.0,0.0,0.0,0.0,0.0,1.0,0.0,0.0,0.0,0.0,0.0,0.0,0,0,0,1,0,0,0,1,0,0,0,0,0,1,0,0,0,0.22818791946308717,0.9864184777637841,-0.14539017884647368,0.09954602329692071,0.5188255573243372,0.908700463159222,-0.32192809488736235
-0.2413793103448276,0,0.9000000000000057,1,0,1,0,0,1,0,0,0,0,0,0,1,0,0.0,0.0,0.0,0.0,0.0,0.0,0.0,0.0,0.0,1.0,0.0,0.0,0,0,0,1,0,0,0,0,0,0,0,0,0,0,0,0,0,-0.2550335570469799,0.40716017904373014,-0.5666074967421029,-0.5973579848037531,-0.2481240298807802,-0.12368293201134385,-0.736965594166206
-0.20689655172413793,0,1.0,1,0,0,1,0,1,0,0,0,0,0,0,1,0,0.0,0.0,0.0,0.0,0.0,0.0,0.0,1.0,0.0,0.0,0.0,0.0,0,0,0,0,0,1,1,0,0,0,0,1,0,0,0,0,0,-0.30201342281879195,0.6593816652420126,-0.9499830512782597,-1.3945587590305173,0.05230698717915964,-0.029314871250031297,0.0
0.1724137931034483,1,0.4000000000000057,1,0,0,1,0,1,0,0,0,0,0,0,1,0,0.0,0.0,1.0,0.0,0.0,0.0,0.0,0.0,0.0,0.0,0.0,0.0,0,0,0,0,1,0,0,0,0,0,0,0,1,0,0,0,0,0.34228187919463077,0.11575675093546399,0.36040788532216145,0.45836890322464535,1.5067446942448786,1.3263342348286624,0.6780719051126377
1.4137931034482758,0,0.30000000000001137,1,0,0,1,0,1,0,0,0,0,0,0,0,1,0.0,0.0,0.0,0.0,0.0,0.0,0.0,0.0,0.0,1.0,0.0,0.0,0,0,0,1,1,0,0,0,0,1,1,0,0,0,0,0,0,-0.09395973154362419,-0.24219672897934122,0.10233889954846202,0.6967790260802048,0.37334969101394155,0.319689794753462,0.8479969065549505
0.8275862068965517,1,0.5,0,0,0,0,1,0,0,1,0,0,0,1,0,0,1.0,0.0,0.0,0.0,0.0,0.0,0.0,0.0,0.0,0.0,0.0,0.0,0,0,0,1,0,1,0,1,0,0,0,0,0,0,0,0,0,-0.44295302013422816,0.0018430332904052096,-1.4070699871624215,-2.039507733308835,0.0,-0.029314871250031297,-0.32192809488736235
-0.1724137931034483,0,0.20000000000001705,1,0,0,1,0,1,0,0,0,0,0,0,1,0,0.0,0.0,0.0,0.0,0.0,0.0,0.0,0.0,0.0,1.0,0.0,0.0,1,0,0,0,0,1,0,0,0,0,0,1,0,0,0,0,0,0.832214765100671,-0.053915063830096296,0.4854497253115003,0.285888863509545,0.4956093444158855,0.2760665882784065,1.7655347463629776
1.0689655172413792,1,0.0,1,0,1,0,0,1,0,0,0,0,0,0,1,0,0.0,0.0,0.0,0.0,0.0,0.0,0.0,0.0,0.0,1.0,0.0,0.0,0,0,0,1,0,0,0,0,0,1,0,0,0,0,0,0,0,0.7651006711409396,0.5911867821606773,0.2768117681372333,0.09954602329692071,1.372909751288371,0.9375507803116744,0.8479969065549505
1.0689655172413792,0,0.9000000000000057,0,0,0,0,1,0,0,1,0,0,0,1,0,0,0.0,0.0,0.0,0.0,0.0,0.0,1.0,0.0,0.0,0.0,0.0,0.0,0,0,0,1,0,0,1,0,0,0,0,0,0,0,1,0,0,-0.3288590604026846,-0.3534052315715508,-0.7017695328540805,0.0,-0.44845423396059875,-0.31255449400748914,-0.32192809488736235
0.8620689655172413,1,0.30000000000001137,1,0,0,1,0,0,0,0,1,0,0,0,0,1,0.0,0.0,0.0,0.0,0.0,0.0,0.0,0.0,1.0,0.0,0.0,0.0,0,0,0,0,0,1,0,1,0,0,0,0,0,0,0,0,1,-0.44295302013422816,-0.0924389694426264,-1.4070699871624215,-0.10466081047388179,-0.9320941296030667,-0.9231819725908447,-0.32192809488736235
0.034482758620689655,1,0.700000000000017,1,0,1,0,0,1,0,0,0,0,0,0,1,0,0.0,0.0,1.0,0.0,0.0,0.0,0.0,0.0,0.0,0.0,0.0,0.0,1,0,0,0,0,1,1,0,0,0,0,0,0,0,0,0,0,0.48993288590604017,0.8803814988586701,0.010566381101355372,0.0,-0.6154774966199021,-0.5234324523010943,-0.32192809488736235
0.7241379310344828,0,0.0,1,0,0,1,0,1,0,0,0,0,1,0,0,0,0.0,0.0,0.0,0.0,0.0,0.0,0.0,0.0,1.0,0.0,0.0,0.0,0,0,0,0,0,0,0,0,0,1,1,0,0,0,0,0,0,0.7651006711409396,0.28979879702107436,0.575313672398881,-0.2153165603828081,0.4111964797100215,0.1344558448132036,0.0
0.20689655172413793,0,0.20000000000001705,0,0,0,0,1,0,1,0,0,1,0,0,0,0,0.0,0.0,0.0,0.0,0.0,0.0,0.0,0.0,0.0,1.0,0.0,0.0,0,0,0,0,0,0,1,0,0,0,0,0,0,0,0,0,0,-0.28187919463087246,0.05558840175375555,-0.7606514432514785,-0.45971183619556405,-0.325819435233824,-0.157719918514846,-0.736965594166206
0.10344827586206896,0,0.30000000000001137,1,0,0,1,0,1,0,0,0,0,0,0,1,0,0.0,0.0,0.0,1.0,0.0,0.0,0.0,0.0,0.0,0.0,0.0,0.0,0,0,0,1,0,0,0,0,0,0,0,0,0,0,1,0,0,-0.06040268456375844,-0.45981409115509536,-0.503844700431594,-0.33313313904221287,0.6403997314170754,0.46159098629542217,0.26303440583379395
0.7586206896551724,0,0.8000000000000114,0,0,0,0,1,0,0,1,0,0,0,1,0,0,0.0,0.0,0.0,0.0,0.0,0.0,0.0,0.0,0.0,1.0,0.0,0.0,0,0,0,0,0,1,0,0,0,1,0,0,0,0,0,0,0,-0.16778523489932887,0.07122414763982024,-0.6409175856128919,-0.9224233415693557,-0.6735777313074641,-0.5967878560467649,-0.736965594166206
-0.10344827586206896,0,0.6000000000000227,1,0,1,0,0,1,0,0,0,0,0,0,1,0,1.0,0.0,0.0,0.0,0.0,0.0,0.0,0.0,0.0,0.0,0.0,0.0,0,0,0,1,0,1,0,0,0,1,0,0,0,0,0,0,0,0.34228187919463077,0.16196543551960343,-0.05406912629093195,-0.10466081047388179,0.03518566168186925,0.08283225866466219,0.26303440583379395
0.5172413793103449,0,0.6000000000000227,1,0,0,1,0,1,0,0,0,0,0,0,1,0,0.0,1.0,0.0,0.0,0.0,0.0,0.0,0.0,0.0,0.0,0.0,0.0,0,0,0,1,0,0,0,1,0,0,0,0,0,0,0,0,0,0.7651006711409396,0.2332235745607363,0.39110040256962186,0.19466105017012347,0.42357730004446903,0.29807298457586645,0.0
-0.034482758620689655,0,0.10000000000002274,1,0,1,0,0,1,0,0,0,0,0,0,1,0,0.0,0.0,0.0,0.0,0.0,1.0,0.0,0.0,0.0,0.0,0.0,0.0,0,0,0,1,0,0,0,0,1,0,0,0,0,0,0,0,0,0.34228187919463077,-0.21112416233756554,-0.3281677533231954,-1.3945587590305173,-0.2988608636367374,-0.23079549314771128,0.8479969065549505
0.7931034482758621,0,0.700000000000017,1,0,0,1,0,1,0,0,0,0,0,0,1,0,0.0,0.0,0.0,0.0,0.0,0.0,0.0,0.0,1.0,0.0,0.0,0.0,0,0,0,1,0,0,1,0,0,0,0,0,1,0,0,0,0,0.7651006711409396,0.9395801657558868,0.6492165230798144,1.1200840609177067,-0.09440525778300253,-0.05962431082057667,0.26303440583379395
1.6206896551724137,0,0.700000000000017,1,0,0,1,0,1,0,0,0,0,0,0,1,0,0.0,0.0,0.0,0.0,0.0,0.0,0.0,0.0,0.0,1.0,0.0,0.0,0,0,0,1,0,0,0,0,0,0,0,0,0,1,0,0,0,0.06711409395973149,0.36693119056493606,0.19195674074315602,0.7717596693105655,-0.018100638189351426,0.23079549314771114,-0.32192809488736235
1.0344827586206897,0,0.4000000000000057,1,0,1,0,0,1,0,0,0,0,0,0,1,0,0.0,0.0,0.0,0.0,0.0,0.0,0.0,0.0,0.0,0.0,0.0,1.0,1,0,0,0,0,1,0,0,0,0,0,1,0,0,0,0,0,-0.36912751677852346,2.8629781611677494,-1.0762547505325748,-1.3945587590305173,-0.2988608636367374,-0.31255449400748914,-0.736965594166206
1.5862068965517242,1,0.30000000000001137,1,0,0,0,1,0,0,1,0,0,0,1,0,0,0.0,1.0,0.0,0.0,0.0,0.0,0.0,0.0,0.0,0.0,0.0,0.0,0,0,0,1,0,0,0,0,0,1,1,0,0,0,0,0,0,-0.44295302013422816,-0.2742662233382028,-1.4070699871624215,-2.039507733308835,-0.11459349848569159,-0.05962431082057667,0.0
-0.8275862068965517,0,0.700000000000017,1,1,0,0,0,1,0,0,0,0,0,0,1,0,1.0,0.0,0.0,0.0,0.0,0.0,0.0,0.0,0.0,0.0,0.0,0.0,1,1,1,0,0,0,1,0,0,0,0,0,0,0,0,1,0,0.48993288590604017,0.890491972393633,0.3434397049046979,-0.45971183619556405,0.8775206584661518,1.0215354196458677,0.0
-0.06896551724137931,0,0.0,1,0,0,1,0,1,0,0,0,0,0,0,0,1,0.0,0.0,0.0,0.0,0.0,0.0,0.0,0.0,0.0,1.0,0.0,0.0,0,0,0,1,0,0,0,0,0,0,0,0,0,0,0,0,0,0.06711409395973149,-0.15872593188220355,0.1317139349118729,0.285888863509545,0.22402635017168981,0.23079549314771114,0.8479969065549505
1.9310344827586208,1,0.9000000000000057,0,0,0,0,1,0,0,0,1,0,0,1,0,0,0.0,0.0,0.0,0.0,0.0,0.0,0.0,0.0,0.0,1.0,0.0,0.0,1,0,0,1,0,1,0,0,0,0,0,0,0,0,0,0,1,1.0805369127516775,-0.15400102488843226,0.8978708896176875,0.3736703603919092,-0.4843305931653706,-0.46159098629542233,-0.736965594166206
-0.20689655172413793,0,0.8000000000000114,1,1,0,0,0,0,1,0,0,1,0,0,0,0,0.0,0.0,0.0,0.0,0.0,0.0,1.0,0.0,0.0,0.0,0.0,0.0,0,1,1,0,0,1,0,0,0,0,0,0,0,0,1,1,0,-0.04026845637583896,0.9641219217959026,-0.23533687030549674,-0.5973579848037531,-0.5664967330375806,-0.5967878560467649,0.26303440583379395
2.3448275862068964,1,0.6000000000000227,1,0,0,0,1,0,0,0,1,0,0,0,0,1,0.0,0.0,0.0,0.0,0.0,0.0,0.0,1.0,0.0,0.0,0.0,0.0,0,0,0,1,0,0,0,0,0,0,0,0,0,0,0,0,0,-0.19463087248322147,-1.011152153512435,-0.13752916940740764,0.8447917637013288,-0.9320941296030667,-0.9231819725908447,1.0000000000000007
-0.20689655172413793,0,0.30000000000001137,1,0,1,0,0,1,0,0,0,0,0,0,1,0,0.0,0.0,0.0,0.0,1.0,0.0,0.0,0.0,0.0,0.0,0.0,0.0,0,0,0,0,0,0,1,0,0,0,0,0,0,0,0,0,0,-0.35570469798657717,0.366243344965992,-0.9958126851139742,-0.9224233415693557,0.294156817072996,0.5902452854112349,-0.736965594166206
3.2758620689655173,0,0.8000000000000114,1,0,0,1,0,1,0,0,0,0,0,0,1,0,0.0,0.0,0.0,0.0,0.0,0.0,0.0,0.0,0.0,1.0,0.0,0.0,0,0,0,1,0,0,0,1,0,0,1,0,0,0,0,0,0,1.0805369127516775,1.6903399094949538,1.243208503782905,1.5514161815217586,-0.17839578835790348,-0.4071075610119756,0.0
-0.034482758620689655,1,0.9000000000000057,1,0,1,0,0,1,0,0,0,0,0,0,1,0,0.0,0.0,0.0,0.0,0.0,0.0,0.0,0.0,0.0,1.0,0.0,0.0,1,0,0,0,0,1,0,0,0,0,0,1,0,0,0,0,0,0.832214765100671,1.2082820507673144,1.0845479933830413,-0.10466081047388179,0.8867299535046614,1.0215354196458677,0.26303440583379395
0.10344827586206896,0,1.0,1,0,0,1,0,1,0,0,0,0,0,0,1,0,0.0,0.0,1.0,0.0,0.0,0.0,0.0,0.0,0.0,0.0,0.0,0.0,0,0,0,1,0,0,0,0,0,1,0,1,0,0,0,0,0,-0.16778523489932887,-0.4434338953866111,-0.6741002542843467,-0.2153165603828081,-0.20089933647209446,-0.3578507794449409,0.4854268271702419
-0.6551724137931034,0,0.10000000000002274,0,0,0,0,1,0,0,0,1,0,0,0,0,1,0.0,0.0,0.0,0.0,0.0,0.0,0.0,0.0,1.0,0.0,0.0,0.0,0,0,0,0,0,0,0,0,0,1,0,0,0,0,0,0,0,-0.046979865771812096,-0.999562095675927,-0.3704942501172635,0.285888863509545,-0.9320941296030667,-0.9231819725908447,-1.3219280948873624
0.3448275862068966,0,0.700000000000017,0,0,0,0,1,0,0,1,0,0,0,1,0,0,0.0,0.0,0.0,1.0,0.0,0.0,0.0,0.0,0.0,0.0,0.0,0.0,0,0,0,0,0,1,0,0,0,1,0,1,0,0,0,0,0,-0.3221476510067114,-0.32229643200453095,-0.4660818145966645,0.7717596693105655,-0.5664967330375806,-0.5967878560467649,-0.32192809488736235
0.20689655172413793,1,0.700000000000017,1,0,0,1,0,1,0,0,0,0,0,0,1,0,0.0,0.0,0.0,0.0,0.0,0.0,0.0,0.0,0.0,0.0,0.0,1.0,0,0,0,1,0,0,0,0,0,0,0,0,0,0,0,0,0,-0.05369127516778523,-0.7777808793069194,0.08576969418217374,1.5514161815217586,0.22402635017168981,0.44222257845083546,-0.736965594166206
-0.41379310344827586,0,0.6000000000000227,1,0,0,1,0,1,0,0,0,0,0,0,1,0,0.0,0.0,0.0,0.0,0.0,0.0,0.0,0.0,0.0,0.0,0.0,1.0,0,0,0,0,0,1,0,0,0,1,1,0,0,0,0,0,0,-0.44295302013422816,0.08335379115453657,-1.4070699871624215,-2.039507733308835,-0.09440525778300253,-0.157719918514846,-0.32192809488736235
-0.20689655172413793,0,0.30000000000001137,1,0,0,0,1,1,0,0,0,0,0,0,0,1,0.0,0.0,0.0,0.0,0.0,0.0,0.0,1.0,0.0,0.0,0.0,0.0,0,0,0,1,1,0,0,0,0,0,0,0,1,0,0,0,0,0.34228187919463077,-0.948250987666285,0.30609886382704155,0.3736703603919092,-0.6735777313074641,-0.5967878560467649,-0.736965594166206
0.10344827586206896,0,0.30000000000001137,1,0,0,1,0,1,0,0,0,0,0,0,1,0,0.0,0.0,0.0,0.0,0.0,0.0,0.0,0.0,1.0,0.0,0.0,0.0,0,0,0,1,0,0,0,0,0,0,0,0,0,1,0,0,0,-0.21476510067114096,-0.3942931959653598,-0.6280401728202402,-0.5973579848037531,-0.2241178154456085,-0.23079549314771128,0.0
-0.2413793103448276,0,0.9000000000000057,1,1,0,0,0,1,0,0,0,0,0,0,1,0,0.0,0.0,0.0,0.0,0.0,0.0,0.0,0.0,1.0,0.0,0.0,0.0,1,0,1,0,0,0,0,0,0,0,0,1,0,0,0,1,0,0.48993288590604017,0.838482702118885,0.29151843824139073,-0.2153165603828081,0.1493575536843959,-0.09103698790077436,0.4854268271702419
0.3103448275862069,0,0.10000000000002274,1,0,0,1,0,1,0,0,0,0,0,0,1,0,0.0,0.0,0.0,0.0,0.0,0.0,0.0,0.0,1.0,0.0,0.0,0.0,0,0,0,1,0,0,0,0,0,0,0,0,0,0,0,0,0,0.7651006711409396,-0.2874231425856383,0.40213222623908046,-0.33313313904221287,1.078691551507107,0.9375507803116744,1.5849625007211565
-0.41379310344827586,1,0.9000000000000057,0,0,0,0,1,0,1,0,0,1,0,0,0,0,0.0,0.0,0.0,1.0,0.0,0.0,0.0,0.0,0.0,0.0,0.0,0.0,0,0,0,0,0,0,1,0,0,0,0,0,0,0,0,1,0,-0.0738255033557047,-0.5244188184459729,-0.5607094419924123,-0.2153165603828081,-0.2241178154456085,-0.23079549314771128,0.8479969065549505
-0.7586206896551724,0,0.20000000000001705,1,0,0,1,0,1,0,0,0,0,0,0,1,0,0.0,0.0,1.0,0.0,0.0,0.0,0.0,0.0,0.0,0.0,0.0,0.0,0,0,0,0,1,0,0,0,0,1,0,0,0,0,0,0,0,0.34228187919463077,-0.5244912626970895,0.2560039569279757,0.45836890322464535,0.06913557571732576,-0.05962431082057667,0.0
0.7241379310344828,0,0.20000000000001705,1,0,0,0,1,1,0,0,0,0,0,0,1,0,0.0,0.0,0.0,0.0,0.0,0.0,0.0,0.0,1.0,0.0,0.0,0.0,0,0,0,0,0,1,0,0,0,1,1,0,0,0,0,0,0,0.34228187919463077,-0.2212015843332869,0.5449692743003824,0.9160197607056829,-0.1565449347162588,-0.09103698790077436,-0.32192809488736235
-0.8275862068965517,1,0.700000000000017,1,1,0,0,0,1,0,0,0,0,0,0,1,0,0.0,0.0,0.0,0.0,0.0,1.0,0.0,0.0,0.0,0.0,0.0,0.0,0,0,1,0,0,0,1,0,0,0,1,1,0,0,0,1,0,0.832214765100671,0.9864184777637841,0.6732674754560123,-0.45971183619556405,0.9140822264296563,1.3263342348286624,-0.736965594166206
0.5172413793103449,1,0.10000000000002274,0,0,0,0,1,0,0,1,0,0,0,1,0,0,0.0,0.0,0.0,1.0,0.0,0.0,0.0,0.0,0.0,0.0,0.0,0.0,0,0,0,0,0,0,1,0,0,0,0,0,0,0,1,0,0,-0.44295302013422816,-0.7092081119795036,-1.4070699871624215,-1.1274121468458216,-0.3836980347548376,-0.3578507794449409,-0.736965594166206
-0.5172413793103449,1,0.30000000000001137,1,1,0,0,0,1,0,0,0,0,0,0,1,0,0.0,0.0,0.0,0.0,0.0,0.0,0.0,0.0,1.0,0.0,0.0,0.0,1,1,1,0,0,0,1,0,0,0,0,0,0,0,0,1,0,0.48993288590604017,1.0592041016448965,0.5728027357868875,0.09954602329692071,-0.35403388971568844,-0.2703937395026851,-0.736965594166206
-0.7241379310344828,0,0.20000000000001705,1,0,1,0,0,1,0,0,0,0,0,0,1,0,0.0,0.0,0.0,0.0,0.0,0.0,1.0,0.0,0.0,0.0,0.0,0.0,0,1,0,0,1,0,0,0,0,1,0,0,0,0,0,0,0,-0.22818791946308725,-0.13230379834538808,-0.8428296237157488,-1.1274121468458216,-0.27300404985656557,-0.23079549314771128,-0.32192809488736235
-0.3793103448275862,1,0.30000000000001137,1,1,0,0,0,0,0,0,1,0,0,0,0,1,0.0,0.0,0.0,0.0,0.0,0.0,0.0,0.0,0.0,0.0,0.0,1.0,0,0,1,0,0,1,0,0,0,0,0,1,0,0,0,0,0,-0.261744966442953,-1.061922635491988,-0.3849925268983476,0.0,-0.13529307677780772,-0.31255449400748914,0.4854268271702419
-0.8275862068965517,0,0.20000000000001705,1,0,1,0,0,1,0,0,0,0,0,0,1,0,0.0,0.0,0.0,1.0,0.0,0.0,0.0,0.0,0.0,0.0,0.0,0.0,0,0,0,0,1,0,0,0,0,0,0,1,1,0,0,0,0,-0.261744966442953,-0.7407909535917997,-0.6540151729780824,-0.5973579848037531,-0.27300404985656557,-0.31255449400748914,0.0
1.2413793103448276,0,0.700000000000017,1,0,1,0,0,1,0,0,0,0,0,0,1,0,0.0,0.0,0.0,0.0,0.0,1.0,0.0,0.0,0.0,0.0,0.0,0.0,1,0,0,0,0,0,0,0,0,1,0,1,0,0,0,0,0,0.832214765100671,2.63475826148294,0.40213222623907996,0.285888863509545,0.993809661976111,1.3263342348286624,-0.736965594166206
1.2413793103448276,1,0.0,1,0,0,1,0,1,0,0,0,0,0,0,1,0,0.0,0.0,0.0,0.0,0.0,0.0,0.0,1.0,0.0,0.0,0.0,0.0,0,0,0,1,0,0,0,1,0,0,0,0,0,1,0,0,0,0.7651006711409396,0.35926387814988225,1.201588410940809,2.140239332693063,1.1521317056178897,1.3263342348286624,0.8479969065549505
1.206896551724138,0,0.9000000000000057,1,0,0,0,1,0,1,0,0,1,0,0,0,0,0.0,1.0,0.0,0.0,0.0,0.0,0.0,0.0,0.0,0.0,0.0,0.0,0,0,0,1,0,0,0,0,0,0,0,1,0,0,1,0,0,-0.13422818791946312,-0.45957995840985433,0.45096504805139614,1.6654420532534049,0.03518566168186925,0.23079549314771114,0.4854268271702419
1.2758620689655173,0,0.30000000000001137,1,0,0,0,1,0,0,0,1,0,0,1,0,0,0.0,0.0,0.0,0.0,0.0,0.0,0.0,0.0,0.0,0.0,1.0,0.0,0,1,0,0,0,1,0,0,0,0,0,1,0,0,0,0,0,-0.046979865771812096,1.028899746472191,-0.31898544108285615,-0.45971183619556405,-0.5233438140443791,-0.4071075610119756,-1.3219280948873624
0.9655172413793104,0,0.0,1,0,0,1,0,0,0,1,0,0,0,1,0,0,0.0,0.0,0.0,1.0,0.0,0.0,0.0,0.0,0.0,0.0,0.0,0.0,0,0,0,1,0,1,0,0,0,0,0,0,1,0,0,0,0,-0.2684563758389262,-0.5029130311773529,-0.7530012533668862,-0.5973579848037531,-0.9320941296030667,-0.9231819725908447,-1.3219280948873624
0.4827586206896552,0,0.8000000000000114,1,0,1,0,0,0,0,0,1,0,0,0,0,1,0.0,0.0,0.0,0.0,0.0,0.0,0.0,0.0,0.0,1.0,0.0,0.0,0,0,0,1,0,0,0,0,0,0,0,0,0,0,0,0,0,-0.4161073825503355,-0.32212437995968624,-1.207580893556269,-0.9224233415693557,-0.6735777313074641,-0.5967878560467649,0.0
0.3448275862068966,0,1.0,1,0,0,1,0,1,0,0,0,0,0,0,1,0,0.0,0.0,0.0,0.0,0.0,0.0,0.0,0.0,0.0,0.0,0.0,1.0,0,0,0,1,0,0,1,0,0,0,0,0,0,0,1,0,0,0.06711409395973149,-0.15686007884268272,-0.537517187794678,-1.1274121468458216,0.6823402603061347,0.9375507803116744,0.0
-0.5862068965517241,0,0.5,1,0,0,1,0,1,0,0,0,0,0,0,1,0,0.0,0.0,0.0,0.0,0.0,0.0,0.0,0.0,1.0,0.0,0.0,0.0,0,0,0,1,0,0,0,0,0,0,0,0,0,0,0,0,0,0.7651006711409396,-0.6810854643901506,0.6828103579390646,0.8447917637013288,0.20948337528249636,-0.09103698790077436,1.1375035237499354
1.1379310344827587,0,0.8000000000000114,1,0,1,0,0,1,0,0,0,0,0,0,1,0,0.0,0.0,0.0,0.0,0.0,1.0,0.0,0.0,0.0,0.0,0.0,0.0,1,0,0,0,0,1,0,0,0,0,0,1,0,0,0,0,0,0.395973154362416,1.782400714671138,0.5296187928408455,0.45836890322464535,0.6509890353127565,0.908700463159222,0.0
-0.7931034482758621,0,0.20000000000001705,1,0,0,1,0,1,0,0,0,0,0,0,1,0,0.0,0.0,0.0,0.0,1.0,0.0,0.0,0.0,0.0,0.0,0.0,0.0,0,0,0,1,0,1,0,0,0,1,0,0,0,0,0,0,1,0.34228187919463077,-0.7166662387121493,-0.06885646494289648,-0.10466081047388179,-0.27300404985656557,-0.3578507794449409,-0.32192809488736235
0.6551724137931034,0,0.8000000000000114,1,0,1,0,0,1,0,0,0,0,0,0,1,0,0.0,0.0,1.0,0.0,0.0,0.0,0.0,0.0,0.0,0.0,0.0,0.0,0,1,0,0,0,1,1,0,0,0,0,0,0,0,0,0,0,0.48993288590604017,1.1603307281298325,0.746118850700896,-0.10466081047388179,0.5863458996627281,0.5902452854112349,-0.32192809488736235
0.5862068965517241,1,0.0,0,0,0,0,1,0,0,1,0,0,0,1,0,0,0.0,0.0,0.0,0.0,1.0,0.0,0.0,0.0,0.0,0.0,0.0,0.0,0,0,0,0,0,0,1,0,0,0,0,0,0,0,1,0,0,-0.44295302013422816,-0.42486546158584265,-1.4070699871624215,-2.039507733308835,-0.41506133301186154,-0.3578507794449409,-0.736965594166206
-0.10344827586206896,1,0.10000000000002274,1,0,0,1,0,1,0,0,0,0,0,0,1,0,0.0,0.0,0.0,0.0,0.0,1.0,0.0,0.0,0.0,0.0,0.0,0.0,0,0,0,0,1,1,0,0,0,1,0,0,0,0,0,0,0,0.832214765100671,-0.21112416233756554,0.16370870667190038,-0.2153165603828081,1.3801468299464463,1.3263342348286624,0.6780719051126377
0.896551724137931,0,0.30000000000001137,1,0,1,0,0,0,0,0,1,0,0,0,0,1,0.0,0.0,0.0,0.0,0.0,0.0,0.0,1.0,0.0,0.0,0.0,0.0,0,0,0,1,0,0,0,1,0,1,0,0,0,0,0,0,0,0.7651006711409396,0.0361410505446454,0.27681176813723357,0.09954602329692071,-0.20089933647209446,-0.05962431082057667,-0.32192809488736235
0.896551724137931,0,0.9000000000000057,1,0,0,1,0,1,0,0,0,0,0,0,1,0,0.0,0.0,0.0,0.0,0.0,0.0,0.0,0.0,0.0,0.0,1.0,0.0,0,0,0,1,0,0,0,0,0,0,0,0,0,0,1,0,0,1.0805369127516775,0.5970160169100153,0.7690991049967091,1.433648785372258,-0.27300404985656557,-0.3578507794449409,-0.32192809488736235
0.1724137931034483,1,0.8000000000000114,1,0,1,0,0,1,0,0,0,0,0,0,1,0,0.0,0.0,1.0,0.0,0.0,0.0,0.0,0.0,0.0,0.0,0.0,0.0,0,0,0,1,0,1,0,0,0,0,0,0,0,0,0,0,0,0.832214765100671,0.8601338053651031,0.597770591349551,0.45836890322464535,0.20948337528249636,0.29807298457586645,0.0
0.1724137931034483,0,0.20000000000001705,0,0,0,0,1,0,0,0,1,0,0,1,0,0,0.0,1.0,0.0,0.0,0.0,0.0,0.0,0.0,0.0,0.0,0.0,0.0,0,0,0,0,0,1,0,1,0,1,0,0,0,0,0,0,1,-0.15436241610738255,-0.8689047415985259,-0.7530012533668862,-0.7496097847521995,-0.6735777313074641,-0.5967878560467649,-0.736965594166206
-0.3448275862068966,0,1.0,1,0,0,1,0,1,0,0,0,0,0,0,0,1,0.0,1.0,0.0,0.0,0.0,0.0,0.0,0.0,0.0,0.0,0.0,0.0,0,1,0,0,0,1,0,0,1,0,0,0,0,0,0,0,0,-0.16778523489932887,0.5994149131230017,-0.15330047505971256,0.3736703603919092,-0.44845423396059875,-0.31255449400748914,-0.736965594166206
-0.06896551724137931,0,0.30000000000001137,1,1,0,0,0,1,0,0,0,0,0,0,1,0,0.0,0.0,1.0,0.0,0.0,0.0,0.0,0.0,0.0,0.0,0.0,0.0,1,1,0,0,0,0,0,0,0,0,0,1,0,0,0,1,0,1.0805369127516775,1.2670175986377545,0.7182145763950735,-0.45971183619556405,-0.09440525778300253,0.1344558448132036,-0.736965594166206
-0.5172413793103449,0,0.30000000000001137,1,0,1,0,0,1,0,0,0,0,0,0,1,0,0.0,0.0,0.0,0.0,0.0,0.0,0.0,1.0,0.0,0.0,0.0,0.0,1,0,0,1,0,0,0,0,0,0,0,0,0,0,0,0,0,-0.16778523489932887,0.7199934174413873,-0.2785892602690761,0.6196850107744367,0.6509890353127565,1.0215354196458677,-0.32192809488736235
-0.034482758620689655,0,0.9000000000000057,1,0,1,0,0,1,0,0,0,0,0,0,1,0,0.0,0.0,1.0,0.0,0.0,0.0,0.0,0.0,0.0,0.0,0.0,0.0,1,1,0,0,0,1,0,0,0,0,0,0,0,0,0,0,0,-0.046979865771812096,0.6775564017228551,-0.02496900443554409,0.5402881638044359,-0.44845423396059875,-0.46159098629542233,-0.32192809488736235
0.3103448275862069,0,0.20000000000001705,1,0,0,1,0,1,0,0,0,1,0,0,0,0,0.0,0.0,0.0,0.0,1.0,0.0,0.0,0.0,0.0,0.0,0.0,0.0,0,0,0,0,0,1,0,1,0,1,0,0,0,0,0,0,1,1.0805369127516775,0.4355502882839431,0.25001087817834017,-0.33313313904221287,0.5863458996627281,0.29807298457586645,1.2630344058337943
-0.034482758620689655,1,0.9000000000000057,1,0,0,1,0,1,0,0,0,0,0,0,1,0,0.0,0.0,0.0,0.0,0.0,0.0,0.0,0.0,1.0,0.0,0.0,0.0,0,0,0,0,1,0,0,0,0,1,0,0,0,0,0,0,0,-0.03355704697986583,-0.1440085994308005,-0.23533687030549652,0.5402881638044359,0.30770696263625097,0.6421492205550592,-1.3219280948873624
0.06896551724137931,1,0.4000000000000057,1,0,0,1,0,0,0,0,1,0,0,0,0,1,0.0,0.0,1.0,0.0,0.0,0.0,0.0,0.0,0.0,0.0,0.0,0.0,0,0,0,1,0,0,0,0,0,0,0,0,0,0,0,0,0,-0.06040268456375844,-0.20588061753674608,-0.11423289934053545,0.45836890322464535,-0.2241178154456085,-0.2703937395026851,-0.736965594166206
-0.3793103448275862,0,1.0,1,0,0,1,0,1,0,0,0,0,0,0,1,0,0.0,0.0,0.0,0.0,0.0,0.0,0.0,0.0,1.0,0.0,0.0,0.0,0,0,0,1,0,0,1,0,0,0,0,0,0,0,0,0,0,-0.06040268456375844,-0.9366684401612265,0.3519442554950319,1.249099671807958,-0.5664967330375806,-0.5967878560467649,0.0
2.3448275862068964,0,1.0,1,0,0,0,1,0,0,0,1,0,0,1,0,0,0.0,0.0,1.0,0.0,0.0,0.0,0.0,0.0,0.0,0.0,0.0,0.0,0,0,0,0,0,1,0,0,0,1,1,0,0,0,0,0,0,-0.11409395973154363,0.016965528821957263,-0.5432568729581231,-0.33313313904221287,-0.5233438140443791,-0.4071075610119756,-0.32192809488736235
-0.27586206896551724,0,0.8000000000000114,1,0,1,0,0,1,0,0,0,0,0,0,1,0,0.0,0.0,0.0,0.0,0.0,0.0,0.0,0.0,1.0,0.0,0.0,0.0,0,0,0,0,0,0,0,0,0,1,1,0,1,0,0,0,0,1.0805369127516775,0.6980327509436276,0.641946188555413,0.8447917637013288,0.13379628652394823,0.0560003770413949,0.26303440583379395
1.206896551724138,0,0.5,0,0,0,0,1,0,0,1,0,0,0,1,0,0,1.0,0.0,0.0,0.0,0.0,0.0,0.0,0.0,0.0,0.0,0.0,0.0,0,0,0,1,0,0,0,0,0,0,0,0,0,0,0,0,0,-0.44295302013422816,-0.2855599292237123,-1.4070699871624215,-1.3945587590305173,-0.07469223430248058,-0.029314871250031297,0.0
-0.13793103448275862,0,0.30000000000001137,1,0,0,1,0,1,0,0,0,0,0,0,1,0,0.0,0.0,0.0,0.0,0.0,0.0,0.0,0.0,1.0,0.0,0.0,0.0,0,0,0,0,0,1,0,0,0,1,0,1,0,0,0,0,0,0.832214765100671,1.136045894180524,0.2288622155769923,-0.45971183619556405,0.9320941296030667,0.9375507803116744,-0.32192809488736235
-0.1724137931034483,0,0.20000000000001705,1,0,1,0,0,1,0,0,0,0,0,0,1,0,0.0,0.0,0.0,0.0,0.0,0.0,0.0,1.0,0.0,0.0,0.0,0.0,0,0,0,0,0,1,0,0,0,1,0,0,0,0,0,0,1,-0.44295302013422816,0.9301234734442814,-1.4070699871624215,-0.45971183619556405,0.19475272581557548,-0.09103698790077436,0.4854268271702419
0.7241379310344828,1,0.20000000000001705,1,0,1,0,0,1,0,0,0,0,0,0,1,0,0.0,0.0,1.0,0.0,0.0,0.0,0.0,0.0,0.0,0.0,0.0,0.0,0,0,0,1,0,0,0,0,0,0,0,0,0,0,0,1,0,1.0805369127516775,0.13947265908383377,0.3434397049046981,0.0,1.1360370567617541,1.1794650380972311,0.0
-0.3448275862068966,0,0.8000000000000114,1,0,0,1,0,1,0,0,0,0,0,0,1,0,0.0,0.0,0.0,1.0,0.0,0.0,0.0,0.0,0.0,0.0,0.0,0.0,0,0,0,0,0,1,1,0,0,0,1,0,0,0,0,0,0,0.2885906040268456,0.44147210190866104,-0.03218629127367543,-0.2153165603828081,0.26659709670845055,0.2760665882784065,0.4854268271702419
-0.13793103448275862,0,0.10000000000002274,1,0,0,1,0,1,0,0,0,0,0,0,1,0,0.0,0.0,0.0,0.0,0.0,0.0,1.0,0.0,0.0,0.0,0.0,0.0,0,0,0,0,0,1,0,0,0,1,1,0,0,0,0,0,0,-0.2684563758389262,-0.006687700117646254,-0.2785892602690761,0.285888863509545,0.0,-0.157719918514846,0.26303440583379395
0.3103448275862069,0,0.4000000000000057,1,0,0,1,0,1,0,0,0,0,0,0,1,0,0.0,0.0,0.0,1.0,0.0,0.0,0.0,0.0,0.0,0.0,0.0,0.0,1,1,0,0,1,1,0,0,0,0,0,0,0,0,0,0,0,0.48993288590604017,0.6932310905050735,0.7668120112569374,0.45836890322464535,0.48385849871184977,0.2760665882784065,0.8479969065549505
0.13793103448275862,1,0.20000000000001705,1,0,0,1,0,1,0,0,0,0,0,0,1,0,0.0,0.0,0.0,0.0,0.0,0.0,1.0,0.0,0.0,0.0,0.0,0.0,0,0,0,0,0,1,0,0,0,1,0,0,0,0,0,0,0,0.34228187919463077,0.3813114632538188,0.22581861814501933,0.6196850107744367,0.6297386331638595,0.319689794753462,0.6780719051126377
-0.3448275862068966,0,0.20000000000001705,1,0,0,1,0,1,0,0,0,0,0,0,1,0,0.0,0.0,0.0,0.0,0.0,1.0,0.0,0.0,0.0,0.0,0.0,0.0,0,0,0,1,0,0,1,0,0,0,0,0,0,0,0,0,0,0.48993288590604017,0.13947265908383377,0.6946780305424274,0.5402881638044359,0.792425340960839,1.0215354196458677,0.0
0.3103448275862069,1,0.0,1,0,0,1,0,1,0,0,0,0,0,0,1,0,0.0,0.0,0.0,0.0,1.0,0.0,0.0,0.0,0.0,0.0,0.0,0.0,0,0,0,0,0,1,1,0,0,0,1,0,0,0,0,0,0,0.48993288590604017,0.9420269972433827,0.5551362142241842,1.0535588884633251,1.0024654529668053,0.9375507803116744,0.0
-0.13793103448275862,0,0.30000000000001137,1,0,1,0,0,1,0,0,0,0,0,0,1,0,0.0,0.0,0.0,0.0,0.0,0.0,0.0,0.0,0.0,1.0,0.0,0.0,0,0,0,1,0,0,0,0,0,1,0,1,0,0,0,0,0,-0.08053691275167789,0.366243344965992,-0.549034951948604,-0.10466081047388179,0.03518566168186925,-0.09103698790077436,0.6780719051126377
-0.7931034482758621,0,1.0,1,0,1,0,0,1,0,0,0,0,0,0,1,0,0.0,0.0,1.0,0.0,0.0,0.0,0.0,0.0,0.0,0.0,0.0,0.0,0,0,0,0,1,0,0,0,0,0,0,0,1,0,0,0,0,-0.08053691275167789,-0.2637806814534335,0.7827715060444272,0.8447917637013288,1.2385201468714548,1.3263342348286624,-0.32192809488736235
0.6551724137931034,1,0.9000000000000057,1,0,1,0,0,1,0,0,0,0,0,0,1,0,0.0,0.0,0.0,0.0,0.0,0.0,0.0,1.0,0.0,0.0,0.0,0.0,0,0,0,1,0,0,0,0,0,0,0,0,0,0,1,0,0,1.0805369127516775,0.6171985663991033,0.8344099216389661,0.9855710999281423,0.6823402603061349,1.0215354196458677,-0.32192809488736235
1.206896551724138,0,0.10000000000002274,1,0,0,0,1,0,0,0,1,0,0,0,0,1,0.0,0.0,0.0,0.0,0.0,0.0,0.0,0.0,1.0,0.0,0.0,0.0,0,0,0,1,0,0,0,0,0,0,0,0,0,0,0,0,0,-0.35570469798657717,-1.1205320670423278,-1.008091799950117,-0.9224233415693557,-0.2481240298807802,-0.3578507794449409,0.26303440583379395
0.4482758620689655,1,0.5,1,1,0,0,0,1,0,0,0,0,0,0,1,0,0.0,1.0,0.0,0.0,0.0,0.0,0.0,0.0,0.0,0.0,0.0,0.0,0,0,0,1,0,0,1,0,0,0,0,0,0,0,1,0,0,1.0805369127516775,-0.24700690023985125,0.29151843824139073,-0.33313313904221287,0.03518566168186925,0.1344558448132036,-0.736965594166206
0.3448275862068966,1,0.0,0,0,0,0,1,0,0,0,1,0,0,0,0,1,0.0,1.0,0.0,0.0,0.0,0.0,0.0,0.0,0.0,0.0,0.0,0.0,1,0,0,1,0,0,0,0,0,0,0,0,0,0,0,0,0,-0.15436241610738255,0.5565474960160957,-0.5205210631096469,-0.5973579848037531,0.8212493896867531,1.0215354196458677,1.1375035237499354
0.4827586206896552,1,0.9000000000000057,1,0,0,0,1,1,0,0,0,0,0,0,1,0,0.0,0.0,0.0,0.0,0.0,0.0,0.0,0.0,0.0,1.0,0.0,0.0,0,0,0,0,1,0,0,0,0,0,0,0,0,0,0,0,0,0.832214765100671,-0.928902611418287,0.9888762463705326,1.9881973201283594,-0.44845423396059875,-0.5234324523010943,-0.32192809488736235
0.6206896551724138,1,0.20000000000001705,1,1,0,0,0,1,0,0,0,0,0,0,1,0,0.0,0.0,1.0,0.0,0.0,0.0,0.0,0.0,0.0,0.0,0.0,0.0,0,1,0,0,0,0,0,0,0,0,0,0,0,0,1,1,0,-0.03355704697986583,1.6850387989204492,0.29151843824139073,0.5402881638044359,0.06913557571732576,0.1344558448132036,-0.736965594166206
0.7241379310344828,0,0.6000000000000227,1,0,0,1,0,1,0,0,0,0,0,0,1,0,0.0,0.0,0.0,0.0,0.0,0.0,1.0,0.0,0.0,0.0,0.0,0.0,1,0,0,0,0,1,1,0,0,0,0,0,0,0,0,0,0,0.395973154362416,1.7280877589658785,1.0280047286733827,0.9160197607056829,0.8682642561370995,0.908700463159222,0.0
1.0689655172413792,0,0.700000000000017,1,0,0,0,1,0,0,0,1,0,0,0,0,1,0.0,0.0,0.0,0.0,0.0,0.0,1.0,0.0,0.0,0.0,0.0,0.0,1,1,0,0,0,1,0,0,0,0,0,1,0,0,0,0,0,-0.261744966442953,0.15413925765432146,-0.5318151411288617,-0.33313313904221287,-0.2481240298807802,-0.05962431082057667,-0.736965594166206
-0.7586206896551724,0,0.700000000000017,1,0,0,0,1,1,0,0,0,0,0,0,1,0,0.0,0.0,0.0,0.0,1.0,0.0,0.0,0.0,0.0,0.0,0.0,0.0,0,0,0,0,0,0,0,0,0,0,0,0,0,0,0,0,0,-0.3758389261744966,-0.5939309009155682,-1.0338600668262725,-0.5973579848037531,-0.6154774966199021,-0.5234324523010943,-0.736965594166206
-0.6206896551724138,1,0.30000000000001137,1,0,0,1,0,1,0,0,0,0,0,0,1,0,1.0,0.0,0.0,0.0,0.0,0.0,0.0,0.0,0.0,0.0,0.0,0.0,0,0,0,1,0,0,1,0,0,0,0,0,0,0,0,0,0,-0.13422818791946312,-0.8603187966866602,-0.4297770099916551,-0.2153165603828081,0.2804552591354187,0.44222257845083546,-0.32192809488736235
0.27586206896551724,1,0.20000000000001705,1,0,1,0,0,1,0,0,0,0,0,0,1,0,0.0,0.0,0.0,0.0,0.0,0.0,0.0,0.0,0.0,0.0,0.0,1.0,1,1,0,0,0,1,1,0,0,0,0,0,0,0,0,0,0,0.832214765100671,1.174263227648017,0.19195674074315602,0.285888863509545,0.7729386196912933,1.0215354196458677,-0.32192809488736235
0.7241379310344828,0,0.9000000000000057,1,0,1,0,0,1,0,0,0,0,0,0,1,0,0.0,0.0,0.0,0.0,0.0,0.0,1.0,0.0,0.0,0.0,0.0,0.0,0,0,0,0,0,0,1,0,0,0,0,0,0,0,1,0,0,-0.15436241610738255,1.0596515025326156,-0.6153721907350752,0.45836890322464535,-0.4843305931653706,-0.5234324523010943,-0.32192809488736235
0.034482758620689655,1,0.0,1,0,1,0,0,1,0,0,0,0,0,0,1,0,0.0,0.0,0.0,1.0,0.0,0.0,0.0,0.0,0.0,0.0,0.0,0.0,0,1,0,1,0,0,0,0,0,0,0,0,0,0,1,0,0,-0.18120805369127516,0.28979879702107436,-0.6878018312696041,-0.7496097847521995,0.8496071890576133,1.1794650380972311,-0.32192809488736235
0.7931034482758621,1,0.30000000000001137,1,0,1,0,0,1,0,0,0,0,0,0,1,0,0.0,0.0,0.0,0.0,0.0,0.0,0.0,0.0,0.0,1.0,0.0,0.0,0,0,0,1,0,0,0,0,0,0,0,0,0,1,0,0,0,0.7651006711409396,0.7338499598650868,0.9847202220212453,0.45836890322464535,1.0024654529668053,0.9375507803116744,0.0
-0.6206896551724138,0,0.0,1,0,0,1,0,1,0,0,0,0,0,0,1,0,0.0,0.0,0.0,0.0,0.0,0.0,0.0,0.0,0.0,0.0,1.0,0.0,0,0,0,1,0,1,0,0,0,1,1,0,0,0,0,0,0,-0.2885906040268456,-0.2602782092656151,-0.6153721907350753,0.45836890322464535,-0.27300404985656557,-0.157719918514846,0.26303440583379395
0.9655172413793104,0,0.20000000000001705,0,0,0,0,1,0,0,0,1,0,0,1,0,0,0.0,0.0,1.0,0.0,0.0,0.0,0.0,0.0,0.0,0.0,0.0,0.0,0,0,0,1,0,0,0,0,0,1,0,0,0,0,0,0,1,-0.2751677852348994,-0.9828162385373986,-0.7017695328540805,-0.2153165603828081,-0.6735777313074641,-0.5967878560467649,-0.736965594166206
1.103448275862069,1,0.6000000000000227,1,0,1,0,0,1,0,0,0,0,0,0,1,0,0.0,0.0,0.0,0.0,1.0,0.0,0.0,0.0,0.0,0.0,0.0,0.0,1,0,0,0,0,1,0,0,0,0,1,0,0,0,0,0,0,0.832214765100671,1.8039706099844703,0.595287815686827,-0.10466081047388179,1.0869834864017194,1.3263342348286624,0.26303440583379395
-0.2413793103448276,1,0.20000000000001705,1,1,0,0,0,1,0,0,0,0,0,0,1,0,0.0,1.0,0.0,0.0,0.0,0.0,0.0,0.0,0.0,0.0,0.0,0.0,0,0,1,0,0,1,1,0,0,0,0,0,0,0,0,1,0,-0.026845637583892613,1.0784594421928442,0.11546444126591218,-0.10466081047388179,1.0024654529668053,0.908700463159222,0.8479969065549505
0.5862068965517241,0,0.8000000000000114,0,0,0,0,1,0,1,0,0,1,0,0,0,0,0.0,0.0,0.0,0.0,0.0,0.0,0.0,0.0,0.0,1.0,0.0,0.0,1,0,0,1,0,0,0,0,0,0,0,1,0,0,0,0,0,-0.20805369127516776,-0.12290296816519415,-0.7232558260069953,0.09954602329692071,0.3987004815127367,0.20748041370096285,0.26303440583379395
-0.6551724137931034,0,0.10000000000002274,1,0,0,1,0,1,0,0,0,0,0,0,1,0,0.0,0.0,0.0,1.0,0.0,0.0,0.0,0.0,0.0,0.0,0.0,0.0,0,0,0,0,0,1,0,0,0,0,0,0,0,0,0,0,0,-0.2953020134228188,0.15145680102203068,-0.6029037418487937,-0.2153165603828081,0.5302954566588778,0.0560003770413949,0.4854268271702419
-0.7586206896551724,1,0.20000000000001705,1,1,0,0,0,1,0,0,0,0,0,0,1,0,0.0,0.0,0.0,0.0,0.0,1.0,0.0,0.0,0.0,0.0,0.0,0.0,0,0,1,0,0,1,1,0,0,0,0,1,0,0,0,1,0,1.0805369127516775,0.534040225873857,0.8454790255440795,0.3736703603919092,-0.17839578835790348,-0.05962431082057667,-0.736965594166206
1.8275862068965518,0,0.20000000000001705,1,0,0,1,0,1,0,0,0,0,0,0,1,0,0.0,0.0,0.0,0.0,0.0,0.0,0.0,0.0,0.0,1.0,0.0,0.0,0,0,0,1,0,0,0,0,0,0,0,1,0,0,0,0,0,0.832214765100671,1.6240194176053853,0.5449692743003824,0.9160197607056829,0.7232184860973505,1.0215354196458677,0.4854268271702419
0.5517241379310345,0,0.0,1,0,0,1,0,0,0,0,1,0,0,0,0,1,0.0,1.0,0.0,0.0,0.0,0.0,0.0,0.0,0.0,0.0,0.0,0.0,1,1,0,0,0,1,0,1,0,0,0,0,0,0,0,0,0,-0.44295302013422816,0.9420269972433827,-1.4070699871624215,-2.039507733308835,-0.018100638189351426,-0.029314871250031297,1.0000000000000007
-0.1724137931034483,1,0.4000000000000057,1,0,0,1,0,1,0,0,0,0,0,0,1,0,0.0,0.0,0.0,0.0,0.0,1.0,0.0,0.0,0.0,0.0,0.0,0.0,0,0,0,0,1,0,0,0,0,0,0,0,0,0,0,0,0,-0.14093959731543623,0.2905296029593287,-0.3996994441500668,-0.10466081047388179,0.5863458996627281,0.5902452854112349,-0.32192809488736235
1.5172413793103448,0,0.8000000000000114,0,0,0,0,1,0,0,0,1,0,0,1,0,0,0.0,0.0,0.0,0.0,0.0,0.0,0.0,0.0,0.0,0.0,0.0,1.0,0,0,0,1,0,0,0,0,0,0,0,0,0,0,1,1,0,-0.44295302013422816,-0.42981831936000997,-1.4070699871624215,-2.039507733308835,-0.9320941296030667,-0.9231819725908447,-1.3219280948873624
-0.3103448275862069,1,0.10000000000002274,1,0,0,1,0,1,0,0,0,0,0,0,1,0,0.0,0.0,0.0,0.0,0.0,0.0,0.0,1.0,0.0,0.0,0.0,0.0,0,0,0,1,0,0,0,0,1,0,1,0,0,0,0,0,0,-0.261744966442953,-0.12175641437018321,-0.40962451913166037,0.45836890322464535,1.0024654529668053,1.1794650380972311,0.6780719051126377
-0.2413793103448276,1,0.20000000000001705,1,0,0,1,0,1,0,0,0,0,0,0,1,0,0.0,0.0,1.0,0.0,0.0,0.0,0.0,0.0,0.0,0.0,0.0,0.0,0,0,0,1,0,0,1,0,0,0,0,0,0,0,0,0,0,1.0805369127516775,-0.2212015843332869,1.4509202438420172,0.6196850107744367,0.7924253409608393,0.5902452854112349,0.4854268271702419
-0.6896551724137931,1,0.10000000000002274,1,1,0,0,0,0,0,0,1,0,0,0,1,0,0.0,1.0,0.0,0.0,0.0,0.0,0.0,0.0,0.0,0.0,0.0,0.0,1,0,1,0,0,0,0,0,0,0,0,0,0,0,0,1,0,-0.2684563758389262,-0.06181936582441451,-0.4928961153940978,-0.33313313904221287,0.2941568170729958,0.2760665882784065,0.26303440583379395
0.06896551724137931,1,0.20000000000001705,1,0,0,1,0,1,0,0,0,0,0,0,1,0,0.0,0.0,0.0,0.0,0.0,0.0,0.0,0.0,1.0,0.0,0.0,0.0,0,0,0,0,0,1,0,0,0,1,1,0,0,0,0,0,0,1.0805369127516775,0.47988007854388737,0.3547699830076064,0.6196850107744367,0.334372402329592,0.23079549314771114,0.8479969065549505
-0.4827586206896552,0,0.8000000000000114,1,0,0,1,0,1,0,0,0,0,0,0,1,0,0.0,0.0,0.0,1.0,0.0,0.0,0.0,0.0,0.0,0.0,0.0,0.0,0,0,0,1,1,0,0,0,0,0,0,0,0,0,0,0,0,-0.17449664429530204,-0.7913574643365368,-0.4608101309254607,0.09954602329692071,-0.9320941296030667,-0.9231819725908447,-0.736965594166206
0.9655172413793104,0,0.700000000000017,1,0,1,0,0,1,0,0,0,0,0,0,1,0,0.0,0.0,0.0,0.0,0.0,0.0,0.0,0.0,0.0,0.0,1.0,0.0,0,0,0,1,0,1,0,0,0,0,0,0,0,0,0,0,1,0.7651006711409396,1.0312337423607973,0.7205539106899983,-0.5973579848037531,0.08568594826730772,0.23079549314771114,-0.736965594166206
-0.20689655172413793,0,0.0,1,0,0,1,0,0,0,0,1,0,0,0,0,1,0.0,0.0,0.0,0.0,0.0,0.0,0.0,1.0,0.0,0.0,0.0,0.0,0,0,0,1,0,1,0,0,0,1,0,0,0,0,0,0,0,-0.35570469798657717,-0.44235342086675444,-0.745439513902728,0.285888863509545,0.1019714635793437,0.319689794753462,-0.32192809488736235
-0.20689655172413793,1,0.8000000000000114,1,0,0,1,0,1,0,0,0,0,0,0,1,0,0.0,0.0,0.0,0.0,0.0,0.0,0.0,0.0,0.0,0.0,0.0,1.0,0,1,0,1,0,0,0,0,0,0,0,0,0,0,1,0,0,1.0805369127516775,-0.6093568797567119,1.3426974046150706,1.8301861123610714,1.062004244893531,0.9375507803116744,0.0
-0.4827586206896552,0,0.4000000000000057,1,1,0,0,0,1,0,0,0,0,0,0,1,0,0.0,0.0,0.0,0.0,0.0,0.0,0.0,1.0,0.0,0.0,0.0,0.0,1,0,1,0,0,0,1,0,0,0,0,0,0,0,0,1,0,0.832214765100671,0.8844444391848247,0.4509650480513957,0.09954602329692071,0.7532265959499519,1.0215354196458677,0.0
0.6551724137931034,1,0.700000000000017,1,0,0,1,0,1,0,0,0,0,0,0,1,0,0.0,0.0,0.0,0.0,0.0,0.0,1.0,0.0,0.0,0.0,0.0,0.0,0,0,0,0,1,0,0,0,0,0,0,1,0,0,0,0,0,0.395973154362416,0.817465420210395,0.16687241318798832,0.6196850107744367,0.9140822264296563,1.3263342348286624,-0.736965594166206
0.7241379310344828,0,0.30000000000001137,1,0,0,1,0,1,0,0,0,0,0,0,1,0,0.0,0.0,0.0,0.0,0.0,0.0,0.0,0.0,0.0,0.0,0.0,1.0,0,0,0,1,0,0,1,0,0,0,0,0,0,0,0,0,0,0.22818791946308717,0.8380663486788067,-0.2226691171061315,-0.10466081047388179,0.13379628652394823,-0.029314871250031297,-0.32192809488736235
0.3793103448275862,0,0.9000000000000057,1,0,0,1,0,1,0,0,0,0,0,0,1,0,0.0,0.0,0.0,0.0,0.0,0.0,0.0,0.0,0.0,1.0,0.0,0.0,0,0,0,1,0,0,1,1,0,0,0,0,0,0,0,0,0,0.7651006711409396,-0.11174707130145274,1.1417886642478583,1.433648785372258,0.5863458996627281,0.319689794753462,1.7655347463629776
2.310344827586207,0,0.700000000000017,0,0,0,0,1,0,0,0,1,0,0,1,0,0,0.0,1.0,0.0,0.0,0.0,0.0,0.0,0.0,0.0,0.0,0.0,0.0,0,0,0,0,0,1,0,0,0,1,1,0,0,0,0,0,0,-0.44295302013422816,0.019249946943074102,-1.4070699871624215,-2.039507733308835,-0.3836980347548376,-0.31255449400748914,-0.736965594166206
0.6206896551724138,0,0.20000000000001705,1,0,0,1,0,1,0,0,0,0,0,0,1,0,0.0,0.0,1.0,0.0,0.0,0.0,0.0,0.0,0.0,0.0,0.0,0.0,0,0,0,1,0,0,0,0,0,0,0,0,0,0,1,0,0,-0.33557046979865773,-0.2212015843332869,-0.737963226052659,-0.10466081047388179,0.14935755368439613,0.29807298457586645,-0.736965594166206
0.2413793103448276,0,0.20000000000001705,1,0,0,1,0,1,0,0,0,0,0,0,1,0,0.0,0.0,0.0,0.0,0.0,1.0,0.0,0.0,0.0,0.0,0.0,0.0,0,0,0,0,1,1,0,0,0,1,0,1,0,0,1,0,0,0.2885906040268456,-0.4497374331358734,0.05206693856714238,-0.10466081047388179,-0.13529307677780772,-0.029314871250031297,-0.32192809488736235
0.5862068965517241,1,0.6000000000000227,1,0,0,1,0,0,0,0,1,0,0,0,0,1,0.0,0.0,0.0,0.0,0.0,0.0,0.0,0.0,0.0,1.0,0.0,0.0,0,0,0,1,0,0,1,0,0,0,0,0,0,0,1,0,0,-0.3288590604026846,-0.5641732947624077,-0.503844700431594,0.3736703603919092,0.5302954566588778,0.319689794753462,0.6780719051126377
0.3103448275862069,1,1.0,1,0,1,0,0,1,0,0,0,0,0,0,1,0,0.0,0.0,0.0,0.0,0.0,1.0,0.0,0.0,0.0,0.0,0.0,0.0,0,0,0,0,0,1,0,0,0,1,0,1,0,0,0,0,0,0.832214765100671,-0.15686007884268272,0.25001087817834017,0.9855710999281423,0.5072642600343614,0.6421492205550592,-0.32192809488736235
-0.034482758620689655,0,0.30000000000001137,1,0,1,0,0,1,0,0,0,0,0,0,1,0,0.0,1.0,0.0,0.0,0.0,0.0,0.0,0.0,0.0,0.0,0.0,0.0,1,0,0,1,0,1,0,0,0,0,0,0,0,0,0,0,0,-0.3624161073825503,-0.6700433784289875,-0.8086027063439648,0.285888863509545,0.8775206584661518,1.3263342348286624,-0.32192809488736235
-0.06896551724137931,0,0.6000000000000227,1,0,1,0,0,1,0,0,0,0,0,0,1,0,0.0,0.0,0.0,0.0,0.0,1.0,0.0,0.0,0.0,0.0,0.0,0.0,0,0,0,0,0,1,0,0,0,1,0,0,0,0,0,0,0,-0.42281879194630867,0.5016520785262789,-1.2343073643215616,-0.5973579848037531,-0.41506133301186154,-0.3578507794449409,0.0
0.13793103448275862,0,0.6000000000000227,1,1,0,0,0,1,0,0,0,0,0,0,1,0,0.0,0.0,0.0,0.0,0.0,0.0,1.0,0.0,0.0,0.0,0.0,0.0,1,0,1,0,0,0,1,0,0,0,0,1,0,0,0,1,0,0.832214765100671,1.5311496802361184,0.24098039751264494,-0.45971183619556405,0.6403997314170756,0.908700463159222,0.0
-0.3103448275862069,0,0.700000000000017,1,0,1,0,0,1,0,0,0,0,0,0,1,0,0.0,0.0,0.0,0.0,0.0,0.0,0.0,1.0,0.0,0.0,0.0,0.0,0,0,0,0,0,1,0,0,0,0,1,1,0,0,0,0,0,-0.04026845637583896,1.1155391005459439,-0.07631175148725361,0.9855710999281423,0.08568594826730772,0.29807298457586645,-0.736965594166206
-0.3793103448275862,1,0.700000000000017,1,1,0,0,0,1,0,0,0,0,0,0,1,0,0.0,0.0,1.0,0.0,0.0,0.0,0.0,0.0,0.0,0.0,0.0,0.0,0,0,1,0,0,1,1,0,0,0,1,0,0,0,0,1,0,1.0805369127516775,0.9395801657558868,1.1241628455332338,1.1200840609177067,-0.2481240298807802,-0.05962431082057667,-1.3219280948873624
1.5172413793103448,1,0.8000000000000114,0,0,0,0,1,0,0,0,1,0,0,0,0,1,0.0,0.0,0.0,0.0,0.0,1.0,0.0,0.0,0.0,0.0,0.0,0.0,0,0,0,1,0,1,0,0,0,0,0,0,0,0,1,0,0,-0.44295302013422816,-1.4243930043644335,-1.4070699871624215,-2.039507733308835,-0.9320941296030667,-0.9231819725908447,-0.736965594166206
0.034482758620689655,0,0.6000000000000227,1,0,0,1,0,1,0,0,0,1,0,0,0,0,0.0,0.0,0.0,0.0,0.0,0.0,1.0,0.0,0.0,0.0,0.0,0.0,0,0,0,1,0,0,0,0,0,0,0,0,0,0,1,0,0,0.2885906040268456,-0.4581993546209249,-0.1493391081206385,-0.2153165603828081,0.4111964797100215,0.23079549314771114,1.1375035237499354
-0.6551724137931034,0,0.10000000000002274,1,0,1,0,0,1,0,0,0,0,0,0,1,0,0.0,0.0,0.0,0.0,0.0,0.0,0.0,0.0,0.0,1.0,0.0,0.0,1,0,0,0,0,1,0,0,0,0,0,1,0,0,0,0,0,-0.04026845637583896,-0.21112416233756554,-0.6344520498757813,-1.3945587590305173,0.17982694289849213,0.2760665882784065,0.26303440583379395
-0.20689655172413793,0,0.700000000000017,1,1,0,0,0,1,0,0,0,0,0,0,1,0,0.0,0.0,0.0,0.0,0.0,0.0,1.0,0.0,0.0,0.0,0.0,0.0,1,0,1,0,0,0,1,0,0,0,0,1,0,0,0,1,0,0.48993288590604017,1.0312337423607973,0.8121060841286256,0.0,-0.05542236995815684,-0.157719918514846,0.0
1.2413793103448276,0,0.700000000000017,1,0,0,1,0,1,0,0,0,0,0,0,0,1,0.0,0.0,0.0,0.0,0.0,0.0,0.0,0.0,1.0,0.0,0.0,0.0,0,0,0,1,0,0,1,0,0,0,0,0,0,0,0,0,0,-0.14093959731543623,-0.08934162049592677,-0.2142986887887563,0.5402881638044359,0.9851147923262015,0.319689794753462,1.7655347463629776
-0.1724137931034483,0,0.10000000000002274,1,0,0,1,0,1,0,0,0,0,0,0,1,0,0.0,1.0,0.0,0.0,0.0,0.0,0.0,0.0,0.0,0.0,0.0,0.0,0,0,0,1,0,0,0,0,0,1,0,0,0,0,0,0,0,-0.19463087248322147,-0.16491467059479378,-0.3704942501172634,0.45836890322464535,-0.2988608636367374,-0.31255449400748914,0.0
1.5517241379310345,0,0.6000000000000227,1,0,1,0,0,1,0,0,0,0,0,0,1,0,0.0,0.0,0.0,0.0,0.0,0.0,0.0,0.0,0.0,0.0,0.0,1.0,0,0,0,1,0,0,0,0,0,0,1,0,0,0,1,0,0,0.06711409395973149,1.1784687757762116,0.2827097958462844,0.7717596693105655,0.8867299535046614,0.9375507803116744,-0.32192809488736235
1.5517241379310345,1,0.10000000000002274,1,0,0,0,1,0,0,0,1,0,0,0,0,1,0.0,0.0,0.0,0.0,1.0,0.0,0.0,0.0,0.0,0.0,0.0,0.0,0,0,0,0,1,0,0,0,0,0,0,0,1,0,0,0,0,0.34228187919463077,-0.16710387272134897,0.4749063579690922,1.0535588884633251,-0.5664967330375806,-0.5967878560467649,0.0
0.10344827586206896,0,0.8000000000000114,1,0,0,1,0,1,0,0,0,0,0,0,1,0,1.0,0.0,0.0,0.0,0.0,0.0,0.0,0.0,0.0,0.0,0.0,0.0,1,0,0,0,0,1,1,0,0,1,0,0,0,0,0,0,0,-0.17449664429530204,0.5721374867887491,-0.20185204252549735,-0.10466081047388179,0.23838864594233974,0.23079549314771114,-0.32192809488736235
0.0,0,0.5,1,0,0,1,0,1,0,0,0,0,0,0,1,0,1.0,0.0,0.0,0.0,0.0,0.0,0.0,0.0,0.0,0.0,0.0,0.0,0,0,0,0,1,0,0,0,0,1,0,1,1,0,0,0,0,-0.08053691275167789,-0.47244899453690203,-0.16126099688969012,0.9160197607056829,-0.2241178154456085,-0.09103698790077436,0.0
-0.5172413793103449,0,0.6000000000000227,1,1,0,0,0,1,0,0,0,0,0,0,1,0,0.0,0.0,0.0,0.0,0.0,0.0,0.0,0.0,0.0,0.0,1.0,0.0,1,1,0,0,0,0,1,0,0,0,0,0,0,0,0,1,0,1.0805369127516775,0.8294544922957987,0.31767446071046884,-0.45971183619556405,0.7432836140370617,0.8495918482279355,0.26303440583379395
0.6206896551724138,1,1.0,1,0,1,0,0,1,0,0,0,0,0,0,1,0,0.0,0.0,0.0,0.0,0.0,0.0,1.0,0.0,0.0,0.0,0.0,0.0,1,0,0,0,0,1,0,0,0,0,0,1,0,0,0,0,0,0.48993288590604017,1.7506428358445627,0.7484279010564783,0.7717596693105655,0.20948337528249636,0.15934484576540012,0.0
-0.7241379310344828,0,0.5,1,0,0,1,0,1,0,0,0,0,0,0,1,0,0.0,0.0,0.0,0.0,0.0,0.0,1.0,0.0,0.0,0.0,0.0,0.0,0,0,0,0,1,1,0,0,0,1,0,0,0,0,0,0,0,0.34228187919463077,0.40702611580291226,0.05206693856714238,1.1200840609177067,0.05230698717915964,0.2760665882784065,0.0
-0.6896551724137931,1,0.0,1,0,0,1,0,1,0,0,0,0,0,0,1,0,1.0,0.0,0.0,0.0,0.0,0.0,0.0,0.0,0.0,0.0,0.0,0.0,0,0,0,0,0,0,0,0,0,1,0,0,0,0,0,0,0,-0.18120805369127516,-0.5986446737533193,0.05886947859372801,0.6967790260802048,0.3604878618749464,0.6421492205550592,-0.32192809488736235
-0.4827586206896552,1,0.0,1,0,1,0,0,1,0,0,0,0,0,0,1,0,0.0,0.0,0.0,0.0,1.0,0.0,0.0,0.0,0.0,0.0,0.0,0.0,0,0,0,0,1,0,0,0,0,1,0,0,0,0,0,0,0,0.832214765100671,-0.2050811431117187,0.5903130060057309,0.09954602329692071,0.48385849871184977,0.6421492205550592,-0.736965594166206
1.793103448275862,1,0.700000000000017,0,0,0,0,1,0,0,0,1,0,0,1,0,0,0.0,0.0,0.0,0.0,0.0,0.0,0.0,1.0,0.0,0.0,0.0,0.0,0,0,0,1,0,0,0,1,0,0,0,0,0,0,1,0,0,-0.11409395973154363,-0.7348812419365883,-0.10274078811080618,0.0,-0.6154774966199021,-0.5234324523010943,-0.736965594166206
-0.20689655172413793,1,0.9000000000000057,1,0,0,1,0,1,0,0,0,0,0,0,1,0,1.0,0.0,0.0,0.0,0.0,0.0,0.0,0.0,0.0,0.0,0.0,0.0,0,0,0,0,0,1,0,0,0,1,1,0,0,0,0,0,0,-0.35570469798657717,0.32394465397121797,-0.7232558260069955,0.45836890322464535,-0.17839578835790348,-0.12368293201134385,-0.32192809488736235
1.2413793103448276,0,1.0,1,0,1,0,0,0,0,1,0,0,0,1,0,0,1.0,0.0,0.0,0.0,0.0,0.0,0.0,0.0,0.0,0.0,0.0,0.0,0,0,0,1,0,1,0,0,0,0,0,0,0,0,0,0,0,-0.44295302013422816,-0.3741524528473787,-1.4070699871624215,-2.039507733308835,-0.6735777313074641,-0.5967878560467649,-0.736965594166206
0.4827586206896552,0,1.0,1,0,0,1,0,1,0,0,0,0,0,0,1,0,0.0,0.0,0.0,0.0,0.0,0.0,0.0,0.0,0.0,1.0,0.0,0.0,0,0,0,1,0,0,0,0,0,0,0,0,0,0,0,0,0,-0.20805369127516776,-0.3038828655539462,-0.47138319859923367,-0.7496097847521995,0.17982694289849213,0.23079549314771114,-0.32192809488736235
0.4827586206896552,0,0.0,1,0,0,1,0,1,0,0,0,0,0,0,1,0,0.0,0.0,0.0,0.0,0.0,0.0,0.0,0.0,0.0,1.0,0.0,0.0,0,0,0,1,0,0,0,0,0,0,0,0,0,0,0,0,0,1.0805369127516775,-0.2246000245028281,0.5193171837154211,-0.10466081047388179,-0.41506133301186154,-0.3578507794449409,-0.736965594166206
-0.7241379310344828,0,0.8000000000000114,0,0,0,0,1,0,1,0,0,0,0,0,0,1,0.0,0.0,0.0,0.0,0.0,0.0,0.0,0.0,0.0,1.0,0.0,0.0,0,1,0,0,1,0,1,0,0,0,0,0,0,0,1,0,0,0.2885906040268456,-0.7913574643365368,0.8454790255440795,2.611285460327925,-0.9320941296030667,-0.9231819725908447,-0.736965594166206
-0.41379310344827586,1,0.6000000000000227,1,0,1,0,0,1,0,0,0,0,0,0,1,0,0.0,0.0,1.0,0.0,0.0,0.0,0.0,0.0,0.0,0.0,0.0,0.0,0,0,0,0,1,0,0,0,0,0,0,0,1,0,0,0,0,-0.20805369127516776,-0.26839173920312964,0.30319272288641963,0.6196850107744367,-0.09440525778300253,0.08283225866466219,-0.736965594166206
-0.5172413793103449,0,0.10000000000002274,1,0,1,0,0,1,0,0,0,0,0,0,1,0,0.0,0.0,0.0,0.0,1.0,0.0,0.0,0.0,0.0,0.0,0.0,0.0,0,0,0,1,0,0,1,0,0,0,0,0,0,0,1,0,0,0.34228187919463077,0.39457409645994346,0.36322010328591475,0.6196850107744367,-0.41506133301186154,-0.46159098629542233,-0.736965594166206
0.7931034482758621,1,0.30000000000001137,1,0,1,0,0,1,0,0,0,0,0,0,1,0,0.0,0.0,0.0,0.0,0.0,0.0,0.0,0.0,0.0,0.0,1.0,0.0,1,1,0,0,0,0,0,0,0,0,0,0,0,0,0,0,0,0.832214765100671,1.8795533284329144,0.6002502961668661,0.45836890322464535,0.6190042601705491,0.908700463159222,-0.736965594166206
-0.13793103448275862,0,0.30000000000001137,1,0,0,1,0,1,0,0,0,0,1,0,0,0,0.0,0.0,0.0,0.0,0.0,0.0,0.0,0.0,1.0,0.0,0.0,0.0,0,0,0,1,0,1,0,0,0,0,0,0,0,0,0,0,1,-0.2348993288590604,-0.23265087832399695,-0.851715854085623,-1.1274121468458216,-0.17839578835790348,-0.1933425405422934,0.0
2.310344827586207,0,0.9000000000000057,1,0,0,0,1,0,1,0,0,1,0,0,0,0,0.0,0.0,0.0,0.0,0.0,1.0,0.0,0.0,0.0,0.0,0.0,0.0,1,0,0,1,0,1,0,0,0,0,0,0,0,0,0,0,0,1.0805369127516775,0.49728575566926614,0.3966247485794644,0.45836890322464535,0.20948337528249636,-0.05962431082057667,0.6780719051126377
0.6551724137931034,0,0.20000000000001705,1,0,0,1,0,1,0,0,0,0,0,0,1,0,0.0,0.0,0.0,0.0,0.0,0.0,0.0,0.0,0.0,0.0,0.0,1.0,0,0,0,1,0,0,0,0,0,0,0,0,0,0,1,0,0,-0.13422818791946312,0.47988007854388737,0.038365818938879775,0.6196850107744367,0.38608602988993557,0.23079549314771114,0.26303440583379395
-0.6896551724137931,0,0.20000000000001705,1,0,1,0,0,1,0,0,0,0,0,0,1,0,0.0,0.0,0.0,0.0,0.0,0.0,0.0,0.0,0.0,0.0,0.0,1.0,0,0,0,0,0,1,1,0,0,0,0,0,0,0,0,0,0,-0.44295302013422816,0.19413633357235605,-1.4070699871624215,-2.039507733308835,0.1019714635793437,-0.05962431082057667,0.4854268271702419
-0.896551724137931,1,0.9000000000000057,1,1,0,0,0,0,0,0,1,0,0,0,0,1,0.0,0.0,0.0,0.0,0.0,0.0,0.0,1.0,0.0,0.0,0.0,0.0,1,1,1,0,0,0,0,0,0,0,0,0,0,0,0,1,0,-0.11409395973154363,-0.7296413386895211,0.36322010328591453,0.9160197607056829,0.06913557571732576,0.23079549314771114,0.26303440583379395
-0.3103448275862069,0,0.8000000000000114,0,0,0,0,1,0,1,0,0,1,0,0,0,0,0.0,1.0,0.0,0.0,0.0,0.0,0.0,0.0,0.0,0.0,0.0,0.0,0,0,0,1,0,0,1,0,0,0,1,0,1,0,0,0,0,-0.28187919463087246,-0.17430025628691048,-0.6809187255795435,-0.7496097847521995,0.3604878618749464,0.20748041370096285,0.4854268271702419
1.0,0,0.9000000000000057,1,0,1,0,0,1,0,0,0,0,0,0,1,0,0.0,0.0,0.0,0.0,0.0,0.0,0.0,0.0,0.0,0.0,0.0,1.0,0,0,0,1,0,0,0,1,0,0,0,0,0,0,0,0,0,1.0805369127516775,0.08446469478581056,1.2563148708492948,1.493023283211703,0.14935755368439613,-0.12368293201134385,0.0
1.793103448275862,1,0.6000000000000227,1,0,1,0,0,1,0,0,0,0,1,0,0,0,0.0,0.0,0.0,0.0,0.0,0.0,0.0,0.0,1.0,0.0,0.0,0.0,1,0,0,0,0,1,0,0,0,1,0,0,0,0,0,0,0,1.0805369127516775,2.0295207166658713,0.5853257747692951,0.5402881638044359,0.08568594826730772,0.29807298457586645,-0.736965594166206
0.5517241379310345,0,1.0,0,0,0,0,1,0,0,1,0,0,0,1,0,0,1.0,0.0,0.0,0.0,0.0,0.0,0.0,0.0,0.0,0.0,0.0,0.0,0,0,0,0,0,1,0,0,0,1,1,0,0,0,0,0,0,-0.44295302013422816,-0.8162734743649736,-1.4070699871624215,-2.039507733308835,-0.44845423396059875,-0.31255449400748914,-0.736965594166206
-0.27586206896551724,1,0.700000000000017,1,0,0,1,0,1,0,0,0,0,0,0,1,0,0.0,0.0,0.0,0.0,0.0,1.0,0.0,0.0,0.0,0.0,0.0,0.0,0,0,0,0,1,0,0,0,0,1,0,0,0,0,0,0,0,-0.14093959731543623,-0.07640065076584882,0.5551362142241842,0.9160197607056829,1.2538603679614966,1.3263342348286624,-0.32192809488736235
-0.5862068965517241,0,0.5,1,0,1,0,0,1,0,0,0,0,0,0,1,0,1.0,0.0,0.0,0.0,0.0,0.0,0.0,0.0,0.0,0.0,0.0,0.0,0,0,0,0,1,0,0,0,0,1,0,0,0,0,0,0,0,1.0805369127516775,-0.08198498473948093,0.5321856445704074,0.19466105017012347,0.2804552591354187,0.0560003770413949,0.0
0.8275862068965517,0,0.20000000000001705,0,0,0,0,1,0,0,1,0,0,0,1,0,0,0.0,0.0,0.0,0.0,0.0,0.0,0.0,0.0,1.0,0.0,0.0,0.0,0,0,0,1,0,0,0,0,0,0,1,0,0,0,0,0,0,0.22818791946308717,-0.7932126598182718,-0.2741897085863115,-0.5973579848037531,-0.9320941296030667,-0.9231819725908447,-1.3219280948873624
1.5517241379310345,0,0.0,0,0,0,0,1,0,0,0,1,0,0,1,0,0,0.0,0.0,0.0,0.0,1.0,0.0,0.0,0.0,0.0,0.0,0.0,0.0,0,0,0,0,0,0,1,0,0,0,0,0,0,0,1,0,0,-0.13422818791946312,-1.1681897103182866,-0.15330047505971256,0.19466105017012347,-0.9320941296030667,-0.9231819725908447,-1.3219280948873624
0.2413793103448276,1,0.9000000000000057,1,1,0,0,0,1,0,0,0,0,0,0,1,0,0.0,0.0,0.0,0.0,0.0,0.0,0.0,0.0,0.0,0.0,0.0,1.0,1,0,1,0,0,0,0,0,0,0,0,0,0,0,0,1,0,-0.0738255033557047,1.6626722632579636,0.003530921454260335,0.285888863509545,-0.09440525778300253,0.1344558448132036,-1.3219280948873624
-0.4482758620689655,0,1.0,0,0,0,0,1,0,0,0,1,0,0,0,0,1,0.0,1.0,0.0,0.0,0.0,0.0,0.0,0.0,0.0,0.0,0.0,0.0,0,0,0,0,0,0,1,0,0,0,0,0,0,0,1,0,0,-0.18120805369127516,-0.39364471893504444,-0.5490349519486039,-0.5973579848037531,-0.2481240298807802,-0.1933425405422934,-0.32192809488736235
0.9310344827586207,0,0.9000000000000057,1,0,0,1,0,1,0,0,0,0,0,0,1,0,0.0,0.0,0.0,0.0,0.0,0.0,0.0,0.0,0.0,1.0,0.0,0.0,0,0,0,1,0,0,0,0,0,1,1,0,0,0,0,0,0,0.832214765100671,1.6143806929672153,0.40487968752334197,0.0,0.7924253409608393,0.908700463159222,-0.32192809488736235
-0.7931034482758621,0,0.700000000000017,1,0,0,1,0,1,0,0,0,0,0,0,1,0,0.0,0.0,0.0,0.0,0.0,0.0,0.0,0.0,1.0,0.0,0.0,0.0,0,0,0,0,1,0,0,0,0,0,0,0,0,0,0,0,0,-0.44295302013422816,-0.5939309009155682,-1.4070699871624215,-2.039507733308835,-0.6735777313074641,-0.5967878560467649,0.26303440583379395
-0.4482758620689655,1,0.9000000000000057,1,0,1,0,0,1,0,0,0,0,0,0,1,0,0.0,0.0,0.0,0.0,0.0,1.0,0.0,0.0,0.0,0.0,0.0,0.0,1,0,0,0,0,1,1,0,0,0,0,0,0,0,0,0,0,0.48993288590604017,-0.6203585143497922,0.5296187928408455,0.6196850107744367,-0.9320941296030667,-0.9231819725908447,-0.32192809488736235
-0.5517241379310345,0,0.5,1,0,0,1,0,1,0,0,0,0,0,0,1,0,0.0,0.0,0.0,0.0,0.0,0.0,0.0,1.0,0.0,0.0,0.0,0.0,0,0,0,1,0,1,0,0,0,0,1,0,0,0,0,0,0,-0.046979865771812096,0.34734975759315984,-0.2226691171061315,-0.10466081047388179,-0.325819435233824,-0.2703937395026851,0.0
-0.2413793103448276,1,1.0,1,0,1,0,0,1,0,0,0,0,0,0,1,0,0.0,0.0,0.0,0.0,0.0,0.0,0.0,0.0,0.0,0.0,0.0,1.0,0,0,0,0,1,0,0,0,0,1,0,0,0,0,0,0,0,0.832214765100671,0.32527422003901363,1.005428748778462,0.6967790260802048,0.334372402329592,0.6421492205550592,-0.32192809488736235
-0.034482758620689655,1,0.20000000000001705,1,0,1,0,0,1,0,0,0,0,0,0,1,0,0.0,0.0,0.0,0.0,0.0,1.0,0.0,0.0,0.0,0.0,0.0,0.0,1,1,0,0,1,1,0,0,0,1,0,0,0,0,0,0,0,-0.03355704697986583,1.456864773128073,-0.12971653678935785,-0.10466081047388179,0.8682642561370995,1.3263342348286624,0.0
1.1724137931034482,0,0.6000000000000227,1,0,1,0,0,1,0,0,0,0,0,0,1,0,0.0,0.0,0.0,0.0,0.0,0.0,0.0,1.0,0.0,0.0,0.0,0.0,0,0,0,1,0,0,0,1,0,0,0,0,0,1,0,0,0,0.22818791946308717,0.7195208570189124,-0.36094035472454106,-0.5973579848037531,0.48385849871184955,0.29807298457586645,0.4854268271702419
-0.5172413793103449,0,0.0,1,0,1,0,0,1,0,0,0,0,0,0,1,0,0.0,0.0,0.0,1.0,0.0,0.0,0.0,0.0,0.0,0.0,0.0,0.0,1,0,0,0,0,1,1,0,0,0,0,0,0,0,1,0,0,-0.2751677852348994,0.0,-0.6344520498757813,-0.7496097847521995,0.14935755368439613,0.2760665882784065,-0.32192809488736235
1.103448275862069,0,0.700000000000017,1,0,0,0,1,0,0,0,1,0,0,0,0,1,0.0,0.0,0.0,0.0,0.0,0.0,0.0,0.0,0.0,0.0,0.0,1.0,0,0,0,1,0,0,0,0,0,0,0,0,0,0,0,0,0,-0.44295302013422816,-0.5939309009155682,-1.4070699871624215,-0.9224233415693557,0.11800444438775436,0.319689794753462,0.26303440583379395
-1.3103448275862069,0,0.6000000000000227,1,1,0,0,0,0,1,0,0,1,0,0,0,0,0.0,0.0,0.0,0.0,0.0,1.0,0.0,0.0,0.0,0.0,0.0,0.0,0,1,0,1,0,0,0,0,0,0,0,0,0,0,0,0,0,0.2885906040268456,-0.7402660283786483,-0.039441664851569316,-0.5973579848037531,-0.1565449347162588,0.0,-0.736965594166206
3.103448275862069,1,0.9000000000000057,1,0,0,0,1,0,0,0,1,0,0,1,0,0,0.0,0.0,0.0,0.0,0.0,0.0,0.0,0.0,0.0,0.0,0.0,1.0,0,0,0,1,0,1,0,0,0,1,1,0,0,0,0,0,0,0.832214765100671,0.590616024428785,-0.03218629127367543,-1.1274121468458216,-0.4843305931653706,-0.3578507794449409,-0.32192809488736235
0.9655172413793104,0,0.20000000000001705,1,0,0,1,0,1,0,0,0,0,0,0,1,0,0.0,0.0,0.0,0.0,0.0,1.0,0.0,0.0,0.0,0.0,0.0,0.0,0,0,0,1,0,0,0,1,0,0,0,0,0,1,0,0,0,0.22818791946308717,0.5683890355536972,-0.39477339744873613,-1.1274121468458216,1.1601326019669986,1.1794650380972311,0.4854268271702419
-0.10344827586206896,0,0.8000000000000114,0,0,0,0,1,0,0,0,1,0,0,0,0,1,0.0,0.0,0.0,0.0,0.0,0.0,0.0,0.0,0.0,0.0,0.0,1.0,0,0,0,1,0,0,0,0,0,0,0,0,0,0,0,0,1,0.7651006711409396,-0.5002469828877829,0.17946415305915395,0.5402881638044359,-0.6154774966199021,-0.5234324523010943,-1.3219280948873624
-0.41379310344827586,1,0.10000000000002274,1,0,1,0,0,1,0,0,0,0,0,0,1,0,0.0,0.0,0.0,0.0,0.0,0.0,0.0,0.0,0.0,1.0,0.0,0.0,0,0,0,0,1,0,0,0,0,0,0,0,0,0,0,0,0,0.395973154362416,-0.26094124593254925,0.17946415305915417,-0.45971183619556405,1.3067235525854135,1.3263342348286624,0.0
-0.896551724137931,0,0.5,1,0,0,1,0,1,0,0,0,0,0,0,1,0,0.0,0.0,0.0,0.0,0.0,0.0,0.0,0.0,0.0,1.0,0.0,0.0,0,0,0,0,1,0,0,0,0,1,0,0,0,0,0,0,0,0.34228187919463077,-0.8699192471609167,0.44291576095326546,0.285888863509545,-0.6154774966199021,-0.5234324523010943,-0.736965594166206
0.20689655172413793,0,0.10000000000002274,1,0,0,1,0,1,0,0,0,0,0,0,1,0,0.0,0.0,0.0,0.0,0.0,0.0,0.0,0.0,0.0,0.0,1.0,0.0,0,0,0,1,0,0,0,0,0,0,0,0,0,0,0,0,0,0.22818791946308717,-0.44086817576081905,-0.08380904064303465,0.0,-0.41506133301186154,-0.4071075610119756,0.0
0.7241379310344828,1,0.10000000000002274,1,0,1,0,0,1,0,0,0,0,0,0,1,0,0.0,0.0,0.0,0.0,0.0,0.0,0.0,0.0,0.0,0.0,1.0,0.0,1,1,0,0,0,0,0,0,0,0,0,0,0,0,0,0,0,0.06711409395973149,1.8197264849500083,0.07909028850206139,0.6196850107744367,0.6190042601705491,0.908700463159222,-0.736965594166206
-0.10344827586206896,0,0.10000000000002274,1,0,1,0,0,1,0,0,0,0,0,0,0,1,0.0,0.0,0.0,0.0,0.0,0.0,0.0,0.0,0.0,1.0,0.0,0.0,1,1,0,0,0,0,0,0,0,0,0,0,0,0,0,1,0,1.0805369127516775,0.6320850389423321,0.4775477295779049,0.3736703603919092,-0.05542236995815684,0.0560003770413949,0.4854268271702419
2.2413793103448274,1,0.4000000000000057,0,0,0,0,1,0,0,0,1,0,0,1,0,0,0.0,0.0,0.0,0.0,1.0,0.0,0.0,0.0,0.0,0.0,0.0,0.0,0,0,0,1,0,1,0,0,0,0,0,0,0,0,0,0,0,-0.3959731543624161,-0.1531764474554827,-0.9722935874785497,0.0,-0.41506133301186154,-0.5234324523010943,-0.32192809488736235
0.3793103448275862,1,0.4000000000000057,1,0,0,1,0,1,0,0,0,0,0,0,1,0,0.0,0.0,0.0,0.0,0.0,0.0,0.0,0.0,0.0,1.0,0.0,0.0,0,0,0,1,0,0,0,0,0,1,1,0,0,0,0,0,0,-0.026845637583892613,0.7612479236367772,0.048653748101440956,0.8447917637013288,1.0869834864017194,0.908700463159222,0.26303440583379395
-0.20689655172413793,1,0.700000000000017,1,0,1,0,0,1,0,0,0,0,0,0,1,0,0.0,0.0,0.0,0.0,0.0,0.0,0.0,1.0,0.0,0.0,0.0,0.0,0,0,0,0,1,0,0,0,0,1,0,0,0,0,0,0,0,-0.3221476510067114,-0.3037796961659167,-0.6091136127378125,-0.10466081047388179,-0.13529307677780772,0.08283225866466219,-0.736965594166206
-0.5862068965517241,1,0.10000000000002274,1,0,0,1,0,0,0,0,1,0,0,0,0,1,0.0,1.0,0.0,0.0,0.0,0.0,0.0,0.0,0.0,0.0,0.0,0.0,0,1,0,0,0,0,1,0,0,0,0,0,0,0,1,0,0,-0.40939597315436244,0.880714870185737,-1.1840344001258338,-1.3945587590305173,-0.2481240298807802,-0.3578507794449409,0.26303440583379395
1.103448275862069,1,0.4000000000000057,0,0,0,0,1,0,0,1,0,0,0,1,0,0,0.0,0.0,0.0,0.0,0.0,0.0,0.0,0.0,1.0,0.0,0.0,0.0,0,0,0,1,0,0,1,0,0,0,0,0,0,0,1,0,0,-0.0738255033557047,-0.41294819027749674,-0.5845553830655271,-0.9224233415693557,-0.20089933647209446,-0.2703937395026851,-0.736965594166206
1.4137931034482758,0,0.6000000000000227,1,0,0,1,0,1,0,0,0,0,0,0,1,0,0.0,0.0,0.0,0.0,0.0,0.0,0.0,0.0,0.0,1.0,0.0,0.0,0,0,0,1,0,1,0,1,0,1,0,0,0,0,0,0,0,1.0805369127516775,1.1784687757762116,0.8053710881071354,1.0535588884633251,0.05230698717915964,0.0560003770413949,-0.32192809488736235
-0.7931034482758621,0,0.10000000000002274,1,0,1,0,0,1,0,0,0,0,0,0,0,1,0.0,0.0,0.0,0.0,0.0,0.0,1.0,0.0,0.0,0.0,0.0,0.0,0,1,0,0,1,1,1,0,0,0,0,0,0,0,0,0,0,0.832214765100671,-0.5160171946658885,0.14779361840531544,-0.10466081047388179,-0.4843305931653706,-0.5967878560467649,0.26303440583379395
0.20689655172413793,0,0.8000000000000114,1,0,0,1,0,1,0,0,0,0,0,0,0,1,1.0,0.0,0.0,0.0,0.0,0.0,0.0,0.0,0.0,0.0,0.0,0.0,0,0,0,0,1,0,0,0,0,1,0,1,0,0,0,0,0,-0.2550335570469799,-0.6488214046479241,-0.2567597576788753,0.6196850107744367,-0.09440525778300253,-0.31255449400748914,0.8479969065549505
0.6206896551724138,0,0.5,1,0,0,1,0,1,0,0,0,0,0,0,1,0,0.0,0.0,0.0,0.0,0.0,0.0,0.0,0.0,1.0,0.0,0.0,0.0,0,0,0,1,0,0,0,1,0,0,0,0,0,0,0,0,0,0.7651006711409396,0.44458402162387073,0.4880764020960248,0.45836890322464535,-0.05542236995815684,-0.09103698790077436,-0.736965594166206
-0.1724137931034483,1,0.10000000000002274,1,1,0,0,0,1,0,0,0,0,0,0,1,0,0.0,0.0,0.0,1.0,0.0,0.0,0.0,0.0,0.0,0.0,0.0,0.0,1,1,0,0,0,0,0,0,0,0,0,0,0,0,0,1,0,1.0805369127516775,1.7920253459093685,0.6419461885554132,0.6967790260802048,-0.018100638189351426,0.1344558448132036,-0.32192809488736235
0.3448275862068966,0,0.6000000000000227,1,0,0,1,0,1,0,0,0,0,0,0,1,0,0.0,0.0,0.0,0.0,0.0,0.0,0.0,0.0,0.0,0.0,0.0,1.0,0,0,0,1,0,0,0,0,0,0,0,0,0,0,0,0,0,1.0805369127516775,-0.5641732947624077,0.5652507461940621,-0.10466081047388179,-0.05542236995815684,-0.09103698790077436,0.26303440583379395
1.1379310344827587,0,0.8000000000000114,1,0,0,1,0,0,0,0,1,0,0,0,0,1,0.0,0.0,0.0,0.0,0.0,0.0,0.0,0.0,0.0,0.0,0.0,1.0,0,0,0,1,0,0,0,1,0,0,0,0,0,0,0,0,0,1.0805369127516775,0.7606694146499874,0.9596308197296193,0.7717596693105655,-0.9320941296030667,-0.9231819725908447,-0.32192809488736235
0.13793103448275862,0,0.700000000000017,1,0,0,1,0,1,0,0,0,0,0,0,1,0,0.0,0.0,0.0,0.0,0.0,0.0,0.0,0.0,1.0,0.0,0.0,0.0,0,0,0,0,0,0,1,0,0,0,0,0,0,0,1,0,0,-0.06040268456375844,0.09356583141243638,-0.3420896557325782,0.285888863509545,0.8958928532243638,1.3263342348286624,-0.32192809488736235
0.4482758620689655,1,0.700000000000017,1,0,0,1,0,1,0,0,0,0,0,0,1,0,0.0,0.0,0.0,1.0,0.0,0.0,0.0,0.0,0.0,0.0,0.0,0.0,0,0,0,1,0,0,0,0,0,0,0,0,0,0,0,0,0,0.7651006711409396,-0.6771367439689848,0.1317139349118729,0.5402881638044359,-0.6735777313074641,-0.5967878560467649,-0.736965594166206
-0.8620689655172413,1,0.6000000000000227,1,1,0,0,0,1,0,0,0,0,0,0,1,0,0.0,0.0,0.0,0.0,0.0,0.0,0.0,1.0,0.0,0.0,0.0,0.0,1,0,1,0,0,1,1,0,0,0,0,0,0,0,0,1,0,-0.28187919463087246,0.2332235745607363,-0.3996994441500668,-0.2153165603828081,0.6190042601705491,0.8495918482279355,0.26303440583379395
-0.6206896551724138,0,0.0,1,0,0,1,0,1,0,0,0,0,0,0,1,0,0.0,0.0,0.0,0.0,0.0,0.0,0.0,0.0,0.0,1.0,0.0,0.0,0,0,0,0,1,0,1,0,0,0,0,0,0,0,0,0,0,0.395973154362416,0.0,0.017567097100799733,0.09954602329692071,0.5529695155633996,0.8495918482279355,0.0
1.0344827586206897,0,0.30000000000001137,1,0,0,1,0,1,0,0,0,0,0,0,1,0,0.0,0.0,0.0,0.0,0.0,0.0,0.0,0.0,0.0,1.0,0.0,0.0,0,0,0,0,0,0,0,0,0,1,1,0,1,0,0,0,0,-0.15436241610738255,0.40680437421370275,-0.2830060315296547,0.7717596693105655,0.8589600161477176,0.9375507803116744,-0.32192809488736235
-0.4827586206896552,1,0.20000000000001705,1,0,0,0,1,0,0,0,1,0,0,0,0,1,0.0,0.0,1.0,0.0,0.0,0.0,0.0,0.0,0.0,0.0,0.0,0.0,0,0,0,1,0,0,0,0,0,0,0,0,0,0,0,0,0,0.7651006711409396,-1.0663684536554108,0.641946188555413,-0.2153165603828081,-0.6735777313074641,-0.5967878560467649,-0.736965594166206
-0.13793103448275862,1,0.4000000000000057,0,0,0,0,1,0,0,0,1,0,0,0,0,1,0.0,0.0,0.0,0.0,0.0,0.0,0.0,0.0,1.0,0.0,0.0,0.0,0,0,0,1,0,0,0,1,0,0,0,0,0,0,0,0,1,-0.33557046979865773,-0.5626524501554858,-0.928711945325688,0.285888863509545,-0.325819435233824,-0.2703937395026851,0.0
0.034482758620689655,0,0.700000000000017,1,0,0,0,1,0,1,0,0,1,0,0,0,0,0.0,0.0,0.0,0.0,1.0,0.0,0.0,0.0,0.0,0.0,0.0,0.0,0,0,0,0,1,0,1,0,0,0,0,0,0,0,0,0,0,-0.03355704697986583,-0.6506765036929012,-0.3704942501172635,0.9855710999281423,0.05230698717915964,0.20748041370096285,0.6780719051126377
-0.7586206896551724,0,0.30000000000001137,1,1,0,0,0,1,0,0,0,0,1,0,0,0,1.0,0.0,0.0,0.0,0.0,0.0,0.0,0.0,0.0,0.0,0.0,0.0,1,0,1,0,0,0,1,0,0,0,0,0,0,0,0,1,0,-0.2348993288590604,0.7059315784112722,-0.6809187255795435,0.0,-0.11459349848569159,0.0560003770413949,-0.736965594166206
-0.2413793103448276,1,1.0,1,0,0,1,0,1,0,0,0,0,0,0,0,1,0.0,0.0,0.0,0.0,1.0,0.0,0.0,0.0,0.0,0.0,0.0,0.0,0,0,0,0,1,0,0,0,0,0,0,0,0,0,0,0,0,-0.14093959731543623,-0.15686007884268272,0.36322010328591475,0.5402881638044359,0.25257683397388525,0.44222257845083546,0.26303440583379395
0.3793103448275862,1,0.0,1,1,0,0,0,1,0,0,0,0,1,0,0,0,0.0,1.0,0.0,0.0,0.0,0.0,0.0,0.0,0.0,0.0,0.0,0.0,0,0,0,1,0,0,1,0,0,0,0,0,0,0,0,0,0,0.0,-0.2050811431117187,0.12847779269250603,0.19466105017012347,-0.44845423396059875,-0.31255449400748914,-1.3219280948873624
0.6551724137931034,1,0.4000000000000057,0,0,0,0,1,0,0,1,0,0,0,1,0,0,0.0,0.0,0.0,0.0,0.0,0.0,0.0,1.0,0.0,0.0,0.0,0.0,0,0,0,1,0,0,0,1,0,0,0,0,0,0,0,0,0,-0.2684563758389262,-0.5764374792340675,-0.6809187255795435,-0.33313313904221287,-0.325819435233824,-0.2703937395026851,-0.32192809488736235
-0.5862068965517241,1,0.9000000000000057,1,1,0,0,0,1,0,0,0,0,0,0,1,0,0.0,0.0,1.0,0.0,0.0,0.0,0.0,0.0,0.0,0.0,0.0,0.0,1,1,1,0,0,1,1,0,0,0,0,0,0,0,0,1,0,0.832214765100671,0.8867249388874389,0.4429157609532657,0.285888863509545,-0.2481240298807802,-0.05962431082057667,-1.3219280948873624
-0.6206896551724138,1,0.4000000000000057,1,0,1,0,0,1,0,0,0,0,0,0,1,0,0.0,0.0,0.0,0.0,1.0,0.0,0.0,0.0,0.0,0.0,0.0,0.0,0,0,0,0,0,0,1,0,0,0,1,0,0,0,0,0,0,0.395973154362416,0.143285811480092,0.5627269822257706,0.7717596693105655,0.17982694289849213,0.29807298457586645,0.26303440583379395
-0.41379310344827586,1,0.0,1,0,1,0,0,0,0,0,1,0,0,0,0,1,0.0,0.0,0.0,0.0,0.0,0.0,0.0,0.0,0.0,0.0,1.0,0.0,0,0,0,0,0,0,1,0,0,0,0,0,0,0,1,1,0,-0.44295302013422816,-0.5529587498206338,-1.4070699871624215,-0.10466081047388179,-0.9320941296030667,-0.9231819725908447,-0.736965594166206
0.20689655172413793,0,0.8000000000000114,0,0,0,0,1,0,1,0,0,1,0,0,0,0,0.0,0.0,0.0,0.0,1.0,0.0,0.0,0.0,0.0,0.0,0.0,0.0,0,0,0,1,0,0,0,1,0,0,0,0,0,0,1,0,0,-0.2953020134228188,0.08115065783815005,-0.5785295544920406,0.3736703603919092,0.3987004815127367,0.20748041370096285,1.2630344058337943
-0.13793103448275862,0,0.6000000000000227,1,0,0,1,0,1,0,0,0,0,0,0,1,0,0.0,0.0,0.0,0.0,0.0,0.0,0.0,0.0,0.0,0.0,1.0,0.0,0,0,0,0,1,1,0,0,0,0,0,1,0,0,0,0,0,0.48993288590604017,0.2101899370425801,0.3966247485794644,0.6196850107744367,0.0,0.08283225866466219,-0.32192809488736235
0.6551724137931034,0,0.30000000000001137,1,0,0,1,0,1,0,0,0,0,0,0,1,0,1.0,0.0,0.0,0.0,0.0,0.0,0.0,0.0,0.0,0.0,0.0,0.0,0,0,0,1,0,1,0,1,0,0,0,0,0,0,0,0,1,1.0805369127516775,0.4642199357324869,0.8076183625059608,-0.2153165603828081,-0.17839578835790348,-0.3578507794449409,0.26303440583379395
-0.3448275862068966,0,0.10000000000002274,1,0,0,1,0,1,0,0,0,0,0,0,1,0,0.0,0.0,0.0,1.0,0.0,0.0,0.0,0.0,0.0,0.0,0.0,0.0,0,0,0,1,0,0,1,0,0,0,0,0,0,0,0,0,0,0.06711409395973149,-0.21112416233756554,0.35759118572762544,1.0535588884633251,-0.07469223430248058,-0.12368293201134385,0.0
0.6206896551724138,0,0.10000000000002274,1,0,0,1,0,1,0,0,0,0,0,0,1,0,0.0,0.0,0.0,0.0,0.0,0.0,0.0,0.0,0.0,0.0,0.0,1.0,0,0,0,1,0,0,0,0,0,1,1,0,0,0,0,0,0,1.0805369127516775,1.1917178345539183,0.6052005386613492,-0.10466081047388179,0.6190042601705491,0.908700463159222,-0.32192809488736235
-0.8620689655172413,0,0.20000000000001705,1,0,0,0,1,1,0,0,0,0,0,0,1,0,0.0,0.0,0.0,0.0,0.0,0.0,0.0,0.0,0.0,0.0,1.0,0.0,0,0,0,0,1,1,1,0,0,0,0,0,0,0,0,0,0,0.34228187919463077,-0.779526466016663,0.017567097100799733,0.285888863509545,-0.44845423396059875,-0.5234324523010943,0.4854268271702419
0.20689655172413793,0,0.20000000000001705,0,0,0,0,1,0,0,0,1,0,0,0,0,1,0.0,1.0,0.0,0.0,0.0,0.0,0.0,0.0,0.0,0.0,0.0,0.0,0,0,0,1,0,0,0,0,0,0,0,0,0,0,0,0,0,0.22818791946308717,-0.5928603614643918,0.07573930278223621,-0.2153165603828081,-0.9320941296030667,-0.9231819725908447,0.0
0.27586206896551724,1,0.20000000000001705,0,0,0,0,1,0,0,1,0,0,0,1,0,0,0.0,0.0,0.0,0.0,0.0,0.0,0.0,1.0,0.0,0.0,0.0,0.0,0,0,0,0,0,0,1,0,0,0,0,0,0,0,1,0,0,-0.44295302013422816,-0.6690624911204901,-1.4070699871624215,-1.3945587590305173,-0.41506133301186154,-0.3578507794449409,-0.736965594166206
-0.2413793103448276,0,0.9000000000000057,1,0,0,1,0,1,0,0,0,0,0,0,1,0,0.0,0.0,1.0,0.0,0.0,0.0,0.0,0.0,0.0,0.0,0.0,0.0,0,0,0,0,0,0,1,0,0,0,0,0,0,0,0,0,0,-0.44295302013422816,-0.7296413386895211,-1.4070699871624215,-2.039507733308835,0.06913557571732576,0.29807298457586645,-0.32192809488736235
1.5172413793103448,0,0.10000000000002274,0,0,0,0,1,0,0,1,0,0,0,1,0,0,0.0,0.0,0.0,0.0,0.0,0.0,0.0,1.0,0.0,0.0,0.0,0.0,1,0,0,1,0,0,0,1,0,0,0,0,0,0,1,0,0,-0.38926174496644295,0.06072151084357035,-1.124949805439085,-0.7496097847521995,-0.44845423396059875,-0.31255449400748914,-0.736965594166206
-0.3793103448275862,1,0.30000000000001137,1,0,0,1,0,1,0,0,0,0,0,0,1,0,0.0,0.0,0.0,0.0,1.0,0.0,0.0,0.0,0.0,0.0,0.0,0.0,0,0,0,0,0,1,0,0,0,1,0,1,0,0,0,0,0,0.34228187919463077,-0.7251396643182507,0.552599424280004,0.9855710999281423,0.5416760920058672,0.6421492205550592,0.6780719051126377
-0.13793103448275862,0,0.6000000000000227,1,1,0,0,0,1,0,0,0,0,0,0,1,0,0.0,0.0,0.0,0.0,0.0,0.0,1.0,0.0,0.0,0.0,0.0,0.0,1,0,1,0,0,0,1,0,0,0,0,0,0,0,0,1,0,0.832214765100671,1.0184556674527676,0.19816657664688817,-0.45971183619556405,-0.2481240298807802,-0.05962431082057667,-1.3219280948873624
-0.7241379310344828,1,0.4000000000000057,1,0,0,1,0,1,0,0,0,0,0,0,1,0,0.0,0.0,0.0,0.0,1.0,0.0,0.0,0.0,0.0,0.0,0.0,0.0,0,0,0,0,1,0,0,0,0,0,0,1,0,0,0,0,0,-0.13422818791946312,-0.4672891689494007,-0.13752916940740764,-0.10466081047388179,0.13379628652394823,0.08283225866466219,0.0
-0.7586206896551724,0,1.0,1,0,0,1,0,0,0,0,1,0,0,0,0,1,0.0,0.0,0.0,0.0,0.0,0.0,0.0,0.0,0.0,1.0,0.0,0.0,0,0,0,0,0,1,0,0,0,1,0,0,0,0,0,0,1,0.832214765100671,-0.25606349243330145,0.07573930278223621,0.3736703603919092,-0.5664967330375806,-0.5967878560467649,-0.32192809488736235
-0.6206896551724138,0,0.20000000000001705,1,0,1,0,0,1,0,0,0,0,0,0,1,0,0.0,0.0,0.0,0.0,0.0,1.0,0.0,0.0,0.0,0.0,0.0,0.0,0,0,0,0,0,1,0,0,0,1,0,0,1,0,0,0,0,-0.44295302013422816,0.3430281405696784,-1.4070699871624215,-2.039507733308835,0.08568594826730751,-0.09103698790077436,1.0000000000000007
-0.896551724137931,1,0.30000000000001137,1,0,0,1,0,1,0,0,0,0,0,0,1,0,0.0,0.0,0.0,0.0,0.0,0.0,0.0,0.0,0.0,1.0,0.0,0.0,0,0,0,1,0,0,1,0,0,0,0,0,0,0,0,0,0,-0.13422818791946312,-0.9107698260115255,0.003530921454260335,0.285888863509545,0.25257683397388525,0.44222257845083546,-0.736965594166206
-0.3793103448275862,1,0.30000000000001137,1,0,0,1,0,1,0,0,0,0,0,0,1,0,0.0,1.0,0.0,0.0,0.0,0.0,0.0,0.0,0.0,0.0,0.0,0.0,0,0,0,0,0,0,1,0,0,0,1,0,1,0,0,0,0,0.395973154362416,0.5004757605193965,0.4985469038172765,0.6967790260802048,0.5302954566588778,0.5902452854112349,0.26303440583379395
0.0,0,0.20000000000001705,1,0,0,0,1,1,0,0,0,0,0,0,1,0,0.0,0.0,0.0,0.0,0.0,0.0,0.0,0.0,0.0,0.0,1.0,0.0,0,0,0,0,1,0,0,0,0,1,0,1,0,0,0,0,0,-0.14093959731543623,-1.0554842243367581,-0.30084944952764325,0.0,-0.27300404985656557,-0.09103698790077436,0.26303440583379395
0.4482758620689655,0,0.0,1,0,1,0,0,1,0,0,0,0,0,0,1,0,0.0,0.0,0.0,0.0,0.0,0.0,0.0,0.0,0.0,0.0,0.0,1.0,0,0,0,1,0,0,1,0,0,0,0,0,0,0,0,0,0,0.7651006711409396,0.8812153161362472,0.4375300559356092,0.0,0.8775206584661517,0.9375507803116744,0.26303440583379395
0.7586206896551724,0,0.10000000000002274,1,0,0,1,0,1,0,0,0,0,0,0,1,0,0.0,0.0,0.0,0.0,0.0,0.0,0.0,0.0,0.0,0.0,0.0,1.0,0,0,0,1,0,1,0,1,0,1,1,0,0,0,0,0,0,0.7651006711409396,0.6636276116875232,0.1509896415219414,-0.2153165603828081,1.0869834864017194,1.1794650380972311,0.6780719051126377
0.2413793103448276,1,0.30000000000001137,1,0,1,0,0,1,0,0,0,0,0,0,1,0,0.0,0.0,0.0,0.0,0.0,0.0,1.0,0.0,0.0,0.0,0.0,0.0,1,0,0,0,0,1,0,0,0,0,0,1,0,0,0,0,0,0.832214765100671,1.5377214451730967,1.426447705720312,1.6088746125432187,-0.11459349848569159,0.10896685056689351,-1.3219280948873624
-0.13793103448275862,0,0.6000000000000227,1,1,0,0,0,1,0,0,0,0,0,0,1,0,0.0,0.0,0.0,0.0,0.0,0.0,0.0,0.0,0.0,1.0,0.0,0.0,0,0,1,0,0,0,1,0,0,0,0,1,0,0,0,1,0,-0.08053691275167789,0.7450567121476024,-0.6741002542843467,-1.1274121468458216,0.5641777020802599,0.9375507803116744,-0.32192809488736235
-0.034482758620689655,0,1.0,1,0,0,1,0,1,0,0,0,0,0,0,1,0,0.0,0.0,1.0,0.0,0.0,0.0,0.0,0.0,0.0,0.0,0.0,0.0,0,0,0,0,0,1,1,0,0,1,0,0,0,0,0,0,0,-0.04026845637583896,-0.06496171777753182,-0.2567597576788753,0.5402881638044359,0.733281269455903,0.8495918482279355,0.26303440583379395
0.5517241379310345,0,0.10000000000002274,1,0,1,0,0,1,0,0,0,0,0,0,1,0,0.0,1.0,0.0,0.0,0.0,0.0,0.0,0.0,0.0,0.0,0.0,0.0,1,1,0,0,0,1,0,0,0,0,0,0,0,0,0,0,0,-0.33557046979865773,1.5793613559144095,-0.5785295544920406,0.19466105017012347,1.2308092369718586,1.1794650380972311,0.6780719051126377
-0.41379310344827586,0,0.30000000000001137,1,0,0,1,0,1,0,0,0,0,0,0,1,0,0.0,0.0,0.0,1.0,0.0,0.0,0.0,0.0,0.0,0.0,0.0,0.0,0,0,0,0,0,0,1,0,0,0,1,0,1,0,0,0,0,0.832214765100671,-0.08502327853737329,0.7941003012194557,-0.2153165603828081,-0.325819435233824,-0.157719918514846,0.0
-0.06896551724137931,1,0.20000000000001705,1,0,0,1,0,1,0,0,0,0,0,0,1,0,0.0,0.0,0.0,0.0,0.0,0.0,0.0,1.0,0.0,0.0,0.0,0.0,0,0,0,0,1,0,0,0,0,0,0,0,0,0,0,0,0,0.48993288590604017,-0.01784020083750171,0.5652507461940621,-0.10466081047388179,0.8589600161477176,0.5902452854112349,0.0
0.7241379310344828,0,0.20000000000001705,0,0,0,0,1,0,0,0,1,0,0,0,0,1,0.0,0.0,0.0,0.0,0.0,0.0,0.0,0.0,0.0,1.0,0.0,0.0,0,0,0,1,0,0,0,0,0,0,0,0,0,0,0,0,1,1.0805369127516775,-0.32463112038180403,0.19506466734492336,-0.9224233415693557,-0.41506133301186154,-0.2703937395026851,-0.32192809488736235
0.6551724137931034,0,0.6000000000000227,1,0,0,1,0,1,0,0,0,0,0,0,1,0,0.0,0.0,0.0,0.0,0.0,0.0,0.0,0.0,0.0,0.0,0.0,1.0,0,0,0,1,0,0,1,0,0,0,0,0,0,0,0,0,0,-0.11409395973154363,-1.0568122471755172,0.42127775637422593,1.249099671807958,0.08568594826730772,0.29807298457586645,-0.736965594166206
1.3103448275862069,1,0.0,0,0,0,0,1,0,0,0,1,0,0,1,0,0,0.0,0.0,0.0,0.0,0.0,0.0,1.0,0.0,0.0,0.0,0.0,0.0,0,0,0,0,1,0,0,0,0,1,0,0,1,0,0,0,0,-0.4026845637583893,-1.2229932913363253,-1.107836346753193,-0.9224233415693557,-0.9320941296030667,-0.9231819725908447,-2.3219280948873626
0.0,0,0.10000000000002274,1,0,1,0,0,1,0,0,0,0,1,0,0,0,0.0,0.0,0.0,0.0,1.0,0.0,0.0,0.0,0.0,0.0,0.0,0.0,0,0,0,1,0,0,1,0,0,0,0,0,0,0,0,0,0,0.22818791946308717,0.37328935759934495,0.07909028850206139,0.6967790260802048,0.1019714635793437,0.0560003770413949,-0.32192809488736235
0.3793103448275862,0,0.9000000000000057,1,0,0,1,0,1,0,0,0,0,1,0,0,0,0.0,0.0,0.0,1.0,0.0,0.0,0.0,0.0,0.0,0.0,0.0,0.0,0,0,0,1,0,0,0,1,0,0,0,0,0,1,0,0,0,0.7651006711409396,0.23127110595816858,0.8520944553905957,0.45836890322464535,-0.5233438140443791,-0.4071075610119756,-0.736965594166206
0.4482758620689655,1,0.6000000000000227,1,0,1,0,0,1,0,0,0,0,0,0,1,0,0.0,0.0,0.0,0.0,0.0,0.0,0.0,0.0,0.0,0.0,1.0,0.0,1,1,0,0,0,0,1,0,0,0,0,0,0,0,0,0,0,0.832214765100671,0.9490546339446372,0.974298428614964,0.45836890322464535,0.9499336581699314,1.0215354196458677,0.0
-0.7586206896551724,1,0.30000000000001137,1,0,0,1,0,0,0,0,1,0,0,0,0,1,0.0,0.0,0.0,0.0,0.0,1.0,0.0,0.0,0.0,0.0,0.0,0.0,0,0,0,1,0,0,0,0,0,0,0,0,0,1,1,0,0,-0.15436241610738255,-0.5377561786145337,-0.14145357081459387,-0.2153165603828081,0.3211106072263432,0.23079549314771114,1.3785116232537302
1.6551724137931034,0,0.4000000000000057,1,0,0,1,0,1,0,0,0,0,0,0,1,0,0.0,1.0,0.0,0.0,0.0,0.0,0.0,0.0,0.0,0.0,0.0,0.0,0,0,0,0,0,1,0,0,0,1,1,0,0,0,0,0,0,0.34228187919463077,-0.03991034019839385,0.37163007979390233,0.6196850107744367,0.4600592805655788,0.2760665882784065,0.6780719051126377
-0.6551724137931034,1,0.10000000000002274,1,1,0,0,0,1,0,0,0,0,0,0,1,0,0.0,0.0,0.0,0.0,0.0,0.0,0.0,0.0,0.0,1.0,0.0,0.0,0,0,0,0,0,0,1,0,0,0,0,0,0,0,0,1,0,-0.2348993288590604,-0.2874231425856383,-0.5725472354135114,-0.45971183619556405,0.9763803098986314,1.1794650380972311,-0.32192809488736235
0.06896551724137931,0,0.30000000000001137,1,1,0,0,0,1,0,0,0,0,0,0,1,0,0.0,0.0,0.0,0.0,0.0,0.0,0.0,1.0,0.0,0.0,0.0,0.0,0,0,0,0,0,0,1,0,0,0,0,0,0,0,1,1,0,-0.0738255033557047,-0.23265087832399695,-0.12971653678935785,0.285888863509545,-0.41506133301186154,-0.2703937395026851,-1.3219280948873624
-0.4482758620689655,0,0.30000000000001137,1,1,0,0,0,1,0,0,0,0,0,0,1,0,0.0,0.0,0.0,0.0,0.0,0.0,0.0,0.0,0.0,0.0,0.0,1.0,0,0,0,1,0,0,1,0,0,0,0,0,0,0,0,0,0,0.7651006711409396,-0.23265087832399695,0.55005934620473,0.0,0.38608602988993557,0.0560003770413949,0.8479969065549505
0.13793103448275862,1,0.10000000000002274,1,0,1,0,0,1,0,0,0,0,0,0,1,0,0.0,0.0,0.0,0.0,0.0,0.0,0.0,0.0,0.0,1.0,0.0,0.0,1,1,0,0,0,1,0,0,0,0,0,0,0,0,0,0,0,0.48993288590604017,1.8197264849500083,0.865267537545911,0.5402881638044359,-0.11459349848569159,0.10896685056689351,-1.3219280948873624
-0.6551724137931034,0,0.10000000000002274,0,0,0,0,1,1,0,0,0,0,0,0,1,0,0.0,0.0,0.0,0.0,0.0,0.0,0.0,0.0,0.0,1.0,0.0,0.0,0,0,0,1,0,0,1,0,0,0,0,0,0,0,0,0,0,0.2885906040268456,-0.21112416233756554,-0.04673573457855986,-0.5973579848037531,-0.2481240298807802,-0.1933425405422934,-0.736965594166206
-0.13793103448275862,1,0.20000000000001705,1,0,0,1,0,1,0,0,0,0,0,0,1,0,0.0,0.0,0.0,0.0,0.0,0.0,0.0,1.0,0.0,0.0,0.0,0.0,0,0,0,1,0,0,0,0,0,1,1,0,1,0,0,0,0,0.34228187919463077,-0.1752350964112927,0.326305429277772,0.6196850107744367,0.6509890353127565,0.08283225866466219,1.2630344058337943
1.8275862068965518,1,0.0,1,0,0,0,1,0,0,1,0,0,0,1,0,0,0.0,0.0,0.0,0.0,0.0,0.0,0.0,0.0,0.0,0.0,1.0,0.0,0,0,0,1,0,1,0,0,0,0,0,0,0,0,1,0,0,-0.3758389261744966,0.250158468910713,-0.9722935874785497,-0.45971183619556405,-0.41506133301186154,-0.2703937395026851,-0.736965594166206
0.8620689655172413,0,0.6000000000000227,1,1,0,0,0,0,0,0,1,0,0,0,0,1,0.0,0.0,0.0,1.0,0.0,0.0,0.0,0.0,0.0,0.0,0.0,0.0,0,0,0,1,0,1,0,1,0,0,0,0,0,0,0,0,0,0.7651006711409396,-0.3117111199513191,0.8935504718046708,1.249099671807958,-0.27300404985656557,-0.2703937395026851,0.6780719051126377
-0.7241379310344828,0,0.20000000000001705,1,0,0,1,0,1,0,0,0,0,0,0,0,1,0.0,0.0,0.0,0.0,0.0,1.0,0.0,0.0,0.0,0.0,0.0,0.0,0,0,0,0,1,0,0,0,0,0,0,1,0,0,0,0,0,-0.18791946308724833,-0.5244912626970895,-0.3898712061157136,0.19466105017012347,-0.6735777313074641,-0.5967878560467649,0.26303440583379395
-0.7241379310344828,1,0.0,1,0,0,1,0,1,0,0,0,0,0,0,1,0,0.0,0.0,0.0,0.0,0.0,0.0,0.0,0.0,0.0,0.0,1.0,0.0,0,0,0,1,0,0,1,0,0,0,0,0,0,0,1,0,0,0.06711409395973149,-1.0464190340575683,-0.4297770099916551,-0.10466081047388179,-0.5664967330375806,-0.46159098629542233,0.0
-0.4482758620689655,1,0.20000000000001705,1,1,0,0,0,1,0,0,0,0,0,0,1,0,0.0,0.0,0.0,0.0,0.0,0.0,1.0,0.0,0.0,0.0,0.0,0.0,0,0,0,0,0,0,0,0,0,0,0,0,0,0,0,0,0,-0.3959731543624161,-1.0554842243367581,-0.9184234985770382,0.6967790260802048,-0.1565449347162588,0.0560003770413949,-0.736965594166206
0.9310344827586207,0,0.6000000000000227,1,0,0,1,0,1,0,0,0,0,0,0,1,0,0.0,0.0,0.0,0.0,0.0,0.0,0.0,0.0,0.0,0.0,0.0,1.0,0,0,0,1,0,0,1,0,0,0,0,1,0,0,0,0,0,0.48993288590604017,0.9490546339446372,0.5449692743003822,0.8447917637013288,-0.9320941296030667,-0.9231819725908447,-1.3219280948873624
-0.2413793103448276,0,0.0,1,0,0,1,0,1,0,0,0,0,0,0,1,0,0.0,0.0,0.0,0.0,1.0,0.0,0.0,0.0,0.0,0.0,0.0,0.0,0,0,0,0,0,1,0,0,0,0,0,0,0,0,0,0,0,-0.44295302013422816,-0.3384836433827863,-1.4070699871624215,-2.039507733308835,-0.9320941296030667,-0.9231819725908447,0.0
1.6551724137931034,0,0.9000000000000057,0,0,0,0,1,0,0,0,1,0,0,1,0,0,1.0,0.0,0.0,0.0,0.0,0.0,0.0,0.0,0.0,0.0,0.0,0.0,0,0,0,1,0,1,0,0,0,0,0,0,0,0,0,0,0,-0.2550335570469799,0.10482317974624177,-0.5666074967421029,-0.33313313904221287,-0.6735777313074641,-0.5967878560467649,-1.3219280948873624
-0.6206896551724138,0,0.10000000000002274,1,0,0,1,0,1,0,0,0,0,0,0,1,0,0.0,0.0,0.0,1.0,0.0,0.0,0.0,0.0,0.0,0.0,0.0,0.0,0,0,0,1,0,1,0,0,0,1,0,0,1,0,0,0,0,-0.026845637583892613,0.04445150891262032,-0.5548522057019393,-0.45971183619556405,-0.325819435233824,-0.31255449400748914,-0.32192809488736235
-0.2413793103448276,0,0.9000000000000057,1,1,0,0,0,1,0,0,0,0,0,0,1,0,0.0,0.0,0.0,0.0,1.0,0.0,0.0,0.0,0.0,0.0,0.0,0.0,0,1,0,0,0,0,1,0,0,0,0,0,0,0,0,1,0,0.395973154362416,1.136504083554146,0.0723807270316097,-0.45971183619556405,0.5529695155633996,0.8495918482279355,-0.32192809488736235
0.5517241379310345,0,0.5,1,0,0,1,0,1,0,0,0,1,0,0,0,0,1.0,0.0,0.0,0.0,0.0,0.0,0.0,0.0,0.0,0.0,0.0,0.0,0,0,0,1,0,0,0,1,0,1,0,0,0,0,0,0,0,-0.21476510067114096,-0.22257156303447798,-0.3753043722993551,0.09954602329692071,0.47200931442734184,0.20748041370096285,0.6780719051126377
