tconst,runtimeMinutes,production_companies,original_language,keywords,genres,certification_us,profitable,release_year,budget_adj,release_month,primary_country
tt10648440,103.0,"[12987, 112927, 7036]",ko,"[10685, 5732, 10349, 10617, 251502]","[28, 35]",,1,2019,13717088.51166123,7,KR
tt5785170,155.0,"[91689, 28386, 80514, 86581, 86589]",hi,"[918, 1157, 5331, 6437, 9840, 159930, 194451]","[35, 18, 10749]",,1,2017,4859881.705918153,8,IN
tt4682786,97.0,"[79, 1785, 10039, 12, 24277, 907]",en,"[6054, 2300, 2655, 6203, 9872, 34079, 200234, 207525, 257714, 325767]","[18, 10749]",PG-13,0,2016,48293196.413022876,12,US
tt12536294,117.0,"[7493, 1618, 28473, 21546, 187987]",en,"[7376, 5809, 4833, 5565, 9672, 9332, 180546, 207317, 210608, 215634, 220649, 283085, 300091, 319319, 325835]",[18],R,0,2021,21387021.778469775,11,US
tt30327451,103.0,"[207, 83]",fr,"[3156, 8009, 156834, 192471, 243959, 325765, 325853, 325854]","[35, 18, 10402]",,1,2024,6260692.137042175,11,FR
tt5258850,117.0,"[9, 46760, 20484, 83, 104, 10611, 7131, 113342]",fr,"[2546, 3515, 90, 2504, 437, 11007, 13014, 166512, 173245, 180250, 250702, 258533]","[18, 80, 10752]",,0,2017,30210075.46922095,10,FR
tt1355631,127.0,[130197],en,"[1568, 5565, 14964, 18026, 314730, 315053, 316832, 325780, 325801, 325817, 325839, 325842]","[80, 18, 53]",R,0,2016,37561374.98790668,7,US
tt11905962,113.0,"[100821, 3451, 71156, 274894, 76049]",ru,"[1612, 4862, 9951, 9826, 13005, 198136, 226236, 230857, 233169, 268132]","[878, 18, 27]",R,0,2020,3233851.1454211995,7,RU
tt3460252,168.0,"[308, 215, 1811]",en,"[801, 1016, 2398, 1262, 7150, 12570, 33600, 156783, 187321, 207928, 290670, 309974, 315583, 364573]","[18, 9648, 37]",R,1,2015,59773077.62495424,12,US
tt30970235,158.0,"[212774, 115477]",hi,[],"[28, 53, 18]",,1,2024,2476635.385860342,2,IN
tt13957560,105.0,"[22146, 172841, 213595]",en,"[1700, 2954, 9672, 6127, 3643, 176834, 177493, 197056, 203322, 212737, 213828, 221004, 223039, 231709, 235611, 238768, 243959, 251324, 253419, 256040, 281585, 315053, 320253, 321464, 322077, 325773, 325791, 325795, 325804, 325831, 325842, 325855, 329574]","[36, 35, 18]",R,0,2023,31699252.297244437,9,US
tt10366206,169.0,"[3528, 23008, 264, 1632]",en,"[242, 779, 220, 90, 2708, 9663, 10291, 10642, 18103, 164092, 179430, 181644, 188955, 200235, 206041, 207268, 335874, 335875, 373589]","[28, 53, 80]",R,1,2023,105664174.32414812,3,US
tt5825380,101.0,"[1824, 20580, 12966]",en,"[3451, 9273, 160961, 165142, 208611, 246534]","[18, 10749]",PG-13,0,2017,32837038.553501036,12,US
tt36491653,103.0,"[2835, 12389, 20338, 165898, 94]",fr,"[9748, 18009, 200234, 207901]","[18, 53, 80, 9648]",PG-13,0,2025,6000000.0,10,FR
tt5974030,85.0,"[737, 89819, 107185]",en,[],"[35, 80, 18]",R,0,2019,5667177.589283468,10,US
tt2554274,119.0,"[101082, 923]",en,"[6259, 351, 3358, 6015, 9826, 33505, 33841, 162846, 193263, 221882, 273015, 311315, 314730, 325784, 325821]","[27, 9648, 10749, 18]",R,0,2015,74716347.0311928,10,US
tt4178092,108.0,"[3172, 32299, 69542]",en,"[520, 1157, 2587, 10352, 12565, 12670, 14632, 15162, 33467, 163933, 172274, 183126, 191260, 221192, 258841, 280263, 311278, 311279, 311280, 316832]","[53, 9648, 18]",R,1,2015,6792395.184653891,7,US
tt13405778,107.0,"[3172, 11341, 3287]",en,"[6152, 2723, 3616, 9663, 10114, 14893, 15001, 223914, 240119, 241161, 244530, 256183, 315058, 322255]","[27, 53]",PG-13,1,2023,16906267.8918637,7,US
tt7134096,109.0,"[7576, 104972, 20656, 290, 131913, 110799, 4]",en,"[818, 470, 9748, 13015]","[28, 53]",R,0,2020,62189445.104253836,1,US
tt5301662,118.0,"[82061, 128493, 152974, 11341, 10427]",en,"[6148, 10131, 10909, 207883, 214780]",[18],PG-13,0,2017,15761778.505680498,10,US
tt5758778,102.0,"[34081, 923, 73669, 33, 1778, 3341]",en,"[657, 478, 1418, 12354, 159450, 159894, 197644, 203857, 234619, 253686]","[28, 53, 12]",PG-13,0,2018,160276060.43167603,7,US
tt3224458,109.0,"[559, 81620, 188]",en,"[6054, 3230, 9672, 15120, 161194, 195240, 210608, 234765, 237469, 239275, 256492, 277478, 286027, 318113]","[36, 10751, 18]",PG,1,2019,31484319.94046371,9,US
tt21942866,102.0,"[41077, 123620, 831]",en,"[1566, 3030, 1992, 2116, 2117, 10123, 8201, 10235, 186835, 272553, 295907, 305613, 325777, 346773]","[35, 14]",R,0,2023,10566417.432414811,11,US
tt6251024,92.0,"[106820, 106821, 106822]",en,"[10685, 1438, 1556, 10292, 9826, 14673, 206559, 210605, 259376, 325812, 325836, 325846]","[35, 27, 28]",,0,2018,3205521.2086335206,6,US
tt4814290,136.0,"[78688, 78691, 158444, 7294]",hi,[165317],"[9648, 53, 80]",,0,2016,6800798.164381833,6,IN
tt27757805,159.0,"[35064, 79877, 115477, 248312]",hi,"[9714, 165317]","[28, 18, 53, 80]",,0,2024,21733838.802295916,12,IN
tt4425200,122.0,"[3528, 23008, 491]",en,"[779, 782, 588, 2708, 2405, 3271, 9663, 9748, 10950, 15162, 18103, 172872, 188955, 207268, 246238, 259094, 335871, 371509, 373589]","[28, 53, 80]",R,1,2017,52539261.68560166,2,US
tt7991608,118.0,"[34081, 73669, 102182]",en,"[1812, 6710, 6715, 10051, 14789]","[28, 35, 80]",PG-13,0,2021,190106860.25306466,11,US
tt5165344,148.0,"[91689, 86347, 3942]",hi,[179014],"[53, 18, 80]",,1,2016,8202262.699854722,8,IN
tt33247023,104.0,"[90733, 99366, 118408, 148258, 168539]",en,"[1357, 1553, 4373, 5732, 10827, 13063, 14602, 15160, 325761, 325770, 325776, 325779, 325781]","[35, 10749]",R,0,2025,20000000.0,8,US
tt9603212,163.0,"[4, 82819, 21777]",en,"[2546, 4776, 10364, 588, 3713, 3269, 470, 3864, 4289, 9663, 9846, 9679, 12347, 174915, 176802, 217415, 269769, 322496]","[28, 12, 53]",PG-13,1,2023,232461183.51312587,7,US
tt12226632,129.0,"[551, 10156]",en,"[596, 6075, 1228, 1556, 5565, 9672, 18035, 208289, 208992, 209476, 281585, 325824]","[36, 18]",PG-13,0,2023,33812535.7837274,4,US
tt1695843,123.0,"[2, 118854]",en,"[2343, 3358, 9872, 162846, 164246, 242130, 279987]","[35, 18, 14]",PG-13,0,2023,166738067.08350572,7,US
tt0385887,144.0,"[2297, 36209]",en,"[818, 5823, 10217, 41523, 155790, 161982, 181659, 207268, 208611]","[18, 53]",R,0,2019,32743692.73808226,10,US
tt5104604,101.0,"[264, 23449, 9350, 258]",en,"[2041, 233, 10121, 15162, 159602, 208152, 319397, 325856]","[12, 35, 16]",PG-13,0,2018,44877296.92086929,3,US
tt3113696,83.0,"[36685, 21139, 38159]",en,"[1812, 10292, 15001, 156075, 161261, 233436]","[28, 14, 27]",,0,2016,4695171.873488335,8,US
tt5460530,99.0,"[76777, 2373, 119944, 3312, 831, 119947]",en,"[818, 8653, 184352, 190327, 191199, 235592, 240315, 253807]","[28, 18, 53]",R,0,2017,36777483.17992116,3,US
tt10505316,149.0,"[77552, 591, 75242, 19037, 9, 117048]",fr,"[90, 818, 5933, 207928, 282150, 284103, 286925, 296659, 315053]","[18, 10749, 36]",,0,2021,24713891.832898404,10,FR
tt1658801,103.0,"[215, 52053, 1205, 491]",en,"[586, 6090, 9833, 10163, 264386, 325772]","[10749, 18]",PG-13,0,2015,9509353.258515447,10,US
tt11687104,89.0,"[117678, 1632, 82552, 157195]",en,"[6054, 2629, 5248, 6876, 9332, 40920, 157292, 159315, 164698, 171567, 187056, 194451, 220669, 225353, 229594, 231500, 233361, 234146, 252990, 280263, 281237, 295959, 301541, 314615, 321772, 329707, 329708]","[53, 18, 10749]",R,0,2022,4400995.819289395,12,US
tt5688932,112.0,"[12219, 14638, 79426, 103291, 103292]",en,"[2831, 8201, 9887, 6219, 12987, 182240, 182242, 210434, 228978, 235579, 239797, 241927, 246184, 293649, 309974, 320420, 325778]","[14, 878, 35]",R,1,2018,4103067.1470509064,7,US
tt1663202,156.0,"[77845, 508, 562, 8870, 10039, 10104, 13796, 52660, 41624]",en,"[570, 818, 970, 1442, 1468, 1262, 2522, 5160, 3593, 10292, 10322, 5774, 9672, 9468, 6536, 9454, 9714, 9748, 10349, 9826, 10468, 10794, 14808, 18165, 18330, 155573, 158175, 162722, 180173, 188266, 200234, 207928, 232116, 279414, 316832, 325766, 325854]","[37, 18, 12]",R,1,2015,183394669.98565507,12,US
tt5354160,147.0,"[84704, 84705]",bn,"[6078, 584, 6309, 9758, 11727, 13118, 33416, 156024, 156053, 178865, 186356, 213489, 257681, 265216]","[80, 9648, 53]",,1,2016,321954.6427534858,9,BD
tt31923069,119.0,"[127928, 3672, 22213, 278463, 279898]",en,"[894, 818, 5565, 159315, 163133, 208289]","[18, 10402]",PG-13,0,2025,55000000.0,10,US
tt1273221,118.0,"[15231, 3490, 135164, 13241, 9987, 5056, 262788, 114841, 4917, 240548, 34381, 114842]",en,"[818, 4565, 9016, 155532, 170620, 207268, 210389]","[80, 53]",R,0,2018,10257667.867627265,9,US
tt23289160,124.0,"[882, 182161, 12386]",ja,"[1299, 697, 11100, 11423, 4263, 4593, 9741, 160861, 161184, 161791, 162810, 179431, 180498, 207883, 226475, 244532, 245064, 248927, 257384, 267475, 317204]","[878, 27, 28]",PG-13,1,2023,15849626.148622219,11,JP
tt2869728,102.0,"[83397, 33, 49968, 2780]",en,"[6149, 10235, 9663, 15090, 161267, 217452]","[28, 35]",PG-13,1,2016,53659107.125580974,1,US
tt32323252,135.0,"[10039, 124854, 34455, 184023, 22146]",en,"[2013, 9672, 8232, 11925, 198585, 209476, 210608, 294708, 325761, 325772, 328926, 340972]","[36, 18]",R,0,2025,15000000.0,10,US
tt5090568,127.0,"[82819, 4, 435, 6734, 114732, 38831, 2598]",en,"[5967, 9951, 10150, 10542, 10891, 14544, 179431, 210608, 243959, 325761]","[878, 12, 28]",PG-13,0,2023,206045139.93208882,6,US
tt1519461,91.0,"[7377, 3172, 3272, 7437, 7215, 6302, 21223]",en,"[3268, 4409, 4862, 9951, 9738, 9739, 163053, 177163, 181635, 209193, 273439, 276164]","[27, 9648, 878]",R,0,2015,6792395.184653891,5,US
tt22375054,97.0,"[14, 169906, 173318, 231386]",en,"[242, 570, 10292, 6373, 11534, 9826, 10714, 11322, 158713, 179430, 180670, 200234, 207767, 281237]","[27, 53]",R,0,2024,4105371.8931424096,8,US
tt4532826,116.0,"[562, 25577, 491, 3528, 72441, 147437, 1632]",en,"[798, 2803, 4147, 4393, 11525, 9727, 10587, 10028, 41406, 161257, 164246, 212737, 217631, 281585, 309974, 311315, 325761, 325762, 325765, 325804]","[12, 28, 53, 14]",PG-13,0,2018,128220848.34534082,11,US
tt5884796,107.0,"[73492, 435, 103331, 149107, 76314]",en,"[3800, 3203, 6895, 170217, 249530, 321464]","[28, 12, 53]",R,1,2023,26416043.58103703,1,GB
tt4438848,92.0,"[10338, 16615, 17393, 33]",en,"[567, 3616, 9663, 10058, 10226, 18035, 157632, 193674]",[35],R,1,2016,46951718.73488335,5,US
tt9387250,113.0,"[66497, 27758, 146052, 117747, 99449, 10936, 150079, 9987, 12142, 88606, 240630, 125754]",en,"[9678, 1612, 779, 1430, 3801, 6044, 9951, 9748, 10085, 11322, 13031, 14643, 174375, 188957, 240485, 269233]","[878, 28, 53]",R,0,2020,87065223.14595537,10,US
tt2908446,119.0,"[491, 14440, 10227]",en,"[11196, 818, 2020, 4565, 9663, 12375, 206959, 281585, 290902, 290903, 291153, 298356, 348125, 366088, 372046, 373832, 373833]","[28, 878, 53]",PG-13,1,2015,149432694.0623856,3,US
tt5225338,76.0,"[38956, 85140]",en,"[10201, 10877, 12999, 157213, 315058]","[18, 27]",R,0,2016,402443.3034418573,12,US
tt7601480,136.0,"[86050, 119413]",ru,"[9717, 9118, 266745, 268132, 281237, 290906]","[28, 12]",PG-13,0,2021,11881678.765816541,4,RU
tt3464902,119.0,"[71265, 726, 850, 2345, 3353, 4508, 7254, 19246, 72597, 6705, 20277]",en,"[612, 1252, 1422, 4565, 9720, 9840, 10886, 9748, 15058, 170468, 200064, 213833, 226499, 240456, 276775, 325815, 325847]","[35, 18, 10749]",R,1,2015,5433916.147723113,10,GB
tt3170832,118.0,"[806, 3353, 7493, 35846, 6705, 1898]",en,"[818, 10685, 1533, 1337, 1930, 2883, 9229, 11612, 15162, 15381, 207597, 221605, 239797, 240237, 323809]","[18, 53]",R,1,2015,17660227.480100118,10,US
tt4943322,106.0,[93065],en,"[428, 2504, 9683, 210184, 214410, 325800]","[10749, 18, 10752]",,0,2017,52539261.68560166,3,US
tt6587640,91.0,[521],en,"[246, 6054, 6029, 727, 953, 3124, 2007, 9663, 9890, 10542, 11700, 12553, 12990, 13084, 18034, 33922, 164532, 179430, 179431, 186833, 207379, 225273, 252937, 286529]","[10751, 16, 35, 14, 12, 10402]",PG,0,2020,111941001.18765691,3,US
tt15575470,122.0,"[113586, 162275, 162276, 11590]",ko,"[378, 3799, 8083, 262404]","[28, 53, 27, 80]",,0,2022,9902240.593401138,9,KR
tt2080374,122.0,"[258, 1557, 6707, 8286, 78984, 33, 923]",en,"[6104, 5565, 9672, 240303, 240422, 316832, 325786, 325802]","[18, 36]",R,0,2015,40754371.107923344,10,US
tt11240348,95.0,"[14, 2180]",en,"[2626, 50009, 193319, 295907, 325765]","[27, 53]",R,0,2024,22579545.412283253,5,US
tt9006564,150.0,"[16399, 123541]",ml,[318307],"[53, 28, 12]",,1,2023,3180032.0079985484,5,IN
tt17009710,151.0,"[58568, 12389, 83, 109756]",fr,"[1157, 1442, 3183, 4690, 4715, 12660, 33519, 158718, 175421, 187056, 198423, 214780, 239797, 240237, 269808, 287417, 310777, 314730, 321464, 325765, 345257]","[53, 9648, 80]",R,1,2023,7079499.6797179235,8,FR
tt3794354,99.0,"[333, 10644, 77884, 4, 113750, 168701]",en,"[6054, 282, 582, 7312, 8015, 41645, 179431, 188933, 208927, 209220, 245230, 259376, 303310, 325762, 325832]","[28, 878, 35, 10751]",PG,1,2020,105722056.67723152,2,US
tt8008948,144.0,"[103330, 103331, 100033, 1632, 69850]",en,"[1384, 8440, 10051, 232766, 323114, 325844]","[28, 80, 53]",R,0,2025,40000000.0,1,US
tt5462602,120.0,"[7493, 10105, 88548]",en,"[520, 242, 2356, 789, 1253, 1647, 2466, 3485, 9672, 6656, 7021, 10235, 9732, 10132, 10428, 11612, 13072, 18035, 40895, 155939, 165576, 179430, 207844, 231544, 240367, 247606, 276162, 311882]","[35, 18, 10749]",R,1,2017,6567407.710700207,3,US
tt11858890,133.0,"[10104, 8147, 508, 206867]",en,"[310, 1293, 12190, 12375, 14544, 156039, 208349, 212757, 220903, 222665, 244256, 287526, 348204]","[878, 28, 12]",PG-13,0,2023,84531339.45931849,9,US
tt8503618,160.0,"[89394, 122645, 150839, 122647]",en,"[596, 2356, 417, 213, 2946, 1936, 4344, 5565, 6415, 10181, 12965, 13014, 159138, 160279, 162225, 165241, 185201, 190024, 196684, 197159, 206597, 207928, 229756, 230318, 240119, 246884, 328926, 334841, 340972]","[36, 18]",PG-13,0,2025,12500000.0,9,US
tt6793580,124.0,"[16569, 10031, 67412, 109477, 981, 33, 61358]",es,"[6075, 6713, 156076, 167550]","[35, 10751, 18]",,1,2018,6309715.891862135,4,ES
tt19890316,103.0,"[114131, 112520, 8739, 130465]",en,"[2695, 9799, 187056]","[10749, 35]",R,0,2023,3169925.2297244435,11,US
tt13640696,98.0,"[127929, 5654, 22213]",en,"[212, 5340, 4326, 9826, 12570, 207046, 208611]","[9648, 35, 80]",PG-13,0,2022,44009958.192893945,9,GB
tt3623726,101.0,"[34034, 1274, 559, 2527]",en,"[2570, 1013, 4995, 10235, 15160, 190069]","[35, 18, 10402]",PG-13,0,2015,24452622.664754007,7,US
tt33088452,116.0,"[95966, 140519, 216687, 47, 220749]",en,"[6270, 818, 12335, 5922, 10201, 9844, 11696, 10614, 12279, 175421, 198522, 202798, 208397, 233083, 240315, 241738, 245358, 252104, 269719, 285623, 316396, 319319, 325761, 325762, 325765, 325778, 325835, 343234, 345457]","[10749, 18]",PG-13,1,2025,30000000.0,10,US
tt1798632,94.0,"[3172, 433, 33]",en,"[657, 818, 1475, 10683, 9679, 9815, 14742, 245702, 251513, 280543, 288816, 298499]","[27, 878, 53]",R,0,2022,13202987.457868183,5,US
tt6062774,102.0,"[116960, 2586, 7970, 7062, 6517, 2801, 2345, 53766, 157379, 254, 88231]",es,"[1562, 1262, 190337, 245497, 256736, 325811]","[18, 53, 80, 10752]",R,0,2019,2266871.035713387,8,CO
tt6428676,85.0,"[2348, 24955, 5653, 4]",en,"[18165, 155582, 240422, 275041]","[35, 16, 12, 10751, 14]",PG,0,2019,125937279.76185484,3,US
tt6495056,83.0,"[33, 6704]",en,"[1339, 3289, 1729, 8044, 11477, 18035, 18165, 18293, 218182, 277462]","[10751, 35, 12, 16]",PG,1,2023,76078205.51338665,12,US
tt4139124,100.0,"[12, 88934, 106497, 41624]",en,"[2708, 3149, 3688, 156143, 167541, 179430, 179431, 208009, 227198, 227201]","[28, 35, 80]",R,0,2016,20122165.172092866,4,US
tt19637052,104.0,"[6705, 129195, 41077, 173376]",en,"[1849, 1936, 1812, 1508, 1664, 3183, 2355, 6782, 8696, 10155, 9826, 11719, 11322, 14570, 14707, 33421, 33610, 158718, 161194, 163412, 187056, 191005, 205276, 207268, 207888, 208156, 208289, 212643, 226429, 240303, 264386, 283085, 325773, 325785, 325812, 325813]","[80, 10749, 53]",R,0,2024,10263429.732856024,3,US
tt28443655,107.0,"[41077, 123620, 89386, 114130, 255801]",en,"[10123, 5457, 163227, 177895, 209568, 221204, 302130, 310396, 333529, 369092, 373636, 373637, 373638, 373639, 373640]","[27, 14, 35]",R,0,2025,15000000.0,3,US
tt15789038,101.0,[3],en,"[657, 4627, 10159, 179431, 268053, 271672, 282997, 288816, 324429, 324713, 325824]","[16, 35, 10751, 14, 10749]",PG,0,2023,211328348.64829624,6,US
tt14402146,115.0,"[127929, 1522, 22213]",en,"[392, 9673, 10131, 12425, 41329, 161849, 187224, 208289, 236378, 241927, 274951]","[18, 10749]",R,0,2022,14853360.890101707,12,US
tt5270948,106.0,"[85100, 10289, 2801, 235077]",en,"[6078, 1700, 2944, 3407, 3450, 3692, 9665, 13063, 165042, 190531, 199524, 200918, 205276, 208992, 211659, 215664, 232076, 249136, 251667, 266753, 315323, 316241, 316832, 323809, 325780, 325788, 325789, 325790, 325792, 325794, 325798, 325800, 325801, 325808, 325828, 325836, 325841]","[36, 18, 53]",PG-13,0,2018,43595088.437415875,4,US
tt0983946,109.0,"[3172, 5, 172892]",en,"[1964, 6152, 11168, 156630, 170351, 177895, 179468, 235530, 243959, 256183, 256669, 269769, 305619]","[12, 14, 27, 9648]",PG-13,1,2020,8706522.314595537,2,US
tt30321146,94.0,"[59558, 224036, 142877]",en,"[10123, 10292, 10327, 6506, 9632, 9826, 10714, 12339, 14882, 14901, 183240, 228988, 271944, 281237, 309386, 325844]","[18, 27, 53]",NR,1,2024,615805.7839713615,5,CA
tt3447590,117.0,"[10163, 214904]",en,"[516, 417, 295, 2343, 291, 4344, 5561, 10181, 5086, 9714, 15025, 15101, 18020, 154884, 162936, 195323, 208774, 225466, 229809, 235333, 262278, 333529]","[10751, 35, 14]",PG,0,2022,27506223.870558716,11,GB
tt12718300,98.0,[14],en,"[818, 156031, 159534, 161184, 256330, 259376, 276775, 290395, 315310, 319397, 325809, 325846, 325856, 325857]","[35, 9648, 80]",R,0,2022,22004979.096446972,9,US
tt1563742,112.0,"[21, 58399, 105116]",en,"[1453, 9714, 9748, 10910, 34143]","[10749, 35]",PG-13,1,2018,15386501.801440898,4,US
tt2649554,112.0,"[19246, 50914, 174, 41624, 7493]",en,"[720, 6086, 3713, 970, 1420, 1562, 1812, 1556, 2669, 2752, 5404, 10562, 10950, 162365, 162766, 170865, 226471]","[12, 18, 878]",PG-13,0,2016,24146598.206511438,2,US
tt9779516,116.0,"[100855, 1632, 144002]",en,"[5565, 9840, 253695]","[10402, 18, 10749]",PG,0,2020,14925466.82502092,3,US
tt5052474,122.0,"[3528, 33681, 5, 1632, 41921]",en,"[10084, 591, 417, 5616, 9663, 10950, 14601, 14707, 175056, 188953, 207268, 213914, 217064, 369598, 373668]","[28, 80, 53]",R,0,2018,44877296.92086929,6,US
tt10919380,102.0,"[33, 3172, 89115]",en,"[6270, 10292, 9826, 10714, 12339, 12394, 33721, 33910, 168468, 255299]","[27, 35]",R,1,2020,7462733.41251046,11,US
tt8722346,132.0,"[101758, 106836, 111073, 53152, 106839, 13240]",en,"[10562, 11550, 11522, 173579, 184783, 187056, 240165]","[80, 18, 10749]",R,0,2019,25187455.952370968,11,US
tt27050277,101.0,"[7345, 12406, 108769, 104, 201633, 67412, 33, 12407, 265749]",es,[10123],"[53, 80]",R,0,2024,5542252.055742253,1,ES
tt4520988,103.0,[6125],en,"[7376, 2343, 4152, 1442, 2011, 3098, 4344, 9663, 9862, 13153, 179430, 181128, 209386, 210434, 240315, 325786]","[10751, 16, 12, 35, 14]",PG,1,2019,188905919.64278227,11,US
tt2494362,132.0,"[11049, 36109, 116266, 147956, 88455, 89741, 43808]",en,"[10084, 798, 1563, 502, 351, 11436, 3593, 10292, 10148, 10322, 9897, 9826, 11181, 13017, 14808, 14895, 15381, 33424, 160799, 168713, 185441, 192865, 220704, 279115, 325797, 325846, 332598]","[37, 27, 18]",NR,0,2015,2445262.266475401,10,US
tt5883570,120.0,[144823],en,"[897, 898, 977, 3616, 158763, 259359]","[18, 35, 10402]",R,0,2018,19233127.251801122,11,US
tt27543632,131.0,"[1632, 221429, 198785, 284257]",en,"[818, 2887, 12565, 17997, 155267, 155619, 191009, 193294, 197582, 286957, 295809, 314730, 316332, 319190, 372319, 372320]","[9648, 53]",R,1,2025,35000000.0,12,US
tt3566834,101.0,"[174, 923, 110691, 829, 159602, 216687]",en,"[6054, 9887, 4759, 7939, 4781, 9713, 10349, 12377, 41645, 179430, 179431, 189092, 209220, 259376, 267770, 275041, 285485, 293198, 325813, 333983]","[10751, 14, 35, 12]",PG,1,2025,150000000.0,3,US
tt29929565,104.0,"[41077, 106839, 79426]",en,"[3490, 6158, 12565, 199783, 281776]","[27, 9648, 53]",R,0,2025,10000000.0,3,US
tt11210390,112.0,"[20409, 83068, 7981, 120768, 11773, 175064, 356]",fr,"[478, 167541, 187305, 258962, 320420]","[10751, 35, 12, 14]",PG,0,2023,76078205.51338665,2,FR
tt10651230,114.0,"[6550, 171692, 51044, 250, 53527, 125737, 209539]",pl,"[596, 818, 4402, 11534, 21747, 154909, 161919, 192772, 207928, 272737, 281588, 293805, 311422, 351922]","[16, 36, 18]",R,0,2023,7898397.0307300715,10,PL
tt6343314,130.0,"[21, 12, 8880]",en,"[6075, 9823, 9663, 12670, 200918, 209476, 210434, 225219, 232358, 239850, 272265, 325765, 325766, 325768, 325775, 325784, 325786, 325811, 325817, 325853]","[18, 28]",PG-13,1,2018,64110424.17267041,11,US
tt15428134,160.0,"[2343, 44163, 115477]",hi,"[2803, 325763]","[12, 35, 18]",,0,2023,15321305.277001478,12,IN
tt2567026,113.0,"[37455, 2, 16314, 598, 8601]",en,"[818, 1507, 2011, 4379, 3667, 9663, 15101, 177895, 179430, 179431, 202798, 203699, 228876, 245230, 286957, 325792, 325794, 325797, 325798, 325799, 330923, 366118]","[12, 10751, 14]",PG,0,2016,228051205.28371915,5,US
tt4906960,136.0,"[86592, 3522]",hi,"[1228, 10051, 159660, 191819, 239118, 239119, 239663]","[28, 53]",,0,2017,16155822.96832251,9,IN
tt3859304,100.0,"[1974, 11341]",en,"[1415, 650, 2494, 175821, 208820, 227703]","[18, 35]",R,0,2016,4695171.873488335,1,US
tt4940370,108.0,"[28005, 28004, 2801, 50804, 74741, 2802]",sv,"[2106, 10123, 9663, 9856, 10938]","[12, 35]",,0,2016,13414776.781395243,12,SE
tt3564472,122.0,"[49968, 33, 214539]",en,"[6029, 5248, 11528, 160213, 161298, 221023, 286407, 293203]","[35, 10749, 12]",R,1,2017,24956149.300660785,7,US
tt3850590,98.0,"[33, 923, 215994]",en,"[1442, 65, 1991, 3373, 9856, 11183, 10794, 13031, 14755, 14796, 15001, 156783, 185343, 207317, 215571, 279636, 323756, 325763]","[27, 35, 14]",PG-13,1,2015,20377185.553961672,11,US
tt3513500,97.0,"[2, 10227]",en,"[6513, 12670, 41368, 156091, 179431, 209220, 244976, 267608]","[16, 10751, 35, 12, 9648]",PG,0,2022,77017426.83756441,5,US
tt4667094,92.0,"[126633, 7437, 10427]",en,"[9755, 11931, 33626, 325783]","[10749, 35]",R,0,2016,26829553.562790487,1,US
tt12801262,95.0,[3],en,"[6054, 1299, 131, 3289, 10683, 9713, 12648, 33696, 155480, 179430, 187224, 208611, 235070, 271672, 279550, 287662, 325761]","[16, 35, 18, 10751, 14]",PG,0,2021,237633575.31633082,6,US
tt23875550,135.0,"[171418, 101950]",kn,[],"[53, 14]",,0,2024,12069793.365838684,12,IN
tt4573516,89.0,"[57537, 73625, 10339]",en,"[2231, 456, 2343, 1930, 5923, 12670, 14809, 34079]","[18, 53, 28, 878]",R,1,2017,328370.38553501037,4,US
tt5824826,125.0,"[75835, 75836]",te,"[2692, 6038, 9673, 184783]","[10749, 35]",,1,2016,268295.5356279049,7,IN
tt26743210,125.0,"[521, 2527]",en,"[334, 5895, 9714, 12554, 14643, 192913, 245230, 315310]","[14, 10751, 28, 12]",PG,1,2025,150000000.0,6,US
tt5286444,122.0,"[12154, 71966]",hi,"[4245, 5565, 9672, 10184, 13015, 15249, 156525, 185266]","[18, 53]",,1,2016,3890285.2666046205,2,IN
tt4682788,123.0,"[97390, 97391, 1020, 112061]",es,"[736, 818, 2150, 5565, 9672, 8996, 10175, 18026, 208289]","[80, 18]",R,1,2017,6130028.86501991,12,ES
tt5638642,94.0,"[8147, 85284, 24049]",en,"[642, 1299, 818, 3030, 1192, 5827, 5475, 5774, 9713, 9872, 9826, 3623, 33720, 50009, 155071, 179101, 189931, 209568, 223620, 325765]","[27, 9648]",R,0,2017,1313481.5421400415,10,GB
tt1966359,113.0,"[1088, 2364, 174]",en,"[1196, 242, 11546, 15016, 171068, 184430, 223232, 232225, 240119, 240237, 243959, 295809, 325652, 325653, 325654]",[35],R,0,2017,32837038.553501036,12,US
tt32106176,161.0,[253797],hi,"[1701, 14636]","[28, 18, 36]",,0,2025,7001179.0,5,IN
tt6359956,104.0,"[47729, 3929, 91921, 3393, 33]",en,"[65, 207317]",[35],R,1,2017,36777483.17992116,8,US
tt5310090,109.0,"[44163, 2320, 11835, 14294]",ta,"[417, 6075, 187056, 198585]",[18],,1,2016,402443.3034418573,1,IN
tt4383594,87.0,"[55244, 6896]",en,"[977, 4375, 41538, 208152, 214538, 229871]","[14, 35, 10751]",PG,0,2016,40244330.34418573,8,FR
tt4809458,77.0,"[23595, 72733, 23011]",nl,"[6054, 966, 1890, 3230, 9673, 13088, 14714, 18425, 157303]",[35],,0,2016,2343167.109272376,7,NL
tt8079248,116.0,"[10163, 221513]",en,"[4048, 2032, 6344, 6579, 158431, 162066, 175629, 198423, 311315, 325782]","[35, 14, 10402, 10749]",PG-13,1,2019,32743692.73808226,6,US
tt6217564,90.0,[100164],fa,[],"[18, 35]",,1,2017,19702.223132100622,7,IR
tt15654328,164.0,"[106088, 182074]",ta,"[268839, 296118, 314730, 325811, 325812, 332959, 333219, 342910, 352123]","[28, 80, 53]",NR,0,2023,44610658.900808915,10,IN
tt20969586,127.0,"[420, 176762]",en,"[242, 9715, 3289, 9717, 33637, 159315, 179430, 179431, 180547, 181655, 240303, 243999, 245064, 285485, 285809, 299368, 307320, 329753]","[28, 878, 12]",PG-13,0,2025,180000000.0,4,US
tt32792934,98.0,"[169906, 103292, 6736, 262513, 275856]",en,"[5767, 6733, 10079, 222165, 244530, 266753, 281237, 281445, 283085, 295907, 296608, 309060, 325780]","[18, 53]",R,0,2025,1000000.0,12,US
tt2935476,119.0,"[284, 288, 43, 22213]",en,"[4932, 3020, 548, 818, 8250, 10048, 11004, 10911, 15060, 17997, 207928, 226974, 252596, 325767]","[18, 10749]",PG-13,0,2015,19697946.035496283,4,US
tt13070038,95.0,"[6626, 107108, 88606, 158529, 107107]",en,"[818, 9673, 10791, 208327]","[10749, 18]",R,0,2022,15403485.367512882,8,US
tt7040874,117.0,"[61791, 13240]",en,"[1415, 818, 4129, 10123, 5248, 11152, 12392, 14768, 15208, 156091, 200234, 225012, 238768, 281445, 320420, 325773, 325778]","[53, 35, 9648]",R,1,2018,25644169.669068165,9,US
tt1448754,106.0,"[175140, 18142, 143790]",en,"[1415, 4426, 65, 1700, 4543, 10123, 2187, 8982, 9826, 10714, 10907, 12339, 12570, 179430, 234906, 237378, 250279, 268132, 274507, 279729, 282828, 288882, 305666, 309061, 323756]","[27, 9648]",R,1,2023,15849626.148622219,11,US
tt3921314,162.0,"[43239, 124825]",fa,"[789, 187, 5565, 11001, 12562, 221124, 230252, 252571, 259108, 309821, 325762]","[36, 18]",,0,2015,67923951.84653892,8,IR
tt30955489,103.0,"[125281, 149696, 125060, 829, 3287, 22213]",en,"[616, 10224, 8303, 10349, 11469, 10854, 11059, 12339, 18508, 34079, 41645, 158126, 193167, 207046, 228795, 256183, 283085, 295907, 315058, 342197]","[27, 9648]",R,1,2025,15000000.0,4,US
tt12299608,137.0,"[81, 168228, 81024, 216687, 174]",en,"[818, 10123, 3801, 10085, 10158, 13031, 195114, 215131, 252937, 298603, 343236, 351133, 373559, 373560, 373561, 373562, 373563]","[878, 35, 12]",R,0,2025,118000000.0,2,US
tt7160372,105.0,"[27543, 113962, 103376, 41077, 6705]",en,"[1157, 818, 2652, 1631, 1739, 1956, 2450, 2105, 5565, 9672, 11489, 14900, 207883, 208260, 265396]","[18, 36, 10752]",PG-13,1,2023,15849626.148622219,12,US
tt3704050,94.0,"[805, 85681, 15507, 2254, 806]",en,[],"[18, 53, 9648]",R,0,2015,13041398.75453547,10,CA
tt9620292,113.0,"[82968, 7493]",en,"[6259, 5483, 2494, 9740, 9748, 157716, 160246, 184352, 187056, 187677, 208759, 220209, 232090, 260428, 288868, 290527, 325773, 325846]","[53, 80, 18]",R,0,2020,12437889.020850768,12,US
tt11389872,145.0,"[127928, 133024, 89254]",en,"[11195, 4152, 690, 4565, 2552, 4458, 5350, 9663, 11477, 11239, 14759, 14762, 34152, 177280, 188953, 189092, 275266, 307212]","[878, 12, 28]",PG-13,0,2024,164214875.72569638,5,US
tt16915972,119.0,"[7872, 104946, 72491, 198917]",id,"[4720, 6152, 10224, 6158, 9663, 13073, 15001, 40931, 156075, 162846, 230191, 241403, 245501, 256183, 270308, 286239]","[27, 9648]",,1,2022,1100248.9548223487,7,ID
tt4936450,128.0,"[729, 5545, 591]",ro,"[6093, 3687, 4666, 10735, 14735, 18035, 34094, 185740, 240303]",[18],R,0,2016,2682955.3562790486,5,RO
tt4857264,106.0,"[10128, 11068, 55260, 35559, 67412, 5085, 29566, 108143, 111300]",es,"[107, 4480, 769, 157292, 174089, 180724, 207525, 207898, 226302, 236429, 274297, 350231, 372306, 372337]","[18, 9648, 53]",,1,2017,5253926.168560166,1,ES
tt14966898,93.0,"[169906, 131223, 195800, 204763, 110799, 6736]",en,"[242, 3741, 1228, 6152, 3335, 9712, 3298, 3363, 10292, 10163, 14999, 156075, 156835, 160840, 161261, 162810, 163053, 163055, 171261, 208397, 223036, 232795, 236458, 242216, 251513, 256183, 257974, 268054, 274650, 291865, 293649, 308291, 308664, 325763, 325847, 346773, 361084, 365923]",[27],R,1,2024,2052685.9465712048,3,US
tt5034474,95.0,"[8997, 80485]",en,"[782, 3149, 11315, 9748, 239375]","[28, 80, 53]",R,0,2016,6707388.390697622,6,US
tt4129428,161.0,"[91484, 2320, 164864, 80427]",hi,"[703, 4344]","[12, 35, 9648, 10749]",PG,0,2017,25875586.380158816,7,IN
tt10342730,93.0,"[2061, 1632, 6680, 157697]",en,"[9663, 9826, 11734, 50009, 167081, 207694, 240119, 259984, 275475, 295702]","[27, 9648]",R,0,2021,23763357.531633083,5,US
tt6306064,96.0,"[47729, 62693, 126, 3393]",en,"[544, 1459, 1422, 2215, 3180, 4459, 9672, 6611, 10349, 33494]","[53, 10749, 12]",PG-13,0,2018,44877296.92086929,5,US
tt2638144,123.0,"[21, 4, 23920, 19857]",en,"[818, 186, 3339, 5049, 9714, 10085, 18396, 222185, 230097, 232766]","[28, 36, 12, 18]",PG-13,0,2016,134147767.81395243,8,US
tt11092020,104.0,"[1632, 144763, 221429, 168705, 115026]",en,"[5265, 470, 5153, 15218, 281576, 302132, 302294]","[28, 53]",R,0,2025,40000000.0,5,US
tt10618286,131.0,[145174],en,"[886, 888, 5565, 12396, 12999, 33457, 214548, 227561]","[18, 36]",R,0,2020,31094722.552126918,11,US
tt5433140,141.0,"[33, 333, 1225, 34530]",en,"[9663, 9748, 10085, 10039, 18035, 175102, 286354, 325778, 325779, 325816]","[28, 80, 53]",PG-13,0,2023,359258192.7021036,5,US
tt32159989,138.0,"[46344, 23, 6831, 210099]",en,"[1157, 490, 5857, 3548, 9268, 11322, 12565, 54611, 164224, 189361, 190327, 212059, 215450, 221188, 239797, 244530, 257783, 269678, 286925, 313171, 322037, 325763, 325764, 325787, 325827]",[18],R,0,2025,20000000.0,10,US
tt2872750,85.0,"[694, 297, 20664]",en,"[3020, 1453, 548, 3289, 10121, 11469, 11612, 12392, 12401, 15162, 18118, 154846, 196705, 197065, 197361, 219906, 230385, 288816, 319397, 325779, 325784]","[10751, 16, 35, 12]",PG,1,2015,33961975.92326946,2,GB
tt2126355,114.0,"[12, 79, 34081, 174]",en,"[387, 582, 4631, 3521, 6941, 10617, 12670, 14605, 14760, 155888, 158070, 188351, 189411, 208368, 213896, 214465, 218032, 222529, 224622, 231121, 276605, 302933, 321464, 331368, 331369]","[28, 18, 53]",PG-13,1,2015,149432694.0623856,5,US
tt4028464,117.0,"[21979, 8288, 79811, 92840, 88231]",no,"[1475, 1646, 1468, 190567, 207597]","[27, 18, 14]",,0,2021,4039770.780377624,9,NO
tt4917224,90.0,"[22061, 92335, 92336, 21792, 92337, 93419, 17393, 130808]",en,"[6054, 10614, 15160, 33626, 34079, 161304, 161306, 166490, 168346, 188960, 209517, 281237, 316832, 325801]","[18, 53]",R,0,2017,7224148.481770228,9,US
tt2980210,98.0,"[4171, 96, 76642, 96594, 12075, 54537, 74208, 17653]",en,"[5174, 1419, 9673, 13005, 18254, 207264]","[35, 18]",R,0,2016,40244330.34418573,4,US
tt6911608,114.0,"[34441, 4171]",en,"[1200, 4344, 9663, 174363, 179430, 235134, 247733, 286529, 311632, 316611, 325781, 325832, 325856, 375047]","[35, 10749]",PG-13,1,2018,96165636.25900562,7,US
tt1528854,96.0,"[4, 4740, 19177]",en,"[970, 5905, 6669, 10235, 9823, 18035, 161194, 240119, 240303, 372584]",[35],PG-13,1,2015,67923951.84653892,12,US
tt4649466,141.0,"[25, 5374, 78995, 22213]",en,"[83, 470, 4289, 1295, 9663, 9679, 33705, 228434, 303310, 325765]","[28, 12, 35, 80, 878]",R,1,2017,136602080.3825643,9,US
tt3833480,123.0,"[1020, 105330, 137004]",en,"[818, 3541, 9672, 7158, 13065, 202371, 239847, 240548, 251667, 252104, 325823, 325851, 325856]","[10752, 18, 36, 28]",R,0,2020,22388200.237531383,6,US
tt2452244,89.0,"[12, 13240, 8000, 115634, 235046]",en,"[242, 8201, 9799, 9755, 9840, 11931, 171567, 202749, 262125, 269528]","[35, 14, 10749]",PG-13,0,2019,39040556.726175,2,US
tt4287320,110.0,"[49325, 80834, 4171, 1785, 214507, 6736]",en,"[1576, 5824, 15009, 218132, 259046, 260521, 298605]","[18, 53, 878]",PG-13,0,2017,23642667.758520745,4,US
tt9537292,163.0,"[38582, 69898]",te,"[732, 4217, 11612, 14514, 34143, 170361, 195889, 267853]","[28, 35, 18, 10751]",,1,2020,14241382.92887413,1,IN
tt13345606,96.0,"[7893, 129815, 12, 467]",en,"[380, 3725, 6152, 3521, 10292, 9663, 12670, 15001, 156075, 157466, 161184, 161261, 176227, 210281, 241738, 256183, 256330, 283085, 286239, 311998, 316832, 325818, 325823]","[27, 53]",R,1,2023,15849626.148622219,4,US
tt2076822,109.0,"[80680, 1632, 13240, 787, 72441, 147591, 47706, 53152]",en,"[818, 4565, 4458, 220815, 246466, 325793]","[14, 878, 12]",PG-13,0,2021,148520984.57270676,2,US
tt10028196,159.0,"[2140, 6808, 4]",hi,"[791, 818, 9714, 14636, 158628, 165317, 191819, 367222]","[18, 10749, 35]",PG-13,0,2022,25305725.96091402,8,IN
tt1667321,110.0,"[11752, 288]",en,"[739, 818, 2675, 2676, 5436, 156578, 208992, 226974, 238613]","[18, 10749]",R,1,2018,956490.3446102224,1,GB
tt19847976,137.0,"[33, 2527]",en,"[616, 818, 4344, 5248, 10181, 9663, 10453, 9675, 156024, 165468, 170362, 177894, 177912, 181659, 185201, 188277, 196785, 198623, 248327, 325763, 325769, 343709, 345225, 361994]","[14, 12, 10749]",PG,1,2025,150000000.0,11,US
tt2005151,114.0,"[1557, 83036, 41624, 174]",en,"[417, 6212, 5939, 6974, 14964, 229488]","[35, 80, 18]",R,0,2016,67073883.906976216,8,US
tt6921996,89.0,"[10163, 221513]",en,"[2898, 470, 3098, 9755, 9663, 9253, 12547]","[28, 12, 35]",PG,1,2018,32055212.086335205,9,GB
tt14598754,145.0,"[165520, 165521, 75199]",pa,[],"[35, 18, 10749]",,1,2021,1265951.286622072,10,IN
tt3371366,154.0,"[4, 435, 38833, 38831, 2598]",en,"[392, 4238, 10542, 10466, 10891, 13194, 14544, 179431, 239155, 256046, 309008]","[28, 12, 878]",PG-13,1,2017,285025494.644389,6,US
tt7657566,127.0,"[28788, 127928, 221347, 297110]",en,"[1160, 818, 703, 2676, 2906, 9714, 197582, 207046, 214548, 325819]","[9648, 80, 53]",PG-13,0,2022,99022405.93401137,2,US
tt4123432,142.0,"[174, 437]",en,"[378, 616, 220, 2343, 6085, 2803, 10541, 33499, 158718, 170362, 177912, 195269, 214548, 246466, 269233, 325765, 325842]","[14, 12]",PG-13,0,2022,220049790.96446973,4,US
tt4888834,166.0,[73692],ml,"[789, 2217, 4096, 6162, 9672, 9673, 18035]","[18, 10749]",,1,2015,2581110.1701684785,9,IN
tt5946128,151.0,"[2343, 19146, 78597]",hi,"[894, 4606, 10683, 11268]","[18, 10749]",PG-13,0,2016,5768354.015999955,11,IN
tt5779228,101.0,"[1088, 31922, 144610, 129773, 11341, 229807, 178792]",en,"[6054, 977, 3289, 9717, 8133, 10159, 10244, 10637, 15162, 166726, 179430, 240119, 286957]","[10751, 35, 12, 16]",PG,1,2024,61580578.397136144,4,US
tt1833116,113.0,"[3528, 36109, 122390]",en,"[378, 242, 818, 3149, 10291, 156121, 163589, 259443, 261101]","[18, 80, 53]",R,0,2019,75562367.85711291,8,GB
tt14107334,133.0,"[4, 131464, 28788, 216687]",en,"[818, 4325, 10349, 10562, 162339, 244256, 325843, 350338, 372391, 372661, 372662, 372663, 372667, 372668, 373680, 373681]","[28, 53, 878]",R,0,2025,110000000.0,11,US
tt4877122,86.0,"[5, 2251, 34034]",en,"[3289, 9755, 278823, 315968]","[16, 10751, 35]",PG,1,2017,65674077.10700207,7,US
tt5461944,123.0,"[80468, 7584, 2806, 2520, 262557, 7888, 29051, 120234, 3528, 108014]",en,"[1157, 4110, 9672, 14636, 15354, 18070, 158774, 182100, 252104, 322590]","[53, 36, 18, 28]",R,0,2019,31484319.94046371,3,US
tt6160448,136.0,"[437, 181486, 41077]",en,"[818, 5096, 6018, 10041, 235565, 246199, 308577]","[35, 18]",R,0,2022,110024895.48223487,11,US
tt10343028,114.0,"[30666, 146684, 19671, 73492, 10146]",en,"[2921, 1158, 4412, 5638, 8646, 10261, 158679, 165402, 208289, 227656, 262709]",[18],R,0,2022,16503734.32233523,10,US
tt4030600,96.0,"[85283, 1224, 47729]",en,"[2024, 6152, 9955, 157146, 187056, 206298, 207844]","[27, 53]",PG-13,1,2017,9719763.411836306,1,US
tt1825683,134.0,[420],en,"[409, 9715, 9717, 179430, 179431, 180547]","[28, 12, 878]",PG-13,1,2018,256441696.69068164,2,US
tt7914416,96.0,"[103655, 103894]",ja,"[6026, 9732, 12377, 33490, 50244, 163053, 274650, 290279, 374479]","[35, 27, 18]",,1,2017,68834.31369739102,11,JP
tt4935418,97.0,"[12142, 560, 80529]",tr,"[6154, 6158, 5733, 8015, 9714, 12565, 41410, 161214, 240377, 283085]","[27, 53]",NR,0,2015,475467.66292577237,12,TR
tt9207700,94.0,"[18156, 136765, 2451, 1632]",en,"[2679, 161192, 209792, 325761, 325765, 325795, 325812, 325835, 325837]","[35, 18]",R,1,2020,126044.3235483996,7,GB
tt11317142,77.0,"[123193, 152014, 152015, 152012, 117621, 121140]",en,"[242, 970, 1595, 3183, 2315, 10683, 11211, 158718, 170560, 187056, 187197, 207844, 209792, 227102, 251667, 259376, 267019, 268132, 292593, 319397, 320420, 324429]","[35, 18]",NR,0,2021,297041.96914541355,3,US
tt5478478,134.0,"[22842, 47169, 32554, 103529]",en,"[4129, 680, 1508, 2914, 10322, 4967, 9872, 9826, 12371, 14546, 14707, 155805, 188235, 207928, 215162, 239924, 305021, 312898]","[18, 37, 36, 12]",R,0,2017,72241484.81770228,12,US
tt4864932,133.0,"[60536, 2320, 6854]",hi,"[779, 1930, 526]","[28, 53, 10749, 12]",NR,1,2016,6845560.5915459925,4,IN
tt3014866,113.0,"[6363, 48738, 91929, 40822, 1632, 1020, 342, 491]",en,"[10364, 591, 642, 1563, 1568, 7033, 10937, 13015, 14707, 15234, 15271, 46955, 226499]","[28, 80, 878]",R,0,2016,42256546.86139502,4,US
tt1999890,89.0,"[11533, 100033, 112554, 1632, 5490]",en,"[6259, 3335, 10714, 12339, 155582, 176182, 232795]","[27, 53]",R,1,2018,7052146.658993745,9,US
tt14723224,125.0,"[59149, 163037]",hu,"[1244, 9672, 15126, 33856]","[80, 18]",,0,2021,2970419.6914541353,10,HU
tt4428398,98.0,"[177030, 142311, 127847, 75234, 144803, 150709, 67732, 178860, 5612]",en,"[233, 1462, 9714, 12425, 15284, 168297, 168929, 178898, 179430, 179431, 234346, 269233, 320420, 325844]","[16, 12, 35, 10751]",PG,0,2022,49511202.967005685,7,US
tt3281548,135.0,"[5, 508, 84041]",en,"[242, 380, 818, 1700, 10683, 9714, 15060, 179585, 207317, 207928, 241738, 247152, 273293, 280940]","[18, 10749]",PG,1,2019,50374911.904741935,12,US
tt7653254,137.0,[437],en,"[1326, 242, 1157, 970, 4333, 6521, 10909, 12670, 15160, 172471, 210434, 239797, 321464]",[18],R,0,2019,22668710.357133873,9,GB
tt3076658,133.0,"[21, 12, 8880]",en,"[240, 534, 276, 6075, 1310, 1482, 10163, 15285, 17977, 156330, 186779, 209476, 210772, 229298, 245031]",[18],PG-13,1,2015,50263724.36643879,11,US
tt6264654,115.0,"[27711, 2575, 104228, 125000, 127928]",en,"[1701, 310, 282, 4563, 1419, 4950, 10439, 15363, 161966, 202838, 210434, 236580, 276747, 345062]","[35, 12, 878]",PG-13,1,2021,130698466.42398195,8,US
tt11358390,93.0,"[50032, 33, 197279]",en,"[3133, 11734, 15011, 208736, 211706, 217083, 223165, 232533, 261274, 280688, 283201, 303310, 312898, 325765, 373316, 374167, 374168, 374169]","[35, 14, 27]",R,0,2023,68681713.31069627,4,US
tt11285908,130.0,"[103323, 7036, 112425, 126469]",ko,"[5096, 3347, 10617, 163398, 267761, 286199]","[28, 12, 53]",,1,2019,22290898.51784831,12,KR
tt9731534,107.0,"[423, 138743]",en,"[894, 3030, 4129, 5774, 10655, 9872, 40865, 155851, 156174, 161891, 170378, 238752, 286185]","[27, 9648]",R,0,2021,14258014.51897985,7,US
tt6673840,137.0,[1038],ru,"[1612, 3930, 14626, 156836, 195788, 208992, 217326, 260089, 295538]","[12, 18, 36, 53]",PG,0,2017,9292931.822939394,4,RU
tt8404256,121.0,"[4, 21, 435, 8147, 82819, 2598]",en,"[9675, 10278, 10244, 10542, 15285, 18932, 156863, 158773, 219404, 229607, 269769]","[28, 12]",PG-13,0,2021,104558773.13918556,7,US
tt2293640,91.0,"[6704, 33]",en,"[3487, 3289, 9675, 179430, 179431, 189481, 194404, 325765, 325832]","[10751, 16, 12, 35]",PG,1,2015,100527448.73287758,6,US
tt5563334,109.0,"[12, 13240, 209747]",en,"[818, 10453]",[80],R,1,2019,12593727.976185484,11,US
tt3707106,122.0,"[73249, 81, 39443]",en,"[612, 254, 1228, 3180, 6846, 7464, 9872, 9935, 15295, 41379, 41390, 156455, 166113, 187056, 309180]","[18, 10749]",R,0,2015,13584790.369307783,11,US
tt14948432,123.0,"[73669, 92693, 25998, 210099]",en,"[10084, 801, 65, 1930, 1991, 11107, 6678, 18031, 207317, 247799, 260365, 309974, 314605]","[28, 35, 14]",PG-13,0,2024,256585743.3214006,10,US
tt4992086,137.0,"[15228, 104707]",te,[12565],"[10749, 35]",,1,2015,1901870.6517030895,9,IN
tt2953050,102.0,[6125],en,"[2660, 2343, 1647, 1900, 6152, 3258, 4344, 4498, 5774, 6625, 10235, 9075, 11334, 10809, 11322, 155294, 181052, 226023, 285275]","[16, 35, 10751, 14]",PG,0,2021,178225181.48724812,10,US
tt4191054,99.0,"[1, 108270]",en,"[603, 2710, 4344, 179430, 179431, 179542]","[10402, 16, 10751, 14]",PG,0,2015,135847903.69307783,1,US
tt5726616,132.0,"[16017, 46344, 88565, 30666, 88564, 10949]",en,"[818, 213, 131, 8181, 10683, 9673, 11687, 13088, 18068, 33451, 157303, 158718, 191440, 208289, 258533]","[10749, 18]",R,1,2017,4597185.397490145,10,US
tt0478970,117.0,[420],en,"[9715, 3126, 6168, 6380, 9717, 10051, 12101, 171493, 179430, 179431, 180547, 218182, 240303, 269233, 270731, 342791]","[878, 12, 28]",PG-13,1,2015,176602274.80100116,7,US
tt9362722,140.0,"[5, 2251, 77973, 84041, 14439, 7505]",en,"[242, 1701, 848, 2858, 1308, 9715, 3289, 7939, 9717, 9663, 9840, 9181, 9820, 15025, 18035, 18095, 33637, 41523, 155030, 158124, 163074, 175102, 180734, 188237, 193545, 213104, 213120, 221727, 245157, 265979, 272493, 282984, 299365, 325763, 325783, 325809, 325811, 325856]","[16, 28, 12, 878]",PG,1,2023,105664174.32414812,5,US
tt15574270,100.0,"[41077, 138287, 90610, 222025]",en,"[6270, 6054, 1565, 738, 1284, 1523, 9887, 5504, 5595, 5609, 7172, 10532, 10683, 9957, 10547, 11616, 18298, 33720, 158718, 163037, 164246, 171757, 171831, 173531, 181324, 202760, 210608, 222797, 228064, 234868, 252104, 257783, 258533, 265587, 274951, 277050, 281237, 283085, 292593, 296608, 306411, 322604, 325824]","[27, 18]",PG-13,0,2024,10263429.732856024,5,US
tt7405458,126.0,"[4171, 6181, 191075, 5, 23644, 22213]",en,"[6054, 818, 1252, 4232, 9856, 9714, 17986, 18127, 176834, 207937, 208397, 210434, 227824, 234341, 251821, 255850, 290527, 323809, 354911, 363022]","[35, 18]",PG-13,0,2022,55012447.74111743,12,US
tt6263850,128.0,"[420, 104228, 2575, 127928, 176762, 22213]",en,"[1701, 9715, 2095, 1852, 11687, 179430, 179431, 180547, 234268, 265979]","[28, 35, 878]",R,1,2024,205268594.6571205,7,US
tt12838766,136.0,"[11589, 114519]",ko,"[803, 3388, 161176, 195114, 252937, 268809, 300583, 320420]","[18, 14, 878]",R,0,2021,24951525.408214737,2,KR
tt27540217,139.0,"[69125, 3522]",ta,"[3149, 1740, 11687, 247799, 285712]","[28, 80, 35]",NR,0,2025,30500000.0,4,IN
tt1139592,100.0,"[99236, 254861]",en,"[1299, 9663, 9276, 9748, 10629, 10789, 68646, 158279, 162365, 163841, 176096, 182278, 206835, 214418]",[27],R,0,2017,8143585.561268257,9,US
tt4824308,120.0,[6427],en,"[6270, 6150, 6157, 186, 1499, 4108, 7335, 10508, 11001, 10873, 15302, 33519, 179430, 214780, 220890, 222517, 253695, 258703, 269648, 281237]",[18],PG,1,2016,6707388.390697622,4,US
tt13521006,179.0,"[41077, 123620, 142269, 103376]",en,"[236, 3030, 3739, 2726, 2340, 3201, 2754, 10123, 8201, 9887, 5707, 9964, 9872, 13073, 14646, 14805, 17985, 155619, 157213, 171068, 181324, 190205, 209507, 210710, 234324, 239797, 240237, 253858, 256497, 258308, 268132, 280263, 311653, 333071]","[35, 12, 14]",R,0,2023,36982461.013451844,4,US
tt26047818,103.0,"[7291, 105052, 124283, 5]",en,"[5657, 5827, 9799, 10181, 9798, 179430, 179431, 303913, 309422, 325784]","[10749, 35]",R,1,2023,26416043.58103703,12,US
tt3717252,91.0,"[126, 3287, 7738]",en,"[779, 1938, 3133, 9410, 3734, 9663, 10085, 10410, 12564, 33505, 159932, 177895, 187056, 232469, 325772, 325839]","[14, 28, 53, 878, 27]",R,0,2016,46951718.73488335,11,US
tt4385888,119.0,"[13184, 41640, 86356]",en,"[970, 1228, 1979, 2383, 4470, 10683, 11718, 11678, 14768, 164224, 208563, 240237, 296608]",[18],R,0,2016,9390343.74697667,12,US
tt4199898,99.0,"[84714, 10289, 113345, 212485, 212486, 84713]",en,"[206654, 209220, 293649]","[10751, 16, 35, 12, 14]",PG,0,2019,94452959.82139114,6,US
tt26684398,110.0,"[31058, 121589, 882, 2918, 3034, 12655]",ja,"[5265, 470, 9914, 12367, 13141, 18035, 179430, 207826, 210024]","[16, 35, 12, 28]",PG-13,1,2023,5283208.716207406,12,JP
tt26581740,128.0,"[240675, 829, 18609, 12, 216687]",en,"[616, 1415, 904, 4720, 2375, 10508, 10414, 40931, 166235, 171366, 190830, 209568, 210586, 222090, 256183, 281776, 282355, 295907, 316332, 321771, 338361]","[27, 9648]",R,1,2025,38000000.0,8,US
tt6020800,97.0,"[125583, 143279, 7584, 74346, 2806]",en,"[2340, 10349]","[28, 12, 53]",R,0,2022,7151618.206345266,1,AU
tt1741273,111.0,"[290, 2605, 7437, 47729, 80834, 88607, 88608, 88609]",en,"[1812, 156948, 256330, 316832]","[53, 9648, 80]",PG-13,0,2015,26490341.220150176,10,US
tt12763920,114.0,"[108532, 7036]",ko,"[1794, 3432, 3434, 9748, 12369, 192334, 231849, 270709, 290527]","[80, 28, 18]",,1,2020,14925466.82502092,8,KR
tt6803212,103.0,[3172],en,"[4379, 9826, 191527, 288422]","[27, 9648, 878, 53]",R,0,2019,6296863.988092742,8,US
tt7131870,123.0,"[95816, 76394, 95818, 95819, 148024, 65442]",zh,"[478, 15218]","[10752, 28]",,1,2017,39535794.41841525,7,CN
tt7668870,102.0,"[109501, 270496]",en,"[387, 6844, 10941, 11615, 14988, 15167, 156091, 156948, 159472, 163053, 176834, 197430, 197582, 220831, 230061, 240303, 272745, 280028, 325801, 365784, 365923]","[18, 9648, 53]",PG-13,1,2018,1128343.4654389992,8,US
tt15109082,95.0,"[175380, 1898, 121651]",ga,"[367, 2803, 6203, 9673, 12663, 13088, 14985, 17984, 203672, 208289, 267698, 295809, 306154, 311623, 325761, 325773]",[18],,1,2022,1.1002489548223486,5,IE
tt1618442,106.0,"[24097, 491, 2995, 12006, 33832, 72441, 1225, 1632]",en,"[616, 242, 2343, 6156, 4252, 3715, 230333, 281585, 285237, 291153, 310426, 319397, 325832, 325853]","[28, 12, 14]",PG-13,0,2015,122263113.32377003,10,US
tt4916630,137.0,"[32555, 102334, 100640, 79426, 125590, 6735, 174]",en,"[2122, 934, 6139, 9672, 10909, 11263, 12425, 13129, 15108, 33740, 163119, 208289, 222517, 325804, 325811, 328926, 335491]","[18, 80, 36]",PG-13,0,2019,31484319.94046371,12,US
tt28259207,105.0,"[22486, 19146]",hi,"[13008, 13116, 14534, 156120, 202371, 219404, 314517]","[28, 80, 53, 18]",R,0,2024,4926446.271770892,7,IN
tt32284154,147.0,"[123541, 28770]",ml,"[210662, 282114]","[9648, 53, 80]",,1,2025,1058000.0,1,IN
tt10366460,111.0,"[7460, 7981, 159430]",en,"[970, 2176, 1495, 1643, 1700, 10683, 9714, 12990, 18035, 157303, 162735, 165317, 187056, 188953, 206837, 207739, 209673, 210910, 254167, 296608, 325769, 363608]","[18, 10402, 10749]",PG-13,0,2021,11881678.765816541,8,US
tt0974015,120.0,"[9995, 507, 174, 41624, 128064]",en,"[9715, 9717, 33637, 155030, 179430, 179431, 229266]","[28, 12, 878]",PG-13,0,2017,394044462.6420124,11,US
tt3824458,88.0,"[55289, 1974, 88152, 17731]",en,"[444, 549, 571, 1749, 4232, 6183, 10229, 12396, 12670, 156121, 158718, 195624, 207317, 208798, 251667, 256330, 259376, 260365, 309974, 319319, 324713, 325765]","[35, 18]",R,1,2015,135847.90369307782,7,US
tt5304464,107.0,"[223, 96, 224, 94, 591, 46, 162, 587]",fr,"[1252, 972, 2689, 190624, 206662, 211994, 233691, 235528, 236602, 237462, 253789, 305834]",[18],R,0,2017,17863348.973104563,6,FR
tt7076834,107.0,"[7036, 7872]",id,"[456, 3739, 1227, 2564, 3358, 10224, 2135, 9714, 18027, 18035, 160339, 162846, 172784, 188259, 188953, 211158, 230191, 241739, 270308]","[27, 9648]",,1,2017,157617.78505680498,9,ID
tt7294534,182.0,[94245],te,"[894, 1824, 1803, 14602, 33457, 211169, 227476]","[18, 10749]",R,1,2017,1024515.6028692323,8,IN
tt1661199,105.0,"[2, 28788, 46339, 47706]",en,"[2343, 4152, 3205, 3071, 9920, 13014, 14624, 158438, 173003, 179411, 186847, 209220, 245230, 284950, 324713]","[10749, 14, 10751, 18]",PG,1,2015,129055508.50842392,3,US
tt5311542,189.0,"[109460, 336, 1080, 986, 162, 62274, 155990, 58, 587, 232381]",de,"[74, 1956, 437, 6384, 15478, 241930]","[18, 10749, 36]",R,0,2018,23079752.70216135,10,DE
tt3216348,87.0,"[10339, 3172, 7437]",en,"[242, 716, 2564, 2626, 6634, 10375, 14760, 15001, 159940]","[27, 53]",PG-13,0,2016,6707388.390697622,12,US
tt6421110,89.0,[3287],en,[2708],"[53, 28, 80]",R,0,2018,17950918.768347714,1,US
tt20768712,107.0,"[106839, 181874, 197937, 10146, 33]",en,"[131, 5248, 6876, 7567]","[35, 10749]",PG-13,0,2023,21132834.864829622,5,US
tt3205376,84.0,"[6705, 7281, 294, 159766, 2395, 58085, 7217]",en,"[657, 801, 2284, 1366, 2673, 11112, 10322, 10201, 9897, 9503, 9454, 9856, 10048, 3623, 10950, 14540, 14985, 15111, 15290, 158145, 160840]","[37, 18, 12, 10749, 53]",R,0,2015,2716958.0738615566,5,GB
tt26932223,158.0,"[3522, 35064]",hi,"[3358, 9663, 198331, 222180]","[27, 35]",,1,2024,18063636.3298266,11,IN
tt29623480,102.0,[521],en,"[2041, 970, 14544, 15101, 15120, 15169, 179430, 179431, 193083, 208349, 209051, 325773, 325775, 370674]","[10751, 16, 878, 12]",PG,1,2024,80054751.91627699,9,US
tt2058673,114.0,"[264, 1088, 10289, 195034]",en,"[5349, 4654, 1568, 1812, 2006, 9714, 10287, 12670, 15363, 163589, 206931, 302132]","[28, 12, 80, 53]",PG-13,0,2015,142640298.8777317,12,US
tt22898462,135.0,"[12, 216687, 11565, 76907]",en,"[904, 6152, 2626, 3358, 9663, 10093, 11001, 13027, 13153, 15043, 162846, 208289, 241827, 249379, 256183, 315058]",[27],R,1,2025,55000000.0,9,US
tt14230388,105.0,"[9350, 23449, 264]",en,"[6898, 1423, 10738, 4412, 4747, 9951, 9872, 9882, 18035, 33476, 160330, 169878, 181324, 184496, 187786, 195729, 208397, 208611, 211768, 251819, 270346, 281358, 295388, 325763, 325773, 325850, 325857]","[35, 18]",PG-13,0,2023,26416043.58103703,6,US
tt3835080,103.0,"[10370, 18922, 20277, 37432, 24277, 124232]",en,"[2652, 4426, 6259, 1228, 1556, 3335, 3099, 3199, 3473, 10349, 9826, 12394, 14805, 18249, 163964, 173606, 176691, 234355, 262826, 295702]","[27, 53]",R,0,2016,2012216.5172092866,9,US
tt9619824,110.0,"[12, 48788, 252366, 252367, 216687]",en,"[1946, 10292, 9663, 10170, 160234, 199686, 208992, 240606, 256183, 315058, 316832, 325765, 373826, 373827, 373828, 373829, 373830]","[27, 9648]",R,1,2025,50000000.0,5,US
tt4183692,123.0,[34],en,"[6075, 579, 1228, 9672, 12425, 191446]",[18],PG,0,2015,16301748.443169339,10,US
tt10208198,109.0,"[113584, 84678, 114520, 162133]",ko,"[6149, 3149, 9672, 10714, 10726, 311315, 325791]","[28, 80, 53]",,1,2019,8185923.184520565,5,KR
tt7967412,107.0,"[29566, 7345, 122432, 63520, 75495, 134846, 58958, 104, 851, 108769]",es,"[5896, 10391]","[18, 53, 80]",NR,0,2019,4191556.629213041,8,ES
tt7424200,84.0,"[2785, 9993]",en,"[886, 9715, 4379, 9253, 12396, 33637, 179430, 179431, 269769]","[16, 28, 35, 878]",PG,1,2018,12822084.834534083,7,US
tt5559528,137.0,[63521],ta,[228696],"[53, 28]",,0,2017,1023202.1213270923,3,IN
tt4154796,181.0,[420],en,"[9715, 4379, 3801, 5455, 9717, 9663, 14909, 155030, 180547, 186760, 240303, 241738, 285485]","[12, 878, 28]",PG-13,1,2019,448336715.9522033,4,US
tt6053438,113.0,"[2520, 100691, 1422, 102842, 6831]",en,"[236, 3739, 1653, 6150, 186, 4129, 2300, 3725, 1499, 2210, 2913, 3065, 5769, 9649, 10093, 10163, 11001, 11011, 14765, 33457, 33577, 33720, 40865, 41501, 155816, 156388, 172504, 179567, 208591, 281869, 291354, 293649, 310115, 310116]",[18],R,0,2018,4487729.6920869285,5,US
tt4765284,93.0,"[12026, 12365]",en,"[9663, 10229, 209838, 221700]","[10402, 35]",PG-13,1,2017,59106669.396301866,12,US
tt15744298,108.0,"[89171, 110799, 23514, 206783, 206784, 9987]",en,"[6285, 7606, 14548, 179431, 195240, 212757, 320420, 325765, 325812]","[28, 35]",R,0,2023,42265669.729659244,10,US
tt27744786,132.0,"[128365, 44223, 115477]",hi,"[4252, 9714, 309974, 352640]","[53, 27]",,0,2024,8005475.191627699,3,IN
tt10676048,105.0,"[420, 176762]",en,"[1701, 9715, 3801, 9717, 9663, 10809, 179430, 179431, 180547, 187056, 195114, 309974, 325817]","[878, 12, 28]",PG-13,0,2023,290365151.04275906,11,US
tt6781982,111.0,"[40268, 49968, 10338, 33]",en,"[3605, 2866, 9844, 7919, 10508, 10266, 170783, 242829, 249832, 249834]",[35],PG-13,0,2018,37184046.020148836,9,US
tt4651410,90.0,"[23735, 85885, 6666, 76991, 10405]",en,"[9730, 10051]","[28, 80, 53]",R,0,2016,14085515.620465005,7,US
tt4196776,123.0,"[862, 25716, 29313, 10338]",en,"[782, 591, 1453, 585, 3713, 1200, 9856, 12361, 14570, 175056, 176802, 245718, 249794, 303565]","[28, 12, 53]",PG-13,1,2016,160977321.37674293,7,US
tt5208950,110.0,"[104519, 5056, 25954]",en,[],"[28, 18]",,0,2018,16668710.284894306,1,US
tt34956443,144.0,"[167789, 17818, 161769, 273292, 273293]",zh,"[1721, 2343, 9663, 177895, 185343, 278823, 290656, 297031, 315535]","[16, 28, 14, 12]",NR,1,2025,80000000.0,1,CN
tt8579674,119.0,"[7, 7294, 114732, 1522, 103476]",en,"[4776, 2504, 4100, 10349, 13065, 15060, 173361, 188725, 210184, 230915, 250702, 321464, 325825]","[10752, 36, 18]",R,1,2019,125937279.76185484,12,US
tt0369610,124.0,"[56, 33, 923]",en,"[2041, 5251, 10685, 1766, 1718, 1720, 5160, 9663, 12616, 13031, 14798, 155582, 158340, 163561, 164246, 197013, 223059, 259376, 315709, 319467, 325811, 325812]","[12, 878]",PG-13,1,2015,203771855.53961673,6,US
tt28015403,111.0,"[41077, 133303, 168415, 150758]",en,"[6150, 6318, 9740, 11001, 15076, 15365, 156043, 156482, 212425, 226028, 319001, 372172, 372173, 372174]","[53, 27]",R,1,2024,10263429.732856024,10,US
tt4209788,140.0,"[1557, 84041]",en,"[242, 6148, 383, 395, 8045, 2070, 1812, 5565, 5638, 9672, 6562, 11038, 9849, 10909, 11322, 12670, 33519, 157168, 159558, 166531, 167925, 214780, 227945, 231149, 240303, 325761]","[18, 80]",R,0,2017,39404446.264201246,12,US
tt11032374,117.0,"[5887, 2883, 2918, 882]",ja,"[1721, 2343, 6152, 2800, 10292, 9663, 10683, 10349, 10614, 13141, 15001, 15126, 18035, 157512, 177895, 207826, 210024, 254547]","[16, 28, 14]",R,1,2020,19527485.762735706,10,JP
tt14999684,91.0,"[89269, 1224, 226694, 41813]",en,"[570, 2968, 2494, 9720, 9853, 15043, 156075, 163053, 166701, 206440, 256183, 261264, 280940, 281776, 283085, 298934]","[27, 9648]",R,0,2025,1400000.0,10,US
tt27490099,161.0,"[120768, 34780, 694, 26172, 83, 11773, 92187, 119267, 75242]",fr,"[818, 4344, 9799, 164246, 324429]","[10749, 80, 18]",,0,2024,38298198.44846178,10,FR
tt7504726,100.0,"[787, 127928, 22213]",en,"[818, 2803, 4542, 9880, 15162, 155821, 158370, 189390, 207928, 208152, 325769]","[12, 10751, 18]",PG,0,2020,135572990.32727337,2,US
tt12300742,118.0,"[3353, 123620, 121813, 264539, 138287, 128404]",en,"[83, 592, 1930, 2340, 6262, 1715, 10123, 8201, 9951, 9714, 9739, 14909, 33416, 41329, 201064, 206959, 214655, 246533, 251827, 256159, 293749]","[878, 53, 35]",R,0,2025,50000000.0,10,US
tt10405142,98.0,"[581, 15433]",fr,[6038],"[10749, 35]",,0,2021,26139693.28479639,12,FR
tt8574252,125.0,"[10924, 103747, 128397, 11590, 89488, 88607]",ko,"[1453, 6152, 12565, 186189, 251513, 262404, 327615, 371904]","[28, 878]",,1,2018,7052146.658993745,6,KR
tt3513498,107.0,"[829, 25120, 77973, 118854, 231732, 299443]",en,"[3289, 4379, 9663, 10542, 209220, 210090, 254167, 325761, 325765, 325782]","[28, 12, 16, 35, 10751]",PG,0,2019,124677906.9642363,2,US
tt1648190,95.0,"[5, 2531, 23, 433]",en,"[9678, 242, 75, 818, 7939, 18034, 33465, 213756]","[14, 28, 878]",PG-13,0,2017,78808892.52840249,8,US
tt6063050,120.0,"[3096, 1632]",en,"[2201, 6148, 1523, 2539, 6038, 2887, 9748, 10911, 14514, 14837, 18047, 40952, 157213, 171670, 173977, 196705, 201864, 208847, 227476, 230479, 246126, 271664, 276449, 280940, 286507, 325982, 325989]","[18, 53]",R,0,2018,25644169.669068165,3,US
tt26753003,105.0,[12236],en,"[6029, 276, 848, 10685, 1470, 3490, 5905, 5641, 6562, 11060, 10714, 11036, 18029, 41329, 167428, 178665, 240303, 275311]","[80, 27, 53]",PG-13,1,2024,30790289.198568072,7,US
tt1458169,95.0,"[290, 435, 68506, 74208, 92392, 92394, 92395]",en,"[2660, 828, 641, 1930, 3134, 4056, 11336, 11322, 14768, 155582, 170865, 189102, 207999, 208156, 235261, 238835, 240237, 321464]","[28, 53]",R,0,2017,27583112.38494087,8,US
tt2094766,115.0,"[10104, 862, 83857, 86766]",en,"[782, 514, 441, 3713, 2908, 3156, 6955, 10410, 11001, 10937, 41645, 213097, 235579, 236838]","[28, 12, 878]",PG-13,0,2016,167684709.76744056,12,US
tt3829920,134.0,"[435, 33681, 51513]",en,"[657, 3930, 1859, 5096, 11115, 6782, 9672, 10614, 10617, 10715, 185341, 191404, 192094, 239275, 241961, 241991]","[18, 36]",PG-13,0,2017,49912298.60132157,9,US
tt6528290,112.0,"[11341, 5542]",en,"[6211, 9715, 2035, 4613, 5484, 10777, 10466, 13014, 13141, 33637, 164246]","[14, 28, 878]",PG-13,0,2023,63398504.594488874,4,JP
tt4602066,94.0,"[64541, 4135, 24277, 42582, 18922]",en,"[818, 5265, 470, 1480, 1956, 5565, 9672, 158718, 191443, 197582, 239239, 258533, 267876, 325772]","[18, 10752, 53, 36]",R,0,2018,17950918.768347714,6,US
tt1608290,101.0,"[4, 2932, 258]",en,"[7024, 9663, 15479, 167193, 167198, 173242, 275133, 301427, 301428, 325844]","[28, 12, 35]",PG-13,0,2016,67073883.906976216,2,US
tt18412256,119.0,"[127928, 221347, 401, 22213]",en,"[4862, 15285, 160515, 183787, 191132, 229652, 230856, 252937, 323910, 373170, 373171, 373172, 373173, 373174, 373175]","[27, 878]",R,1,2024,82107437.86284819,8,US
tt11827628,114.0,"[22146, 173612, 73620, 10427, 47729]",en,"[782, 5903, 9714, 325772]","[28, 53, 80]",R,0,2022,33007468.64467046,4,US
tt8820590,139.0,"[54307, 31797, 69587, 76049]",ru,"[2652, 1956, 11117, 193042, 234616]","[28, 18, 36, 10752]",,1,2018,10257667.867627265,12,RU
tt10171472,110.0,"[184518, 89141, 106786, 137373, 215935]",en,"[184490, 208283, 240303, 286927, 288027, 326126]","[35, 18]",R,0,2024,5131714.866428012,10,US
tt11084896,88.0,"[33, 521]",en,"[2673, 8241, 11322, 18165, 158266, 161184, 278823]","[12, 16, 10751, 37]",PG,0,2021,35645036.297449626,5,US
tt3890160,113.0,"[443, 221513, 2531]",en,"[642, 828, 2076, 9730, 9840, 10051, 7067, 10562, 10950, 15363, 161974, 188953, 196917, 227510, 283297]","[28, 80]",R,1,2017,44658372.43276141,6,GB
tt27995594,123.0,[86699],hi,"[162846, 315058, 359782]","[35, 27]",,1,2024,3592200.4064996084,6,IN
tt13223398,93.0,"[62693, 49968, 33, 1778]",en,[11338],"[28, 12, 27, 53, 18]",R,0,2022,39608962.37360455,8,US
tt12593682,127.0,"[121470, 5]",en,"[10364, 233, 782, 818, 2708, 11435, 13008, 157904, 163228, 166479, 179431, 188735, 206041, 225541, 244672, 251756, 290674, 305834, 329372, 358674]","[28, 35, 53]",R,1,2022,99022405.93401137,8,US
tt4131800,99.0,"[1632, 7225, 57031, 111718]",en,"[6054, 3289, 5734, 10542, 189092, 267848, 269769]","[10751, 16, 12, 14]",PG,1,2017,7880889.252840249,10,US
tt28249919,84.0,"[8850, 250844]",en,"[1157, 586, 3358, 9872, 10188, 12565, 33711, 34079, 158142, 162846, 163053, 178649, 205734, 209941, 222030, 240237, 240303, 240315, 240485, 256183, 287803, 295907, 308339, 315058, 347890, 347891, 347892]","[18, 27, 53]",R,1,2025,2000000.0,1,US
tt1946502,87.0,"[71194, 2787, 69484, 47729]",en,"[4344, 10542, 233689, 275089]","[16, 10402, 10751, 35]",PG,0,2019,56671775.89283468,5,US
tt7524414,101.0,[98586],en,"[6054, 388, 182266, 210608]","[18, 35, 10402]",NR,1,2019,31484.319940463713,5,GB
tt10298810,105.0,[3],en,"[1521, 3289, 4379, 3801, 4862, 10158, 9743, 15285, 179430, 179431, 242214, 278823, 325765]","[16, 878, 10751, 12]",PG,0,2022,220049790.96446973,6,US
tt0803096,123.0,"[923, 507, 16028]",en,"[603, 604, 2343, 10085, 13084, 18092, 41645, 177912, 188265, 189113, 192913, 192914, 207779, 234213, 263333, 344646, 344647]","[28, 12, 14]",PG-13,1,2016,214636428.5023239,5,US
tt16428256,122.0,"[3756, 128616, 104184, 8157, 128617, 2073, 2883, 882]",ja,"[2343, 3255, 5096, 6397, 9935, 10809, 11322, 41557, 68646, 161318, 189092, 210024, 303466, 322149, 322942, 324018, 325777, 349239]","[16, 18, 12, 14]",PG,1,2022,14303236.412690531,11,JP
tt10545296,157.0,"[1632, 5420, 161357, 264]",en,"[5600, 818, 1395, 1721, 1310, 4565, 2187, 4759, 8570, 9675, 10349, 9826, 10794, 13031, 14643, 156828, 206298, 242214, 246466, 295702, 296608]","[878, 28]",PG-13,1,2023,105664174.32414812,11,US
tt32298285,114.0,"[67412, 262512, 259563, 49, 233580, 58747]",es,"[3221, 33088, 34136, 182273, 325804, 325811, 325844]","[18, 53]",R,0,2025,7000000.0,6,ES
tt11075264,148.0,"[93129, 162466]",ml,[],"[35, 18, 28]",,1,2022,2696307.4971521115,8,IN
tt21027780,81.0,"[706, 79811, 140]",fi,"[1787, 732, 1005, 7464, 9840, 9957, 197940, 233488, 252606, 274951, 281237, 304250, 305161, 321210]","[10749, 35, 18]",NR,1,2023,1563829.779997392,9,FI
tt10954652,108.0,"[33, 10338, 12236]",en,"[966, 1157, 222, 10685, 1521, 4562, 3343, 9758, 3667, 4995, 11254, 11060, 9826, 13092, 14724, 18035, 18712, 33694, 34079, 181324, 198500, 211431, 220800, 236231, 237370, 239390, 240485, 244949, 249845, 270319, 283085, 325743, 325776, 325818]","[53, 9648, 27]",PG-13,1,2021,21387021.778469775,7,US
tt4682266,94.0,"[127928, 28788, 5219, 7505]",en,"[9715, 1852, 9717, 155030, 206219, 309029, 314730, 316832, 325773]","[878, 27]",PG-13,0,2020,83333856.43970014,4,US
tt6146586,130.0,"[3528, 1632, 23008]",en,"[242, 779, 8045, 1623, 2908, 3271, 4553, 7041, 9663, 10291, 13116, 18103, 188955, 200235, 206041, 252153, 257090, 373589]","[28, 53, 80]",R,1,2019,69265503.86902016,5,US
tt5614612,90.0,"[8046, 33916, 34259, 34625]",es,"[1533, 10794, 3623, 158279, 164148]","[9648, 18, 80, 53]",,0,2017,5253926.168560166,1,ES
tt4991384,117.0,[26968],ta,"[7542, 11734, 166582, 181093, 186782]","[53, 80, 18]",,1,2016,435980.24539534544,2,IN
tt2557478,111.0,"[923, 101082]",en,"[9678, 4776, 233, 6092, 1299, 310, 83, 1617, 11109, 2227, 11100, 4263, 4409, 5373, 5984, 10125, 7939, 9823, 9663, 9951, 10683, 9685, 10046, 10891, 11265, 12369, 13031, 14544, 14760, 15009, 18522, 18543, 156783, 158773, 161791, 166594, 183787, 188178, 213305, 218032, 220903, 223604, 229607, 230333, 253652, 259981, 275682, 303918, 325796]","[28, 14, 878, 12]",PG-13,0,2018,192331272.51801124,3,US
tt1780967,102.0,"[7625, 290, 96571]",en,"[1326, 1812, 4098, 9672, 10131, 12670, 18420, 208992]","[53, 18]",,0,2019,10074982.380948387,12,US
tt1590193,104.0,"[694, 356, 99132, 23513]",en,"[10410, 13008]","[28, 53, 9648]",PG-13,1,2018,38466254.503602244,1,FR
tt31036941,133.0,"[33, 56]",en,"[2041, 3269, 1720, 1770, 9663, 9743, 12616, 18035, 244157, 319467, 325828]","[878, 12, 28]",PG-13,1,2025,180000000.0,6,US
tt7946422,100.0,"[1473, 13240, 95434, 86036, 107910, 6705, 119455]",en,"[10349, 10158, 11606, 15354, 189212, 240303, 248863, 253023]",[878],R,0,2018,5128833.9338136325,10,US
tt4216984,103.0,"[33, 242184, 3172]",en,"[1299, 305, 4375, 4550, 4232, 4884, 9844, 9720, 1897, 9714, 11155, 12564, 33574, 158126, 210614, 228001, 283085, 315058]","[27, 53]",R,0,2025,25000000.0,1,US
tt2620590,90.0,"[1632, 70969, 1020, 65518, 48738]",en,"[798, 10685, 1556, 10738, 9675, 11545, 12339, 12394, 155781, 301247, 301248, 301249]","[27, 53, 80, 18]",R,1,2017,656740.7710700207,9,US
tt6644200,90.0,"[4, 2481, 29312]",en,"[3725, 2407, 1643, 4458, 4862, 10656, 13031, 14909, 15025, 50009, 183787, 186497, 188953, 201864, 251667, 261264, 275077, 291354, 295907, 323910, 325818]","[27, 18, 878]",PG-13,1,2018,21797544.218707938,4,US
tt7690670,116.0,"[5, 1885, 34]",en,"[417, 6149, 395, 2334, 5638, 10594, 15208, 33424, 180307, 188944, 202371, 244530, 266753, 311315, 314730, 316832, 325766, 325778, 325780]","[28, 80]",R,0,2018,20515335.73525453,6,US
tt8695030,104.0,"[217605, 26995, 108243, 3555, 2801, 10146]",en,"[4271, 1415, 904, 1227, 11687, 11034, 12377, 15090]","[35, 27]",R,0,2019,13853100.773804033,5,US
tt11813216,114.0,"[127929, 2376, 6705, 22213]",en,"[6054, 2041, 4144, 10123, 4730, 14765, 14985, 15111, 41368, 157791, 165518, 207876, 240485, 285576]","[18, 35]",R,0,2022,22004979.096446972,10,US
tt15078804,104.0,"[41077, 138287]",en,"[242, 2356, 4129, 3487, 2355, 5857, 3385, 8201, 158718, 204220, 210434, 236378, 237011, 239187, 240422, 281659, 309974, 319397, 324713, 325832, 325849, 325856]",[35],R,0,2024,12316115.679427229,3,US
tt9770150,107.0,"[114776, 114777, 96168]",en,"[730, 4580, 818, 1197, 2832, 2981, 7312, 156052, 163795, 167043, 175421, 177703, 187056, 208975, 225219, 256556, 292593, 325784]",[18],R,1,2021,5940839.382908271,1,US
tt2325977,112.0,"[7584, 9015, 10951, 1898, 856, 69247, 5353]",en,"[5657, 156948, 157906, 164044, 166490, 187056, 193760, 197430]","[18, 53, 9648]",R,0,2015,13584790.369307783,7,AU
tt14846026,91.0,"[62408, 182028, 11341]",fi,"[1956, 2037, 156035, 207883, 225898, 280075, 312898, 353736, 372700, 372701, 372702, 372703, 372704, 372705]","[28, 10752, 53]",R,0,2022,7261643.101827501,9,FI
tt4045450,111.0,"[5, 551, 333, 3287, 22213]",en,"[5420, 3193, 9663, 9748, 9826, 10714, 12339, 13063, 15127, 155939, 159743, 164246, 177473, 179431, 187224, 202760, 202798, 309974, 315058, 323756, 325783, 325788]","[27, 53, 9648]",R,1,2025,18000000.0,7,US
tt4686844,107.0,"[9, 7038, 91331, 591, 12406, 12407, 162294, 41813, 39509]",en,"[4630, 407, 1773, 10123, 8201, 5565, 9672, 6539, 15208, 34079, 34136, 162365, 169086, 173644, 197606, 208611, 325787, 325799]","[35, 18, 36]",R,0,2017,17075260.04782054,10,GB
tt3741700,132.0,"[923, 83645, 882]",en,"[534, 1680, 11100, 11220, 41501, 158126, 160198, 161791, 179430, 206959, 223059, 224673, 233369, 256941, 257384]","[878, 28]",PG-13,0,2019,214093375.59515324,5,US
tt31888477,123.0,"[6196, 10146]",en,"[3202, 3692, 9663, 10965, 12995, 155697, 155759, 158718, 165193, 192772, 208570, 214548, 224106, 237667, 240303, 241738, 269769, 281072, 281659, 285398, 304976, 325761, 325769, 325781, 325782]","[18, 10749]",PG,0,2025,50000000.0,9,US
tt2547584,133.0,"[7, 7294, 6735, 437]",en,"[5657, 818, 6038, 4079, 8729, 17986, 196581, 207876, 313033]","[18, 10749]",PG-13,0,2016,26829553.562790487,9,US
tt5910280,126.0,"[84678, 3491]",ko,"[10349, 10617, 12193, 18029, 18031, 157384, 207528, 261681]","[53, 18]",PG-13,1,2016,1341477.6781395243,8,KR
tt2119543,105.0,"[7294, 34982, 56]",en,"[818, 1507, 3358, 6464, 12198, 13014, 157667, 171964, 208611, 236458, 325765]","[35, 10751, 14, 27, 9648]",PG,1,2018,53852756.305043146,9,US
tt1540011,89.0,"[829, 1632, 6302, 15159]",en,"[3352, 1261, 1890, 1891, 2217, 6152, 4884, 5774, 5729, 9720, 4382, 11665, 158176, 162177, 163053, 209568, 223620]","[53, 27]",R,1,2016,6707388.390697622,9,US
tt2279339,107.0,"[23, 4205, 5490, 192716]",en,"[65, 2398, 3373, 4498, 10235, 9229, 9935, 18035, 33574, 180778, 187056, 189966, 193594, 207317, 208571, 221296, 248870, 249713, 251872, 280263]","[35, 10751, 18]",PG-13,0,2015,23094143.62782323,11,US
tt6806448,137.0,"[25998, 73669, 33]",en,"[212, 1865, 3271, 7629, 9713, 15285, 18187, 167541, 179430, 179431, 240237, 240303, 240485]","[28, 12, 35]",PG-13,1,2019,251874559.52370968,7,US
tt1745960,130.0,"[82819, 10288, 4]",en,"[2533, 4410, 9663, 160381, 162365, 221092, 239588, 273967, 303310, 325761, 325773, 325804]","[28, 18]",PG-13,1,2022,187042322.31979927,5,US
tt30253473,116.0,"[41077, 1422, 158407, 142269, 103376]",en,"[242, 128, 13027, 14514, 162296, 187056, 190327, 212737, 248025, 325764]","[10749, 18]",R,1,2025,20000000.0,6,US
tt7510222,94.0,"[33, 6704]",en,"[9715, 3289, 9663, 163074, 179430, 179431, 208349, 209673]","[28, 16, 35, 10751, 878]",PG,1,2024,102634297.32856025,6,US
tt10374610,108.0,"[1632, 221429, 829, 161357]",en,"[236, 818, 3230, 6733, 10683, 10349, 18068, 50009, 193897, 290902, 295907, 314730, 325853, 355116, 372198, 373754, 373756, 373757, 373759, 373760, 373809]","[878, 53, 27]",R,1,2025,20000000.0,9,US
tt9179430,175.0,[7202],ta,"[1491, 10950, 14780, 219404, 302132, 302133, 352123]","[28, 80, 53]",PG-13,1,2022,16893935.413665067,6,IN
tt2910904,119.0,"[78549, 7584, 36733, 86902, 290, 33]",en,"[5657, 1415, 818, 1660, 10123, 6733, 4849, 6199, 9748, 14540, 15235, 155808, 157504, 160406, 165765, 172789, 177040, 187056, 190906, 193760, 198010, 205849, 207898, 208611, 208634, 237517, 283118, 315029]","[18, 35]",,0,2015,16206654.910584183,10,AU
tt15163652,146.0,[131148],ta,[],"[28, 80, 53, 35]",,0,2023,12785365.093221923,1,IN
tt1974419,117.0,"[856, 9, 67574, 50481, 2266]",en,"[931, 1003, 6259, 1523, 5919, 2669, 5857, 2887, 3182, 9887, 8181, 9823, 9826, 10232, 10809, 12670, 14558, 14794, 14818, 14895, 15479, 157465, 162335, 179044, 185351, 312898]",[27],R,0,2016,9390343.74697667,6,US
tt6105098,118.0,"[2, 7297]",en,"[409, 2043, 3071, 11436, 4344, 6464, 9714, 9872, 13084, 18035, 188947, 209220, 240119, 245230]","[12, 18, 10751, 16]",PG,1,2019,327436927.3808226,7,US
tt23621682,80.0,[155744],en,"[7946, 15199, 223059, 241604, 354302]","[27, 53]",NR,0,2025,325000.0,7,GB
tt5719748,119.0,"[694, 5111, 117591, 491]",en,"[2231, 10123, 1981, 9714, 9748, 10176, 10794, 325853]","[80, 28, 18]",R,0,2019,75562367.85711291,2,US
tt2527336,152.0,[1],en,"[2321, 2902, 6066, 3837, 9663, 161176, 202396, 371623]","[12, 28, 878]",PG-13,1,2017,394044462.6420124,12,US
tt8385474,109.0,"[56, 7294, 10221, 69484, 275988]",en,"[5484, 9663, 9825, 15162, 182204, 208152]","[10751, 12, 18]",PG,1,2019,20149964.761896774,5,US
tt7869070,88.0,"[77079, 117746, 117747, 101889, 101890, 122718, 20555, 121205]",en,"[791, 3019, 3177, 10624, 9826, 10333, 12396, 170179, 178317, 201125, 201456, 325789, 325800, 325815, 325834]","[80, 53]",R,0,2019,22668710.357133873,8,US
tt4468740,103.0,"[694, 437, 20664]",en,"[212, 818, 9663, 10468, 13008, 15101, 18165, 155507, 209220, 209792, 267848, 275266, 319397, 325856, 355148]","[12, 35, 10751]",PG,1,2017,52539261.68560166,11,GB
tt2231461,107.0,"[73118, 12, 105751, 34081, 101832, 73669, 103376]",en,"[1299, 1994, 2766, 690, 11100, 5703, 5704, 13031, 41645, 158252, 158253, 161791, 163531, 189099, 189359, 244157, 245623, 245624, 245626]","[28, 12, 878]",PG-13,1,2018,153865018.01440898,4,US
tt19838634,150.0,"[240692, 63187]",hi,[217282],"[18, 53]",,0,2024,4413274.7851280905,8,IN
tt6113488,112.0,"[6427, 42733, 97584]",en,"[818, 3012, 186, 5565, 9672, 11038, 8778, 11001, 195240, 253695, 281585]",[18],PG,1,2017,3940444.6264201244,4,US
tt5971474,135.0,"[2, 17021, 2527]",en,"[616, 5938, 4344, 179411, 245230]","[12, 10751, 14, 10749]",PG,0,2023,313822597.7427199,5,US
tt5646136,106.0,[107196],en,"[818, 6084, 2946, 529, 6078, 2831, 6083, 10322, 9672, 10291, 12425, 33850, 165047, 173644, 187306, 192279, 206515, 220929, 232569, 250916]",[99],PG-13,1,2016,6707388.390697622,7,US
tt4799066,91.0,"[17866, 73118, 33]",en,"[2350, 2725, 6564, 10229, 12392, 12399, 14809, 15058, 155888, 163865, 164698, 171665, 181068, 188237, 199793, 226745, 233828]","[10749, 18]",PG-13,1,2018,3590183.753669543,3,US
tt4374460,108.0,"[8698, 70098, 24870]",ro,"[596, 394, 179882, 207928]","[18, 36]",,0,2015,1873852.0215663922,3,RO
tt11762434,88.0,"[68628, 121204, 41735, 25140]",en,"[2902, 3386, 3388, 160515, 162484, 163252, 177178, 186497, 192962]","[878, 28, 12]",R,0,2021,23763357.531633083,3,US
tt16426418,131.0,"[84041, 226216, 46344, 210099]",en,"[1326, 1157, 128, 6075, 1488, 271, 1664, 2076, 2848, 3230, 9823, 10188, 155262, 160743, 162296, 168939, 178844, 228041, 238821, 252104, 252990, 257783, 258533, 269734, 279043, 294708, 307949, 325763]","[18, 10749]",R,0,2024,56448863.530708134,4,US
tt8001346,87.0,"[4888, 1115]",fr,"[1405, 9717]","[10751, 16, 35, 12]",,0,2018,46159505.4043227,5,FR
tt14403504,93.0,"[1786, 162036, 210227, 112733, 7493, 247773, 125584]",en,"[9672, 210550, 314730, 348023, 348851]","[53, 18]",PG-13,0,2025,23800000.0,2,US
tt1781922,103.0,"[2877, 2266, 66930]",en,"[612, 11196, 4776, 2020, 6285, 5721, 10349, 13129, 14638, 18035, 34061, 185815]","[53, 28]",R,1,2015,6792395.184653891,8,US
tt2873282,140.0,"[7076, 25, 22213]",en,"[591, 739, 810, 818, 1430, 470, 1627, 3182, 4613, 3637, 8780, 11612, 13006, 14617, 18117, 156240, 159346, 165913, 177770, 186450, 190654, 201456, 210162, 217282, 221062, 221966, 230331, 238090, 239797, 240315, 284103, 293643, 310570, 313985, 314730, 317022, 321464, 324886, 325773]","[53, 9648]",R,0,2018,88472385.35828517,2,US
tt9034290,123.0,[94806],tr,"[2504, 156153, 213299, 223194]","[36, 18, 10752]",,0,2019,3778118.3928556456,3,TR
tt8615822,128.0,"[135020, 76992, 114814, 120206]",en,[14909],"[878, 28]",R,0,2020,31094722.552126918,10,US
tt8688634,99.0,"[47729, 36209, 3393, 269759, 106544]",en,"[242, 1562, 1552, 703, 10950, 11522, 156022, 162914, 207268, 226499, 321464, 325775, 325856]","[80, 28, 18]",R,0,2019,41559302.3214121,10,US
tt1124037,139.0,"[47729, 3393, 7437, 80834, 88607, 50481, 13778, 104907, 1163]",en,"[529, 2831, 9672, 15060, 162845, 163188, 174375, 179585, 296858, 309603]","[28, 18, 36, 10752]",R,0,2016,67073883.906976216,6,US
tt15732324,156.0,"[6808, 35063, 160468]",hi,"[9701, 7066, 9663, 192159, 203322, 253980, 322219]","[35, 18]",,1,2023,7924813.074311109,8,IN
tt1560220,99.0,"[5, 84792, 275988]",en,"[1459, 833, 10292, 7312, 9663, 10349, 11931, 12377, 163795, 179430, 208156, 235380, 299335, 303310, 309974, 320420, 324713, 325765, 325818]","[27, 35]",R,1,2019,52893657.499979034,10,US
tt4975722,111.0,"[41077, 81, 103697]",en,"[2231, 6270, 1196, 726, 416, 970, 1721, 1013, 1803, 2394, 1946, 6733, 10683, 10180, 158718, 164296, 194226, 195624, 230701, 258533, 289844, 325835]",[18],R,1,2016,5365910.712558097,10,US
tt6166392,116.0,"[174, 79, 214904, 437, 216687]",en,"[715, 4344, 9675, 179431, 206594, 303310, 325765]","[35, 10751, 14]",PG,1,2023,132080217.90518515,12,GB
tt4558200,110.0,"[109666, 121204, 23034, 109667, 267492]",en,"[796, 1803, 12670, 155716, 162914, 243653, 326312, 364311, 372066, 372499, 372500, 372501, 372502, 373661, 373662]","[80, 18, 28]",R,0,2019,4533742.071426774,11,US
tt27441481,168.0,[7135],ta,"[15011, 285712]","[28, 53, 80]",NR,0,2025,43000000.0,8,IN
tt4271820,139.0,[3118],ta,"[1157, 5903, 9673, 10827, 164698, 204207, 283392]","[10749, 18]",PG,1,2015,1276970.2947149314,4,IN
tt2093991,86.0,"[47843, 6692, 6901, 21856, 63369, 96278]",en,"[840, 833, 1228, 9376, 10229, 13094, 187056]","[18, 35, 36]",R,0,2016,6707388.390697622,3,US
tt30096221,115.0,"[127928, 18, 22213]",en,"[6078, 6894, 10041, 215664, 226268, 309974, 325763, 325776, 348401]","[35, 18]",PG-13,0,2025,35000000.0,12,US
tt9024106,109.0,[],en,"[818, 3725, 4375, 11436, 5565, 9672, 8798, 9826, 11716, 14641, 173490, 191037, 208591, 211740, 212915, 221195, 228649, 235420, 253509, 264484, 267682, 273060, 281237, 309974, 320420, 323807]",[18],R,1,2019,7556236.785711291,3,US
tt6878882,142.0,"[30148, 109462, 109463, 109465, 8881, 122289, 25660, 20542, 197030, 2269]",zh,"[5250, 12995, 18034, 18233, 193042, 193154, 244531, 244532]","[28, 53, 10752, 12]",R,1,2018,89754593.84173858,2,CN
tt4712810,113.0,"[1632, 281285, 221429, 491]",en,"[1384, 1385, 9663, 40903, 159401, 227975, 238039, 302711, 353505, 369401, 372202, 372203, 372204, 372205, 372206, 372207, 373974]","[80, 53]",PG-13,1,2025,90000000.0,11,US
tt12789558,98.0,"[38227, 11667]",en,"[11935, 12999, 157198, 208992, 230977]","[18, 36]",PG-13,1,2021,13069846.642398195,11,US
tt4532038,94.0,"[53531, 10405, 135954, 128828]",en,"[6054, 1421, 4412, 10809, 18035, 155294, 155619, 171345, 171670, 179431]","[35, 10751]",PG,0,2020,22388200.237531383,8,US
tt5198890,97.0,"[1785, 6705, 169332, 181874]",en,"[378, 739, 818, 1442, 1930, 1680, 5248, 10041, 7464, 9016, 9807, 9826, 9957, 11322, 14540, 33451, 41393, 157213, 161545, 166760, 181514, 188841, 202371, 207317, 208992, 236634, 251667, 259094, 272553, 323809]","[53, 80]",R,0,2023,16906267.8918637,12,US
tt18411490,155.0,"[1569, 215409, 9341, 236036, 21017]",hi,[321464],"[28, 12, 53]",,0,2023,38377228.11453059,11,IN
tt12735488,180.0,"[80065, 44098]",te,"[11196, 1701, 1530, 4565, 3289, 18034, 177588, 192260, 207372, 208067, 270755, 271810, 283839, 293198, 326076, 330415]","[18, 28, 14, 878]",PG-13,0,2024,76975722.99642017,6,IN
tt1259528,140.0,"[2995, 103330, 103331, 100033, 47729, 11761]",en,"[796, 703, 1812, 1376, 1559, 5340, 3688, 2441, 10051, 10950, 12670, 15160, 15363, 18233, 34079, 34258, 159457, 159660, 185994, 202371, 203493, 232248, 277050, 321464]","[80, 53, 28]",R,1,2018,38466254.503602244,1,US
tt7238392,102.0,"[189, 6896, 270264, 356, 270265]",fr,"[6054, 254, 6149, 3149, 5340, 9840, 173339, 244534, 247799, 279602, 288394, 294543, 312898, 329837, 356659, 356660, 356663, 356667, 356668]","[28, 35, 80]",,1,2018,26144230.977614995,1,FR
tt5951188,130.0,"[109270, 113710, 113711]",ru,"[11107, 10185, 15218, 210608, 367990, 370576, 371777, 371778, 371779, 371780, 373307, 373308, 373309, 373310, 373311]","[18, 28, 10752]",R,0,2019,4407804.79166492,3,RU
tt3104988,120.0,"[124283, 5420, 107897, 174, 128493]",en,"[818, 1992, 4224, 13027, 14988, 237462, 280028]","[35, 10749]",PG-13,1,2018,38466254.503602244,8,US
tt3385516,144.0,"[431, 9168, 28788, 91797, 25, 7505, 22213]",en,"[1160, 1701, 9715, 1852, 9717, 9663, 10761, 33637, 155030, 176217, 179430, 208289, 325376, 325769]","[878, 14, 28]",PG-13,1,2016,238783026.70883533,5,US
tt2334871,90.0,"[7076, 61791, 25, 22213]",en,"[1336, 970, 1930, 5159, 6876, 189208]","[28, 35]",R,0,2017,55166224.76988174,5,US
tt5028340,130.0,"[2, 2527, 17021]",en,"[212, 818, 2343, 2341, 4344, 10235, 9663, 11321, 11322, 17997, 18035, 46962, 156766, 209220, 214548]","[14, 10751, 35]",PG,1,2018,166687102.84894305,12,US
tt1412528,87.0,"[88548, 2575, 19632]",en,"[11327, 13027, 196499, 230442, 235545, 305042]","[35, 18]",PG-13,0,2017,6567407.710700207,3,US
tt1843303,75.0,"[20955, 102807]",en,"[1499, 1766, 10278, 11034, 12616, 155493, 257285, 281237, 311315, 325769, 325814]","[28, 27, 35]",NR,1,2018,46159.5054043227,9,US
tt1355683,123.0,"[50481, 2691, 5056, 10246, 40106, 41624, 47169]",en,"[549, 417, 1680, 3149, 1812, 2944, 9672, 8442, 11762, 10669, 9826, 10291, 11259, 14707, 14856, 40895, 208289]","[18, 80, 36]",R,0,2015,71999388.95733124,9,US
tt7334528,103.0,"[1632, 491, 12292]",en,"[4610, 6496, 7312, 8743, 12380, 163223, 169358, 189920, 208747]",[35],PG-13,0,2018,24361961.185614757,6,US
tt3450900,110.0,"[22842, 32554, 32555]",en,"[1157, 1252, 879, 6722, 7464, 11510, 12369, 157171, 167040, 223620, 275682, 288823]",[18],PG-13,0,2016,33536941.953488108,4,US
tt26625693,116.0,"[185259, 192528, 110799, 55446]",en,"[818, 1812, 2347, 9672, 10051, 9826, 15363, 180996, 193309, 207915, 208289, 272551]","[80, 18, 53]",R,0,2024,20526859.465712048,12,US
tt11535228,141.0,"[63014, 138367, 112926, 103323, 3491]",ko,"[3800, 3203, 4245, 4811, 8044, 10184, 10168, 13015, 185266, 206867, 225136, 232571]","[28, 18, 53]",,0,2022,19862433.499750677,8,KR
tt10964430,142.0,"[3522, 108388]",hi,"[1157, 11925, 15160, 194451]",[18],,0,2020,3556152.9198296033,2,IN
tt2296777,86.0,"[28320, 24955, 21, 4]",en,"[3289, 9663, 156091, 244967, 273879]","[16, 10751, 14, 35, 12, 9648]",PG,0,2018,75650300.52375108,3,US
tt3416828,94.0,"[9383, 11749, 25]",en,"[657, 2407, 2078, 9663, 10506, 12990, 158024, 159955, 228851]","[12, 16, 10751, 35, 878]",PG,1,2016,140855156.20465004,6,US
tt4900716,132.0,"[12154, 19146]",hi,"[1862, 9957]","[18, 10749, 35, 10751]",,1,2016,4798657.486013053,3,IN
tt2690138,101.0,"[21623, 2650, 5717, 61933]",en,"[6054, 12670, 161213, 346190]","[35, 18]",R,0,2015,607951.9725234096,5,US
tt10731256,123.0,"[829, 12]",en,"[2922, 6158, 10538, 12565, 171587, 187056, 194998, 208611, 233272, 238024, 325765]","[878, 9648, 53, 27]",R,0,2022,38508713.418782204,9,US
tt5990474,100.0,"[80504, 1473, 89212]",en,"[1415, 1447, 732, 295, 1786, 4232, 11612, 12436, 14988, 165576, 197056, 209792, 214388, 231519, 234956, 240119, 240315, 271944, 272877, 280028, 281659, 292593, 325761, 325769, 325775, 325804, 325820]",[18],PG-13,0,2017,919437.079498029,8,US
tt5397194,100.0,"[23437, 6715, 61011, 24049, 109929]",en,"[703, 4565, 10714, 18419, 207694, 228923]","[878, 80, 9648, 53]",R,0,2018,25644169.669068165,5,US
tt10223460,112.0,"[1620, 10338, 213235]",en,"[6038, 6562, 9717, 13027, 179431, 324429, 325782]","[10749, 35, 10402]",PG-13,0,2022,25305725.96091402,2,US
tt3282076,89.0,"[39626, 5381, 121616, 81406, 121617, 104764, 104419, 92187, 104972]",en,"[591, 734, 6149, 509, 792, 5340, 1690, 5475, 9826, 11930, 13015, 291153]","[80, 53]",R,0,2019,9823107.821424678,5,DK
tt30144839,161.0,"[174, 178, 216687]",en,"[11196, 818, 836, 5616, 2187, 10131, 10562, 160910, 179430, 197430, 209044, 231020, 240303, 252314, 256015, 257456, 339049]","[53, 80, 35]",R,0,2025,175000000.0,9,US
tt4913966,93.0,"[76907, 12, 217896]",en,"[534, 380, 1228, 3684, 6152, 10655, 10093, 12670, 14768, 170309, 178856, 256183, 256274, 279542, 315058, 322767, 353932]",[27],R,1,2019,11334355.178566936,4,US
tt6777338,124.0,"[96850, 20064, 73918]",ko,"[782, 1908, 9748, 13116, 188955, 202371, 272050, 283712, 325811]","[28, 53]",,1,2017,164185.19276750518,6,KR
tt14961016,137.0,"[346, 393, 30666, 94, 2429, 205328]",pt,"[456, 966, 1157, 818, 1228, 1809, 9672, 7059, 8041, 9872, 11322, 15271, 39737, 156091, 156887, 161752, 163119, 164246, 192772, 202647, 205734, 208364, 210608, 213971, 240237, 240315, 247882, 249905, 257783, 281237, 286957, 298528, 325772, 325776, 337015, 337962, 340972, 348357, 349616, 350608]","[18, 36]",PG-13,1,2024,8210743.786284819,9,BR
tt8836988,87.0,"[4322, 120509, 120510]",en,"[378, 779, 642, 1562, 3149, 1366, 5572, 9777, 9748, 12653, 160159, 166582, 166631, 174244, 225976, 285576]","[80, 28, 53]",NR,1,2019,3022494.7142845164,5,US
tt15980138,133.0,[80317],ml,[],"[53, 9648, 18, 12]",,1,2024,851864.66782705,9,IN
tt10182822,151.0,"[1533, 83, 7981]",it,[],[18],,0,2018,26926378.152521573,9,IT
tt15464390,150.0,"[101786, 124796, 205606]",pa,[],"[28, 18, 36]",NR,1,2023,2291855.941090773,8,IN
tt5814060,96.0,"[12, 76907, 11565]",en,"[588, 745, 6152, 2626, 3335, 5905, 10093, 13153, 15001, 15285, 156592, 161261, 179882, 207046, 229863]",[27],R,1,2018,28208586.63597498,9,US
tt6467266,110.0,[6704],en,"[1994, 1674, 3289, 9663, 11477, 12990, 14639, 18165, 183169, 267848, 278823, 314730]","[16, 35, 10751, 10402]",PG,1,2021,100994269.5094406,12,US
tt1878841,92.0,"[55265, 33, 3172, 73625]",en,"[1326, 1585, 1430, 1646, 2324, 3358, 10224, 5522, 15001, 15162, 228775, 228777]","[27, 53]",PG-13,1,2016,5365910.712558097,5,US
tt6141246,100.0,"[20580, 10227, 7493, 171788, 159584]",en,"[3124, 3497, 5565, 9672, 170337, 207928]","[12, 18, 10749]",PG-13,0,2019,50374911.904741935,11,US
tt2503944,101.0,"[787, 7288, 168415]",en,"[3658, 212, 1803, 2992, 1946, 11436, 14964, 18293, 217930, 223064, 226184, 267876, 325851]",[18],R,0,2015,27169580.738615565,10,US
tt1206885,89.0,"[1020, 126013, 48738, 117435, 166120]",en,"[447, 1859, 6019, 9663, 170652, 177071, 188711, 197088, 217064, 222529, 253417, 369543, 371708, 372635, 372636, 372638, 374159]","[28, 53, 18]",R,0,2019,62968639.88092742,9,US
tt14260836,135.0,"[52059, 210311, 207375, 248431, 198764, 204763, 246927, 248432, 249191, 227077]",en,"[894, 1803, 4344, 5565, 9672, 11736, 14964, 15149, 18068, 33922, 156306, 194869, 208289, 210608, 232763, 233130, 240119, 240237, 240422, 252104, 267659, 286529, 328926]","[10402, 18]",R,0,2024,112897727.06141627,12,AU
tt1935859,127.0,"[7076, 8601, 22213, 25]",en,"[1209, 6272, 1370, 2639, 4379, 13014, 33637, 164246, 207883, 246466, 366990]","[14, 12, 18, 10751, 53]",PG-13,1,2016,147562544.59534767,9,US
tt10288566,117.0,"[76, 2801, 24845, 8288, 143139]",da,"[6054, 1706, 792, 567, 4232, 7464, 10235, 10508, 40879, 41355, 155718, 279105, 279106, 281659, 320420]","[35, 18]",NR,1,2020,6405512.8457381455,9,DK
tt11003218,92.0,"[51860, 57430, 831, 117654, 156036, 100640]",en,"[996, 4931, 697, 1896, 9622, 9872, 13209, 18293, 157495, 167104, 172291, 208152, 217513, 323809]","[18, 53, 9648]",R,0,2021,3564503.6297449623,7,US
tt26757462,99.0,"[552, 1020, 823, 48738, 74795]",en,"[616, 3986, 9717, 167215, 208611]","[14, 27, 28]",R,0,2024,20526859.465712048,8,US
tt4900148,98.0,[3],en,"[3289, 9951, 10683, 10159, 159869, 171556, 179430, 179435, 195114, 196145, 198168, 218024, 240237, 269233, 278823, 305168, 310034, 316633, 325762, 325784, 325842, 338822]","[12, 16, 35, 10751, 878]",PG,0,2025,150000000.0,6,US
tt2473510,88.0,"[3172, 4, 6302, 21223]",en,"[6152, 10224, 9663, 15001, 162846, 163053, 256183, 314698, 325779, 365784]","[27, 53]",R,1,2015,13584790.369307783,10,US
tt11992694,114.0,"[142011, 49934, 1618, 790, 11237]",de,"[5565, 179431]","[18, 36]",NR,0,2022,8340547.226926296,7,AT
tt4645368,97.0,"[50488, 228923, 83]",fr,"[2398, 10181, 10041, 10180, 40895, 158024, 158718, 171670, 232129, 232130, 258533, 261264]",[18],NR,0,2016,9926934.81823248,9,CA
tt5034838,113.0,[923],en,"[11100, 12616, 158126, 161791, 188953, 196425, 257384, 283841, 293178, 325783]","[28, 878, 12]",PG-13,0,2021,237633575.31633082,3,US
tt10767052,104.0,"[85284, 127929, 22213, 219854, 6510, 30601]",en,"[1477, 9672, 8338, 13042, 179430, 195405, 208799, 290527, 325784, 325830, 348023]","[35, 18]",PG-13,0,2023,14792984.405380737,11,US
tt4622512,121.0,"[43, 8286, 6707, 290]",en,"[6075, 1488, 1228, 2848, 5565, 9672, 9016, 163097, 207999, 212915, 226729, 234216, 234217, 270813, 325770, 325772]","[18, 35, 36]",PG-13,0,2017,32837038.553501036,9,US
tt8883486,125.0,"[194918, 55956, 63369, 147219]",en,"[9672, 41406, 161257, 213097, 214902]","[28, 18, 36]",R,0,2022,25305725.96091402,9,US
tt1806913,140.0,"[7294, 80908, 128365]",hi,[],"[35, 27, 28, 14]",,1,2017,11033244.953976348,10,IN
tt3836512,80.0,[19961],en,"[242, 2157, 6844, 6435, 14903, 18420, 163053, 178649, 199524, 207844, 268132, 272745, 314730, 325763]","[18, 27, 53]",NR,0,2015,679239.5184653891,1,US
tt10065694,105.0,"[1632, 72725]",en,"[393, 2660, 1930, 2831, 12425, 155876, 157701, 193897, 200234, 201864, 207915, 212737, 309427, 325774, 325775, 325806, 325807, 325809, 325812, 325818, 325821, 325823, 325825, 325843]",[27],R,0,2020,18656833.53127615,9,US
tt22408160,164.0,"[127929, 6705, 22213, 3353, 72597]",en,"[1157, 10123, 9706, 11534, 41329, 178895, 198423, 200234, 203322, 214655, 219807, 233130, 234934, 269808, 278235, 308339, 314730, 325852, 329280, 333465]","[18, 35]",R,0,2024,15395144.599284036,5,US
tt1200263,141.0,"[174, 3298, 56, 150841, 200643, 216687]",en,"[596, 516, 818, 531, 6150, 3446, 2299, 2831, 2495, 4344, 10181, 7925, 3702, 9833, 10303, 11001, 11925, 12425, 14669, 33841, 154879, 155023, 157192, 158718, 164811, 179012, 191006, 191731, 204242, 205276, 207876, 207883, 210184, 210281, 214548, 232937, 234119, 235496, 236170, 239797, 241738, 241927, 247882, 254106, 264551, 285398, 287417, 294934, 323337]",[18],PG-13,0,2023,95097756.8917333,12,US
tt6788942,130.0,"[8450, 93758]",th,"[5657, 2921, 6270, 1332, 3434, 240303]","[18, 80, 53, 35]",PG-13,1,2017,2415714.534376158,5,TH
tt11291274,107.0,"[831, 128491]",en,"[591, 1568, 776, 8201, 5732, 18026, 158988, 240303, 325763, 325810]","[28, 35, 80]",R,0,2022,33007468.64467046,4,US
tt6836936,170.0,[15228],te,"[9276, 12371, 195295, 219404, 359533]","[28, 12, 53]",NR,0,2019,64228012.678545974,8,IN
tt14279982,150.0,[100143],te,[],"[80, 53, 28]",R,1,2022,1980448.1186802275,12,IN
tt5290524,86.0,"[45724, 154035, 6246]",it,[],"[35, 10751, 12]",,1,2016,14875645.972889185,1,IT
tt10954600,124.0,"[420, 176762]",en,"[1701, 9715, 3126, 9717, 9663, 9820, 18035, 179430, 179431, 180547, 325777]","[28, 12, 878]",PG-13,0,2023,211328348.64829624,2,US
tt2854926,100.0,"[8000, 12]",en,"[9672, 9935, 18249, 155939, 210295]","[35, 28]",R,1,2018,35901837.53669543,5,US
tt5325452,103.0,"[1632, 3096]",en,"[3350, 3335, 3358, 12377, 158729, 162846, 178665, 246126, 296608]","[35, 27]",PG-13,1,2016,26829553.562790487,10,US
tt6723592,150.0,"[174, 9996]",en,"[782, 5265, 470, 4379, 4110, 6163, 13015, 158774, 160381, 161520, 172266, 186760, 192687, 194998, 208757, 212968, 239797, 325764, 325787]","[28, 53, 878]",PG-13,0,2020,254976724.92744073,8,US
tt14099334,156.0,"[86699, 115477]",hi,"[12564, 210614, 305185, 359782]","[27, 35]",,0,2022,7811767.579238676,11,IN
tt3553976,118.0,"[8600, 33603]",en,"[970, 1508, 1773, 3593, 7312, 10235, 10833, 12399, 40917, 41329, 157213, 164724, 164754, 166287, 172658, 182662, 194998, 198982, 208397, 209673, 218174, 230125, 246990, 295486, 325769, 325832]","[12, 18]",R,1,2016,6707388.390697622,7,US
tt3168230,104.0,"[7493, 288, 7217, 41640, 51860, 14]",en,"[212, 818, 703, 11469, 197582, 210434, 273879]","[18, 80, 9648]",PG,1,2015,14943269.40623856,6,US
tt8186318,119.0,[69411],en,"[6075, 186, 33472]",[18],PG,1,2019,6296863.988092742,8,US
tt0441881,118.0,"[101576, 89994, 126370, 106364, 126371, 126372, 290]",en,"[2957, 9672, 208992, 233352, 235583, 260090, 260091]","[10752, 28, 18, 36]",R,0,2019,30142865.00201478,8,GB
tt13669038,104.0,"[81, 114777, 267168]",en,"[570, 818, 6150, 2073, 3228, 5988, 11001, 12365, 15241, 41153, 179431, 187056, 190327, 212643, 252104, 263959, 290035, 325771, 325797]",[18],PG-13,0,2022,22004979.096446972,12,US
tt7153766,98.0,"[149869, 508, 8850, 10104, 167986]",en,"[6844, 11857, 13073, 240315, 304435]","[27, 53]",R,1,2018,1923312.7251801123,3,US
tt6288124,114.0,"[10039, 78780]",en,"[1896, 5565, 9672, 13063, 13151, 14641, 33457, 228066]","[35, 18]",R,0,2018,4487729.6920869285,4,US
tt19465630,111.0,[173973],uk,"[3023, 1295, 244797, 252606, 257783, 272265, 273967, 294348, 294795, 301386]","[10752, 28, 18]",R,0,2022,1100248.9548223487,5,UA
tt9531772,145.0,"[7294, 19146, 80908]",hi,"[6149, 9663, 15090, 287118]","[28, 80, 53]",,1,2021,15446182.395561503,11,IN
tt4439120,85.0,"[69967, 3033, 69968, 69969, 6919]",ja,"[171676, 208156, 295702, 309974, 325785, 325804, 325806, 325812]","[27, 28, 878, 18, 14]",,0,2015,1698098.7961634728,5,JP
tt4411504,108.0,"[49, 2563, 8046, 21914, 6458, 16742, 129063, 85066, 207356]",es,"[1336, 1930, 2803, 2900, 10596, 156887, 200918, 202371, 217335, 309974, 325761, 325763, 325775, 325776, 325780, 325814]","[18, 36, 80]",R,1,2015,4754676.629257724,8,AR
tt6367558,107.0,"[819, 149, 57294]",fr,"[4320, 9758, 7375, 158718, 168812, 190370]","[10749, 53, 18]",NR,0,2017,9338853.764615694,5,FR
tt4824302,118.0,"[60016, 20788, 50492, 92143, 92144, 50491, 10427, 24277, 33]",en,"[65, 5248, 9929, 10188, 14534, 14768, 18053, 33476, 33479, 156833, 159947, 163758, 164698, 173983, 176227, 196058, 208349, 208397, 217080, 230701, 235424, 240315, 241738, 241739, 315382, 321951]","[35, 18, 10749]",PG-13,0,2016,33536941.953488108,4,US
tt14415204,101.0,"[2575, 221429, 211864]",en,"[1370, 6152, 9720, 199524, 256183, 295907]",[27],R,0,2024,20526859.465712048,9,US
tt7984734,109.0,"[30666, 6531, 41077, 508]",en,"[2041, 3030, 1533, 5938, 3298, 4079, 9672, 8729, 12999, 14527, 33432, 41393, 41410, 188991, 207928, 226406, 287274, 305021, 325775, 325817]","[18, 14, 53]",R,0,2019,13853100.773804033,10,US
tt0493405,100.0,"[10424, 174]",en,"[6149, 11734, 12670, 167316]","[28, 35, 80]",R,0,2017,32837038.553501036,3,US
tt4042818,123.0,"[50488, 20162, 12180]",en,"[886, 6562, 12396, 158718, 257714, 258533, 262522, 287664]",[18],R,0,2019,44078047.9166492,3,CA
tt6476140,106.0,"[125282, 28473]",en,"[282, 4563, 5420, 11925, 14522, 15237, 155180, 157799, 174617, 194998, 207268, 226406, 229663, 240119, 243925, 259209]","[53, 9648, 18]",R,0,2019,31484319.94046371,1,US
tt8373206,90.0,"[1632, 1473, 221429]",en,"[520, 1463, 2679, 163077, 164698, 165402, 171095, 172466, 187056, 193549, 197361, 220314, 222974, 226774, 240119, 264136, 325782, 338751]",[35],PG-13,0,2023,30748274.728327103,5,US
tt2322441,125.0,"[33, 10146, 11370, 7626]",en,"[1866, 818, 1664, 9785, 9888, 12547, 34143, 158713, 187056, 325776]","[18, 10749, 53]",R,1,2015,54339161.47723113,2,US
tt0993840,148.0,[114152],en,"[585, 4809, 1953, 3070, 8430, 10051, 9925, 12332, 12377, 14570, 33476, 159339, 163841, 174511, 182127, 186565, 204703, 240303, 273612, 309974, 325772]","[80, 28, 27]",R,0,2021,106935108.89234887,5,US
tt7329858,136.0,"[80879, 91689, 91689, 104531]",hi,"[2035, 15001, 33637, 68646, 256183]","[27, 9648]",PG-13,0,2018,3333742.0569788613,3,IN
tt10676052,115.0,"[420, 176762]",en,"[2660, 83, 9715, 9717, 10150, 33637, 155030, 175629, 179430, 179431, 180547, 202541, 208992, 214730, 285485, 325775, 374045, 374046, 374047, 374048]","[878, 12, 28]",PG-13,0,2025,229600000.0,7,US
tt2006295,127.0,[11317],en,"[6015, 9672, 6460, 8902, 10349, 187056]","[18, 36]",PG-13,0,2015,33961975.92326946,8,US
tt1691916,98.0,"[10991, 63484]",en,"[818, 10854, 11322, 171993, 193400, 246466]","[18, 14]",PG-13,1,2017,6567407.710700207,3,US
tt3748528,133.0,[1],en,"[11196, 1612, 526, 2902, 3801, 9675, 11322, 11606, 12993, 14544, 15285, 161176, 162459, 171051, 207556]","[28, 12, 878]",PG-13,1,2016,268295535.62790486,12,US
tt2199571,114.0,"[41624, 829, 18617, 23513, 174]",en,"[2708, 9748, 9826, 11578, 10562]","[28, 80, 53]",R,0,2015,67923951.84653892,3,US
tt0490215,161.0,"[22842, 23033, 8870, 54537, 86060, 23243, 10405]",en,"[233, 818, 186, 440, 9714, 10085, 13006, 41611, 179567, 189398, 189995, 194998, 207941, 214891, 220890, 225219, 226417, 226419, 325786, 325787]","[18, 36]",R,0,2016,61707973.19441812,12,US
tt5886046,99.0,"[5, 333]",en,"[520, 2849, 483, 4950, 9228, 18249, 33514, 162587, 163190, 194341, 240252, 258728, 285485, 286083, 286084, 286085, 295702, 316832]","[27, 53, 9648]",PG-13,1,2019,11334355.178566936,1,US
tt1270797,112.0,"[53462, 84041, 7505, 81620, 14439, 5]",en,"[1612, 582, 9715, 2095, 4862, 9717, 179430, 179431, 191297, 193132, 244157, 302666]","[878, 28]",PG-13,1,2018,148736184.08059534,9,US
tt11618536,100.0,[123744],en,"[387, 1253, 3616, 6362, 10683, 10668, 163998, 170718, 176661, 209506]","[35, 18, 10749]",R,0,2020,99503.11216680614,10,US
tt1754656,108.0,"[15433, 1115, 779, 120960, 59725]",en,"[3800, 970, 490, 4565, 3469, 9736, 10938, 9825, 10121, 10226, 10873, 12663, 15101, 180787]","[12, 16, 14, 10751]",PG,0,2015,86942658.36356981,7,FR
tt5571734,136.0,"[53252, 19144]",hi,"[11038, 10909, 14783, 18087, 33519, 68642, 213810, 214780]","[18, 53]",,0,2016,100610825.86046432,9,IN
tt3387520,108.0,"[81671, 101082, 8147, 5490, 124633, 124634, 128493]",en,"[1415, 818, 3335, 3358, 3151, 6625, 9955, 12425, 18005, 180413, 192035, 208992, 209568]","[27, 9648]",PG-13,1,2019,31484319.94046371,8,US
tt3513548,131.0,"[174, 171, 562, 11581, 119382]",en,"[5565, 9672, 269726]","[18, 36]",R,0,2019,56671775.89283468,12,US
tt4016934,145.0,"[34725, 49096, 7036]",ko,"[931, 818, 295, 3430, 1664, 3202, 10454, 9833, 12545, 14794, 158718, 183434, 207767, 209095, 214548, 236643, 237671, 245796, 250212, 264386, 280003, 324429]","[53, 18, 10749]",R,1,2016,11503171.09004642,6,KR
tt10451852,124.0,"[119377, 551, 212771, 79426, 103292, 168256, 161257, 104363, 113637, 90790]",en,[],"[18, 14]",R,0,2021,11881678.765816541,7,US
tt5108870,104.0,"[5, 53462, 14439]",en,"[3133, 9715, 9717, 179431, 194404, 325819]","[28, 878, 14]",PG-13,0,2022,82518671.61167614,3,US
tt4669186,96.0,"[33, 40268]",en,"[9716, 155876, 362573]","[35, 99, 10770]",R,0,2016,13280629.01358129,10,US
tt4714782,105.0,"[51696, 79343, 9111, 94, 48663, 46, 587]",fr,"[212, 90, 697, 2723, 3350, 9872, 9826, 10164, 11322, 13153, 14818, 15016, 15022, 41175, 162846, 163764, 191529, 215235, 234478, 234479, 235328]","[18, 9648, 53]",R,0,2016,8048866.068837146,12,FR
tt3553442,112.0,"[4, 1756, 26402]",en,"[736, 818, 5299, 917, 3541, 4405, 9672, 7158, 7955, 13015, 18034, 33424, 185454, 188534, 192312, 226546, 226547, 325778]","[35, 18, 10752]",R,0,2016,46951718.73488335,3,US
tt9288692,97.0,"[46453, 202102]",en,"[612, 1533, 4375, 3373, 9632, 9826, 12564, 12570, 14755, 41645, 156783, 228001, 282521]","[27, 35]",R,0,2021,7723091.197780752,6,US
tt6537238,111.0,"[18165, 318, 18166, 23319]",ru,"[4040, 9882, 156039, 198136]","[28, 18, 12]",PG-13,0,2017,19702223.132100623,9,RU
tt13923084,111.0,"[829, 106754, 225226, 176034]",en,"[836, 4565, 1635, 10292, 6410, 9826, 10547, 11326, 13116, 34079, 171261, 179430, 179431, 232766, 240275, 240485, 268132, 284439]","[80, 53, 28]",R,0,2024,18474173.519140843,4,US
tt6856242,131.0,"[5374, 78995, 127928]",en,"[212, 2504, 470, 9717, 9675, 176217, 179431, 190531, 205276, 208327, 210184, 220815, 325853]","[28, 12, 53]",R,0,2021,118816787.65816541,12,US
tt5457772,126.0,[38582],te,"[156024, 162380, 213467]","[28, 18]",,1,2016,10065863.612491323,4,IN
tt2543472,113.0,"[1632, 6735, 10221, 10227, 72441]",en,"[3011, 6733, 9273, 10360, 10873, 15101, 18035, 195593, 239831, 267876, 325835]","[10751, 18]",PG,1,2017,26269630.84280083,11,US
tt4649416,111.0,"[49968, 33]",en,"[65, 4543, 18035, 34079, 207317]","[35, 18]",PG-13,1,2016,22805120.528371915,11,US
tt3861390,112.0,"[8601, 2, 120402, 120403]",en,"[2857, 291, 5900, 9714, 209220, 210184, 245230, 258535]","[10751, 14, 12]",PG,0,2019,214093375.59515324,3,US
tt10838180,148.0,"[174, 79, 84764]",en,"[2964, 312, 1001, 310, 6104, 4563, 530, 4565, 12190, 179430, 186789, 212737, 221385, 291153, 324429, 325849, 348204]","[878, 28, 12]",R,0,2021,225751896.55051428,12,US
tt11655566,108.0,"[2, 118854]",en,"[1668, 6733, 10041, 9951, 14549, 14729, 18035, 164246, 193907, 236343, 237590, 245230, 251829, 258197, 316666, 320420, 324713]","[10751, 878, 35]",PG,1,2025,100000000.0,5,US
tt9252488,97.0,"[110799, 435, 2147, 102842, 139260]",en,"[160224, 232766]","[53, 36, 18]",R,0,2020,8955280.095012553,9,US
tt7294150,149.0,"[112270, 3393, 17818, 81620, 2806, 25660]",zh,"[4063, 10535]","[10752, 36, 18, 28]",,1,2020,99503112.16680615,8,CN
tt8108198,139.0,"[6808, 115954]",hi,"[3581, 14743, 207556, 207592, 325811]","[80, 9648, 53, 35]",R,1,2018,5769938.175540337,10,IN
tt4919268,115.0,"[122771, 5, 10288, 84792]",en,"[416, 9663, 6648, 10562, 15167, 167316, 167541, 179430, 270737, 352121, 371773, 371774, 373169, 373197, 373198]","[28, 35, 80]",R,1,2024,102634297.32856025,6,US
tt5700672,118.0,"[20064, 103875, 73918, 88607, 710]",ko,"[3335, 12377, 13008, 50009, 188973, 202371, 211659, 232649, 261681, 314730]","[27, 53, 28, 12]",NR,1,2016,11402560.264185958,7,KR
tt7218518,140.0,"[3942, 5, 157559, 63520, 2798, 78597]",hi,"[9715, 5331, 3338, 5565, 5975, 9672, 15027, 156866, 203322, 220993]","[35, 18]",,0,2018,12822084.834534083,2,IN
tt6556670,99.0,"[17311, 356, 66233]",fr,"[6038, 12425]",[35],,1,2019,23298396.755943146,1,FR
tt5774060,95.0,"[7076, 25, 22213]",en,"[1299, 1430, 2769, 5160, 11100, 3521, 10349, 9830, 10617, 11220, 11322, 14785, 50009, 155235, 158126, 162356, 169816, 185477, 287274, 290950, 298603]","[27, 878, 28, 12]",PG-13,0,2020,62189445.104253836,1,US
tt18079362,98.0,"[156448, 118408, 181874, 4384]",en,"[242, 579, 3298, 5248, 9672, 8224, 9609, 3993, 11836, 155170, 155939, 167541, 168930, 196322, 220363, 220529, 228785, 241293, 253056, 254502, 295959, 311667]","[35, 18]",PG-13,0,2023,29585968.810761474,2,US
tt4429160,92.0,"[3657, 20064, 121669, 11590, 203205]",ko,"[54612, 209673, 209792, 238526, 290395, 297442, 303942, 324713, 325761, 325765, 325769, 325770, 325807, 331014, 331015]","[16, 14, 10751, 35, 10749, 12]",PG,0,2019,25187455.952370968,7,KR
tt11656220,99.0,"[125066, 121204, 10405, 1632, 85562, 37765]",en,"[1812, 5901, 9672, 10714, 216079]","[80, 9648, 53, 28]",R,0,2021,17822518.148724813,7,US
tt6108090,150.0,"[86347, 2140]",hi,"[1157, 2320, 12990, 208170, 239795, 240303, 240315]","[18, 10402]",,1,2017,376028.7498100196,10,IN
tt12003946,112.0,"[121470, 33, 4234]",en,"[65, 1991, 3070, 12200, 163841, 178895, 179431, 202371, 207317, 325773]","[28, 35, 14, 53]",R,1,2022,22004979.096446972,11,US
tt3045616,107.0,"[1632, 1757, 2691, 3263, 3393]",en,"[818, 5918, 11061, 155795, 159534, 325819, 325828]","[35, 12]",R,0,2015,81508742.21584669,1,US
tt2238032,107.0,"[79731, 53634, 79729, 79730, 79732, 79733, 5338, 72092, 170423, 139922, 32554, 76992, 1632]",en,"[703, 12354, 13159, 14638, 15009, 155841]","[28, 12, 80, 35]",PG-13,1,2016,42927285.70046478,7,US
tt11729298,112.0,"[1632, 49945, 144002]",en,"[579, 5565, 9672, 12670, 179430, 201189]","[18, 10751]",PG,0,2021,29704196.914541353,12,US
tt10341034,129.0,"[49068, 3304]",fr,"[3800, 10410, 12617, 197062, 249530, 298530, 363754]","[9648, 53, 18]",G,0,2021,12739821.132998874,9,FR
tt4559046,140.0,[],hi,[],"[35, 10749]",,0,2016,17439209.815813817,6,IN
tt15009428,139.0,"[5374, 194232, 78995]",en,"[212, 254, 977, 470, 1200, 3271, 1981, 4289, 5914, 10818, 155251, 179430, 217140, 298577, 369598, 373849, 373850, 373851]","[28, 12, 35]",PG-13,0,2024,205268594.6571205,1,GB
tt2140479,128.0,"[5357, 8600, 41624, 174]",en,"[378, 1589, 782, 1646, 5947, 10594, 10890, 12355, 12371, 167104, 188955, 191494, 207697, 230113, 243959]","[80, 53, 18]",R,1,2016,59025017.83813907,10,US
tt23804696,154.0,"[100143, 259393]",te,"[5340, 14690, 251667, 273015]","[80, 53, 28]",R,0,2025,7700000.0,4,IN
tt9426210,112.0,"[3756, 128616, 882, 2073, 8157, 104184, 145448]",ja,"[233, 2343, 2210, 2217, 9887, 3694, 3823, 9840, 9914, 12369, 13014, 13088, 41557, 173272, 207695, 210024, 244663, 251513, 325784]","[16, 18, 14, 10749]",PG-13,1,2019,13979038.053565888,7,JP
tt7016254,123.0,"[24662, 1618, 94, 8997]",fr,[258533],"[35, 18]",,0,2019,3148431.994046371,2,FR
tt14542254,106.0,"[34780, 13318, 19037, 83, 694]",fr,"[90, 1242, 139, 13015, 158774, 232488, 322590]","[80, 18, 53]",,0,2022,19474406.50035557,10,FR
tt5653294,138.0,"[3467, 104485, 69587, 170585]",ru,[],[28],,1,2016,13414776.781395243,4,RU
tt3203606,124.0,"[33603, 4205, 13470]",en,"[970, 886, 888, 5565, 12396, 13028, 173644, 190140, 194595, 207883, 227561]",[18],R,0,2015,20377185.553961672,10,US
tt3966404,97.0,"[51696, 72918, 72919, 72920, 18626]",fr,"[380, 2692, 4411, 5733, 7028, 11534, 10809, 10726, 11322, 156777, 171411, 187056, 262278, 280940, 324886, 325929]",[18],PG-13,1,2015,1766022.7480100116,6,FR
tt9263550,157.0,"[88275, 67994]",ta,[9672],"[18, 36]",,0,2022,8691966.743096555,7,IN
tt2932536,89.0,"[61255, 79822, 97585, 85170, 7405, 97584, 13161, 36109]",en,"[380, 269, 2988, 4392, 13031, 15097, 185477]","[27, 53]",PG-13,1,2017,7224148.481770228,5,US
tt3862750,100.0,"[3287, 42421]",en,"[703, 10333, 12670, 13072, 14602, 155939, 164698, 177973, 210006, 219605, 221296, 240070, 308996, 316088, 319190, 324859, 329203]","[18, 53]",PG-13,1,2015,16301748.443169339,9,US
tt27425164,170.0,[1569],hi,[],"[28, 53]",NR,0,2025,47000000.0,8,IN
tt4846232,102.0,"[94312, 37504]",en,"[378, 791, 242, 5301, 2492, 2564, 4232, 10562, 11612, 14964, 14967, 41180, 155582, 162914, 188665, 208156, 208580, 292593, 321464, 325786]","[80, 53, 18]",R,0,2017,2626963.084280083,8,US
tt4052882,86.0,"[5, 23513, 67069]",en,"[5349, 1524, 2041, 534, 2988, 5160, 3343, 10349, 10814, 13031, 14712, 15097, 15098, 18029, 157716, 158108, 160873, 207678, 223059, 237370, 241739, 283201, 304856, 313779, 328267, 332242, 342930]","[27, 18, 53]",PG-13,1,2016,22805120.528371915,6,US
tt7456310,118.0,"[6896, 356, 491, 18697, 175822, 72425, 175825]",en,"[591, 90, 2106, 3278, 12367, 158718, 173242, 206041, 210608, 253885]","[28, 12, 53]",R,0,2019,42818675.11903065,6,US
tt7204348,118.0,"[49, 21914, 6458, 79514, 8046, 981]",es,"[1228, 9672, 10180, 10596, 158718, 168812, 180825, 196917, 258533]","[18, 80]",NR,1,2018,3846625.4503602246,8,ES
tt1758810,119.0,"[33, 10163, 70986, 214539]",en,"[818, 1442, 1419, 703, 2602, 10115, 10714, 10794, 3623, 15016, 17972, 33457, 160059, 192687, 244975]","[80, 53, 9648, 27]",R,0,2017,45971853.97490145,8,GB
tt1617661,127.0,"[174, 79, 41624, 450]",en,"[306, 9882, 161176, 187056, 212760]","[878, 14, 28]",PG-13,0,2015,239092310.49981695,2,US
tt2918436,83.0,"[1632, 3172, 55265, 7295]",en,"[1706, 6155, 9853, 34079, 156075, 169816, 178646]","[27, 878, 53]",PG-13,1,2015,4482980.821871568,1,US
tt2776878,109.0,"[7, 56, 19477]",en,"[447, 818, 5565, 13065, 162365, 238839]","[18, 10752]",R,0,2017,26269630.84280083,10,US
tt26783625,94.0,"[8533, 167986]",en,"[1332, 3979, 9826, 10714, 12394, 33841, 207767, 230225, 325844, 350360]","[27, 9648, 53]",R,0,2025,1000000.0,10,US
tt2066051,121.0,"[4, 114732, 5374, 28320, 2253]",en,"[212, 726, 3490, 1228, 4344, 5565, 9672, 7464, 10229, 11700, 12670, 14743, 158718, 191458, 208992, 258533]","[10402, 18]",R,1,2019,50374911.904741935,5,US
tt2488496,138.0,"[1, 11461]",en,"[803, 1612, 161176, 371623]","[12, 28, 878]",PG-13,1,2015,332827364.0480407,12,US
tt22041854,113.0,"[128344, 70]",en,"[931, 1157, 1523, 1228, 1803, 5565, 9672, 10683, 9673, 10229, 10232, 12545, 14641, 15126, 175301, 185018, 187056, 208170, 208992, 222792, 272553, 275935, 277551, 292593, 309426, 309974, 323645]","[18, 10749]",R,0,2023,21132834.864829622,10,US
tt5297256,161.0,[18114],ml,"[380, 414, 4809, 6211, 4376, 5774, 6174, 156117, 188301]","[28, 12]",,1,2016,5097615.176930193,10,IN
tt3450650,94.0,"[5, 46222, 34034, 878, 8000]",en,"[6490, 14570, 41180]","[28, 35, 10751]",PG,1,2015,51622203.40336957,4,US
tt3606756,118.0,[3],en,"[2587, 9715, 6513, 3289, 9663, 15025, 18035, 33637, 166726, 194404, 281585, 325811, 350749]","[28, 12, 16, 10751]",PG,1,2018,256441696.69068164,6,US
tt5580266,133.0,[12292],en,"[6270, 818, 2754, 4108, 2187, 10809, 12425, 15090, 34136, 185158, 223215, 226344, 246466]","[80, 18]",PG-13,0,2018,29490795.11942839,10,US
tt7720922,161.0,"[107723, 3522, 86581, 80514, 86589, 77414]",hi,"[417, 9713, 163118]","[35, 18]",,0,2018,9103680.232519198,9,IN
tt1691152,88.0,"[81813, 97262, 97263]",en,"[1009, 3170, 2679, 10235, 8734, 14558, 14893, 240119, 240237]",[99],NR,0,2017,235840.864817413,2,US
tt29439114,107.0,[49],es,"[242, 236, 818, 1541, 5299, 5248, 6447, 7973, 9928, 10163, 13028, 155251, 163129, 181324, 206662, 223019, 227474, 308814, 334666]","[18, 35]",PG-13,0,2024,15395144.599284036,10,ES
tt34819091,136.0,"[227077, 13184, 168539, 232625, 272947, 236171, 153971, 2801, 9334, 17173, 278280, 171436]",en,"[242, 186, 2698, 4344, 15302, 160279, 187056, 197056, 208548, 222797, 269438, 293649, 325761, 325762, 325812, 325854, 328926, 328974]","[36, 18, 10402]",R,0,2025,10000000.0,12,US
tt3774114,134.0,"[51570, 50481, 1205, 856, 10427, 237843]",en,"[5565, 6987, 9031, 3635, 195240, 209799, 209817, 244840, 288302, 290903]","[18, 36, 80, 53]",R,0,2016,53659107.125580974,9,US
tt8151874,94.0,"[89141, 21398, 7625, 118246, 16945]",en,"[422, 2299, 2367, 2669, 3199, 5707, 11494, 10649, 33457, 155621, 161545, 165402, 169970, 185018, 187056, 211044, 214827, 234125, 234280, 240119]",[18],R,0,2019,4407804.79166492,9,US
tt5108476,130.0,"[1569, 310]",hi,"[90, 9673, 238736]","[10749, 35, 18]",PG-13,0,2016,20792904.011162627,12,IN
tt4302938,101.0,[11537],en,"[233, 1462, 2343, 3446, 10121, 47020, 156189, 198754, 240237]","[16, 12, 10751]",PG,0,2016,80488660.68837146,8,US
tt6878038,137.0,"[92012, 3491]",ko,"[444, 1749, 4108, 9672, 33640, 159289, 208289, 231977, 253157, 259773, 261681, 325811]","[28, 18, 36]",,1,2017,16838839.93764304,8,KR
tt5932728,124.0,"[5353, 17653, 78896, 117157, 14938, 6626, 54537, 152]",en,"[818, 1992, 2574, 5565, 9672, 18409, 198762, 207928]","[36, 18, 9648, 53]",,0,2019,31484319.94046371,3,US
tt9664108,108.0,"[148185, 3528]",en,"[3801, 11518, 9882, 220108]","[878, 53]",PG-13,0,2021,23763357.531633083,4,US
tt1485796,105.0,"[7076, 25, 22213]",en,"[596, 291, 4344, 5565, 5626, 9672, 10216, 12990, 173276, 207545, 309974, 325765, 325783, 325787]",[18],PG,1,2017,110332449.53976348,12,US
tt13097336,141.0,"[141082, 67994]",en,"[6150, 187, 10614, 12562, 13006, 13015, 14707, 193999, 216981, 220991]","[36, 18, 28]",R,0,2021,17822518.148724813,12,GB
tt2967224,87.0,"[12, 15829, 21]",en,"[1563, 4129, 2149, 1556, 4009, 5430, 8015, 11207, 10562, 10175, 10950, 15090, 18026, 187056, 210772, 217080, 230100, 326312, 326313]","[28, 35]",PG-13,0,2015,47546766.29257724,5,US
tt21267296,88.0,"[104363, 37361, 72972]",en,"[5767, 9720, 10714, 11663, 12339, 12570, 13088, 14676, 158176, 161102, 208156]","[27, 35, 9648]",R,0,2025,3000000.0,4,US
tt13539646,173.0,"[191194, 115322, 65442, 2270]",zh,"[3801, 156039, 175975, 206959, 254147, 254148, 325761]","[878, 28, 12]",NR,1,2023,77980160.6512213,1,CN
tt1374989,108.0,"[8873, 10246, 13395, 72725, 73492, 47706, 5056, 175350, 24049, 3287]",en,"[818, 4565, 9390, 10360, 12377, 156501, 157286, 207928, 210085, 211659, 222512, 222513, 325765, 325766]","[10749, 27, 35, 53]",PG-13,0,2016,37561374.98790668,2,US
tt0899043,122.0,"[127928, 91797, 256631, 22213]",en,"[591, 818, 10685, 1936, 9748, 33705, 41336, 162300, 181635, 208397, 217282, 303918, 314730, 325809]","[53, 28]",PG-13,0,2025,60000000.0,4,US
tt20879602,95.0,"[181874, 17929]",en,"[1332, 10181, 13043, 14534, 159947, 221296, 230960, 237216, 281150, 293203, 319792]","[35, 10749, 18]",PG-13,0,2023,7924813.074311109,1,US
tt14351082,142.0,"[90508, 41656, 216977]",en,"[242, 2356, 9672, 207928, 211659, 236170, 252014, 264136, 273060, 305021, 325824]","[36, 18]",PG-13,0,2024,51317148.664280124,3,US
tt8110232,120.0,"[7429, 12, 129036]",en,"[586, 700, 3149, 9675, 11578, 10391, 10726, 15009, 208992, 285182]","[80, 18]",R,0,2021,59408393.829082705,9,US
tt1846589,121.0,"[333, 103331, 1020, 112334, 20011, 100033, 1632, 342, 491, 7295]",en,"[521, 10185, 166454, 217125, 222529, 365581, 372175, 372178, 372181, 372182, 372183, 372184, 372185, 372186, 372187]","[28, 12, 53]",R,0,2018,51288339.33813633,10,US
tt5668770,103.0,[1569],hi,"[13083, 15090]","[28, 80, 53]",,1,2019,3526243.8333319356,12,IN
tt4110568,170.0,"[2934, 63187, 4169, 255584, 179425, 255585, 255586, 240728, 3653]",hi,"[2799, 10041, 10235, 11477, 10061, 14724, 15162, 154855, 187056, 208980]","[18, 10751, 10749]",PG-13,0,2015,17660227.480100118,6,IN
tt21800162,118.0,"[21246, 115535]",it,"[187056, 191731, 207883, 212643, 265582, 276014, 306600, 323253]","[18, 35, 36]",NR,1,2023,9509775.689173331,10,IT
tt1666801,101.0,"[4022, 5490, 42119]",en,"[6270, 6054, 818, 5800, 10624, 14534, 33910, 155722, 179431, 222174, 246466, 296608, 301055]","[10749, 35]",PG-13,1,2015,11547071.813911615,2,US
tt21810682,102.0,"[92346, 122908, 138743, 288, 184518, 7281]",en,"[456, 212, 818, 4565, 3528, 10349, 215061, 268809, 281358, 314730, 359337]","[18, 9648, 53]",R,0,2023,10566417.432414811,12,GB
tt3715320,95.0,"[12966, 1824]",en,"[3616, 5713]","[18, 35]",R,0,2015,14943269.40623856,7,US
tt34886821,132.0,"[128344, 207505, 74562, 228664]",it,"[233517, 236427]",[18],R,0,2025,24500000.0,12,IT
tt20221436,132.0,"[729, 7981, 83, 11779, 237344, 139680, 171148, 209127, 1926, 200642, 80698, 11924, 79192]",fr,"[818, 4344, 10909, 18026, 167352, 178895, 189140, 206928, 217064, 290527, 312500, 325761, 325765, 325773, 325807]","[18, 53]",R,0,2024,26684917.305425663,8,FR
tt2328900,124.0,"[10146, 10163, 123420, 214539]",en,"[818, 388, 4438, 4833, 5565, 7153, 7537, 11412, 163070, 164829, 187056, 208244, 220649, 251983, 325767]","[18, 36]",R,0,2018,32055212.086335205,12,US
tt2974918,92.0,"[22213, 711, 508, 10930, 5219]",en,"[11477, 10986, 11546, 179430, 179431, 209220]","[10751, 35, 10402, 12, 16]",PG,1,2015,122263113.32377003,12,US
tt2404425,109.0,"[8088, 288]",en,"[2652, 9672, 14893, 159534]",[18],PG-13,1,2015,14943269.40623856,3,GB
tt23849204,147.0,"[3781, 86347]",hi,[325775],[18],,1,2023,2535940.183779555,8,IN
tt27403986,114.0,"[174, 171, 225128]",en,"[10639, 198423, 207240, 212737, 214780, 314730, 323809, 325767, 325768, 325806]","[18, 53]",PG-13,0,2024,30790289.198568072,10,US
tt4726636,122.0,"[32545, 789, 94, 5609, 46, 587]",fr,"[966, 4834, 156091, 309974, 320420]",[35],,0,2016,10872319.74825846,5,FR
tt5254610,104.0,"[36109, 82456, 76991, 290, 114874, 122034]",en,"[2020, 13015, 176809, 220815, 234655, 325765, 325814, 325820, 325853, 325856]","[28, 53, 12, 18]",R,0,2018,25644169.669068165,9,US
tt3760922,94.0,"[33, 12026, 7429, 4171, 181992]",en,"[2587, 1200, 8011, 9663, 13027, 214827, 221152]","[35, 10749]",PG-13,1,2016,24146598.206511438,3,US
tt7721946,145.0,"[12154, 60536]",hi,[],"[35, 18, 10749]",,0,2019,22668710.357133873,10,IN
tt2888046,105.0,"[72821, 6950, 72822, 74194, 170775, 39985]",cn,"[779, 780, 3149, 5565, 12354, 33402, 208611, 294348]","[28, 18, 36]",PG-13,1,2015,48905245.329508014,12,CN
tt1800302,120.0,"[2877, 22146, 17866, 6320]",en,"[1321, 4373, 5636, 6015, 9672, 8577, 7348, 10594, 10787, 288816, 321464, 325811]","[12, 18, 53]",R,0,2016,26829553.562790487,2,US
tt1594972,90.0,"[1632, 67327, 72280, 72281, 181992, 89486, 105992]",en,"[242, 6678, 8721, 10159, 157701, 162327, 250364, 288649, 325821]","[12, 16, 35, 10751]",PG,0,2016,9390343.74697667,1,US
tt2358925,91.0,"[10104, 1423, 508, 264]",en,"[220, 1898, 2598, 10332, 15111, 170749, 179173, 179431, 188659, 194228, 194780, 208571, 286227, 297828, 327908, 331613]",[35],R,0,2015,47546766.29257724,3,US
tt5726086,103.0,"[11341, 3172, 33]",en,"[2849, 6152, 2723, 3358, 9663, 10114, 9675, 13153, 15001, 208611, 223914, 241161, 256183, 314730, 315058]","[27, 53]",PG-13,1,2018,12822084.834534083,1,US
tt15325794,107.0,"[155758, 154063, 151785]",en,"[9743, 15354, 18034, 33787, 197623, 209439, 234505, 235677, 237197, 251667, 295959, 309479, 314730, 316832, 321464, 325801, 336497]","[53, 28]",PG-13,1,2022,3300746.8644670458,8,US
tt2938956,96.0,"[6896, 356, 55244, 104, 11620, 22123, 5076, 1145, 78298]",en,"[396, 9663, 9813, 161184, 191845, 325775, 325791]","[28, 53, 80]",PG-13,1,2015,33961975.92326946,9,US
tt7634968,117.0,"[114117, 96540, 49968]",en,"[1475, 3458, 6281, 14742, 33476, 33479, 156330, 169055, 174038, 176752, 186847, 221326, 230701, 240303, 295959, 305093, 318249, 325596]","[35, 10749]",R,1,2019,25187455.952370968,2,US
tt3605418,99.0,"[55497, 12372, 22146, 83744, 63369, 138201, 18142, 6626]",en,"[596, 1326, 4426, 5320, 635, 1664, 2217, 2301, 3182, 13006, 14893, 14903, 34094, 155262, 156688, 207767, 219833]","[27, 53, 80]",R,0,2015,13584790.369307783,6,US
tt6823148,131.0,"[8997, 24845, 7981, 83, 591, 78298]",fr,"[236, 818, 745, 131, 9672, 11038, 9833, 13006, 34124, 158718, 165470, 188959, 195222, 207941, 211542, 212887, 272066, 292634, 293649]","[36, 18, 10749]",NR,0,2021,28931887.79476328,7,FR
tt8564902,108.0,[107196],en,"[6078, 1956, 2831, 179585, 209409, 250916]","[99, 36]",PG-13,0,2018,7693250.900720449,8,US
tt11252440,95.0,"[130106, 25884, 146149]",en,"[1299, 10532, 9951, 179431]","[878, 35, 27]",R,0,2020,2114441.1335446304,9,CA
tt2458948,155.0,[4145],ja,"[1576, 4565, 4458, 3307, 10046, 10891, 14643, 210024, 212737, 220760, 226774, 239797, 243436, 269769, 305168, 325778, 336874]","[16, 28, 878, 18]",NR,1,2021,35288585.934475124,3,JP
tt29268110,127.0,"[4, 12292, 231315]",en,"[2231, 894, 242, 246, 236, 6029, 3030, 10685, 4048, 1442, 1419, 3741, 6262, 9712, 3298, 4280, 10292, 6844, 5836, 6782, 9663, 11494, 9856, 10229, 9826, 10541, 11612, 13073, 13092, 14767, 14964, 15001, 15156, 33347, 33720, 33922, 155023, 155294, 156075, 157344, 158591, 159315, 160960, 162511, 168939, 183738, 185974, 186416, 187294, 190869, 191815, 193293, 196078, 208009, 210458, 215059, 222314, 224248, 224391, 232669, 233130, 235173, 235901, 240511, 247192, 249081, 250368, 251961, 253857, 255064, 256183, 260426, 277050, 280075, 282997, 283085, 284439, 286239, 291865, 294595, 295907, 301004, 301542, 306194, 312784, 313704, 315058, 317492, 319865, 320709, 322776, 329574, 334753, 341427, 350134, 351911, 359856, 361070]","[27, 10402, 9648, 53]",R,1,2024,28737603.251996867,10,US
tt5664636,90.0,"[5, 333, 30246, 105645, 2251]",en,"[818, 3335, 9663, 15101, 41405, 183427, 187670]","[35, 14, 27, 10751]",PG,1,2018,44877296.92086929,10,US
tt7527682,88.0,"[26995, 129195, 216083]",en,"[4428, 367929]","[12, 27, 53]",R,0,2024,1539514.4599284036,2,GB
tt4504044,92.0,"[19367, 12142, 267168]",en,"[904, 6152, 3335, 5484, 9672, 9866, 10714, 13005, 13063, 14648, 156824, 189748, 239182, 252296, 252297]","[27, 53]",R,1,2019,7556236.785711291,2,US
tt7439064,125.0,"[93035, 114278, 61460]",en,"[181242, 215160, 229900]","[28, 36, 18]",,0,2019,3652181.1130937906,10,US
tt5816682,111.0,"[10163, 288, 10338, 88236, 10146, 2807]",en,"[818, 5565, 9672, 207928, 220649]","[18, 36]",PG-13,1,2017,28896593.92708091,9,US
tt7618184,140.0,"[104923, 108388]",hi,"[157912, 160916, 187204]",[18],,0,2018,3489563.72513902,8,IN
tt6472976,116.0,"[84409, 5490]",en,"[3691, 6564, 11612, 12392, 13072, 160767, 165086, 184783, 188993, 296608, 311315, 319319]","[10749, 18]",PG-13,1,2019,8815609.58332984,3,US
tt1596363,130.0,"[4, 508, 81]",en,"[818, 974, 4373, 5636, 5565, 9672, 6118, 11321, 12995, 18040, 165193, 179867, 188072, 294348]","[35, 18]",R,1,2015,38037413.03406179,12,US
tt20215234,120.0,"[7493, 112783, 9350]",en,"[716, 717, 11001, 15134, 157008, 161207, 204357, 212737, 236152, 269808, 293649, 298530, 315053, 320107, 321464, 325784]","[18, 53]",PG,1,2024,20526859.465712048,10,US
tt3544112,106.0,"[1785, 85510, 68417, 229710, 24277, 1898, 207442]",en,"[6054, 212, 380, 4729, 5699, 10266, 10873, 12990, 14985, 15160, 18035, 18068, 190830, 208289, 254167, 276775, 325762, 325765]","[10749, 18, 10402, 35]",PG-13,1,2016,5365910.712558097,3,IE
tt5082014,130.0,"[70186, 96698]",ml,"[6022, 5451, 9673, 10626, 155750, 206836, 224818, 224819, 224820]","[18, 10749]",,1,2015,2581110.1701684785,12,IN
tt3508840,105.0,"[5686, 25345, 85049]",zh,"[779, 782, 5511, 184656, 228988, 251618]","[18, 28]",NR,0,2015,20377185.553961672,8,TW
tt13652286,102.0,"[214985, 156843, 254886, 255114, 88606]",en,"[3713, 3070, 10123, 10085, 10950, 15011, 161267, 241624, 346084, 369793, 371688, 372085, 372086, 372087, 373843]","[28, 35, 53]",R,0,2025,40000000.0,4,US
tt3469244,136.0,"[2320, 60536]",hi,"[5265, 9748, 13015, 13065]","[53, 28]",,0,2015,11682919.717604693,8,IN
tt2510894,89.0,"[5, 2251, 2531]",en,"[612, 616, 4062, 2343, 272, 1576, 6038, 2904, 4555, 5891, 11155, 12377, 14633, 160130, 224472, 261274]","[16, 35, 10751, 14]",PG,1,2015,108678322.95446226,9,US
tt20315818,101.0,"[185041, 144610]",en,"[1646, 7312, 15025, 184439]","[35, 18]",R,0,2024,5131714.866428012,5,US
tt6155172,135.0,"[6735, 112612]",es,"[1547, 1228, 6071, 10235, 12999, 13097, 185018, 206713, 215138]",[18],R,0,2018,19233127.251801122,11,US
tt5220122,97.0,"[5, 2251, 2531]",en,"[1299, 3133, 6876, 9840, 11095, 14714, 261274]","[16, 35, 10751, 14]",PG,1,2018,102576678.67627266,6,US
tt6495770,85.0,"[4, 975]",en,"[155582, 179430, 179431, 330867]","[35, 18]",R,0,2018,24361961.185614757,6,US
tt1810683,106.0,"[90508, 7075]",en,"[1956, 10706]","[35, 18, 10752]",PG-13,0,2015,27169580.738615565,4,US
tt13622970,100.0,"[6125, 158526]",en,"[658, 270, 3289, 4344, 9663, 10683, 157155, 179431, 180803, 236465, 325824, 347753]","[12, 16, 35, 10751, 14]",PG,1,2024,153951445.99284035,11,US
tt5657846,100.0,"[19177, 4740, 4]",en,"[65, 9663, 207317, 240119, 325765, 325782, 363810, 363811]",[35],PG-13,1,2017,90630226.40766285,11,US
tt2016303,110.0,"[71488, 1020]",en,"[1936, 10410, 212801]","[28, 53]",R,0,2023,25253737.6634714,12,US
tt4158096,91.0,"[16853, 20277, 6705]",en,"[1589, 1680, 1228, 10726, 10950, 157892, 256330, 316832, 325765]","[28, 80, 9648]",R,0,2017,9194370.79498029,3,GB
tt1723808,141.0,"[143537, 6626, 3235]",en,"[840, 6078, 2803, 5565, 9672, 6342, 6165, 8646, 162262, 164246, 192772, 207883, 208611, 208992, 209792, 215664, 225219, 228176, 253695, 260872, 262235, 269808, 293649, 294348, 301096, 311315, 324429, 325761, 325762, 325769, 325770, 325774, 325775, 325781, 325782, 325784, 325785, 325786, 325806, 325807, 325811, 325833, 325840, 325849]","[36, 18]",PG-13,0,2024,25658574.332140062,8,US
tt7798646,106.0,"[33, 49968, 214539]",en,"[242, 736, 1003, 3134, 3344, 10163, 157213, 157303, 173989, 187056, 248870]","[18, 10749]",PG-13,0,2020,19900622.43336123,2,US
tt1312221,149.0,"[101082, 10678, 279898]",en,"[1299, 818, 6152, 3394, 3262, 10125, 10122, 15032, 240119, 240237, 258464, 325811, 373948, 373949, 373950, 373951]","[18, 14, 27]",R,0,2025,120000000.0,10,US
tt2515034,115.0,"[694, 1885, 11068, 20664, 35559, 58772, 58774, 104, 356]",en,"[782, 2708, 5331, 3070, 6710, 9748]","[28, 18, 80]",R,0,2015,54339161.47723113,2,US
tt3767372,123.0,"[19144, 49607, 53252, 1569]",hi,[259376],"[35, 18]",,1,2015,7471634.70311928,5,IN
tt5748448,107.0,"[99321, 80292, 103331, 5357, 145546]",en,"[6149, 2708, 10950, 15321, 156257, 166491]","[53, 80, 28]",R,0,2021,51685302.631301954,9,US
tt4411584,107.0,"[100460, 73666, 911, 135943, 99962, 135953, 135954]",en,"[818, 9673]","[18, 10749]",PG,0,2020,26119566.943786614,4,US
tt5886440,110.0,"[120257, 212454, 21632, 33, 1632, 2674]",es,"[966, 380, 295, 9897, 8303, 9856, 9826, 41329, 155619, 200557, 208992, 210434, 236343, 245957, 314730, 321464, 325801, 325818, 325825, 325854]","[53, 27, 9648]",R,0,2017,10507852.337120332,10,ES
tt8663516,90.0,"[87671, 13240, 53152, 85465, 267168]",en,"[520, 310, 9707, 9714, 10603, 12339, 161184, 215790, 340171]","[27, 878]",R,1,2019,12593727.976185484,6,US
tt1302006,209.0,"[11391, 23243, 8880]",en,"[520, 276, 818, 2708, 1543, 904, 3149, 1228, 1857, 3230, 4995, 10235, 9826, 10291, 10391, 11001, 18021, 155538, 157171, 164186, 164400, 208611, 208992, 211706, 231921, 236369, 239797, 240303]","[80, 18, 36]",R,0,2019,200240274.8213492,11,US
tt1667354,169.0,"[73634, 487, 117033, 87346, 79194, 24023, 138283, 138284]",cs,"[516, 818, 1327, 3205, 2444, 1739, 1956, 5815, 11534, 9905, 12639, 14690, 21747, 189422, 191003, 192772, 207883, 221172, 234125, 281177, 285398]","[10752, 18, 53]",,0,2019,9823107.821424678,9,CZ
tt2424988,128.0,"[6808, 95250]",hi,[],"[18, 28]",,1,2015,14943269.40623856,5,IN
tt2979920,149.0,"[12154, 7435]",hi,"[1416, 3149, 2792, 10291, 207268]","[80, 53]",,0,2015,24452622.664754007,5,IN
tt2392830,125.0,"[265784, 53243, 78299, 43274, 31279, 11199, 111878, 24012]",en,"[1700, 5933, 5565, 158086, 207928, 320156, 323809]",[18],,0,2016,10917398.76415466,10,GB
tt10738536,112.0,"[57752, 2902, 591, 11773, 792, 11797, 24430, 95061]",fr,"[1946, 10637, 18293, 217930]","[36, 35, 18]",,0,2021,5940839.382908271,9,FR
tt1649418,122.0,"[106544, 105052]",en,"[591, 818, 2708, 1930, 33705, 176802, 181644, 212801]","[28, 53]",PG-13,0,2022,220049790.96446973,7,US
tt4651520,100.0,"[47729, 3393, 90185, 91921]",en,"[1326, 567, 2784, 6440, 14768, 15160, 18035, 193674]",[35],R,1,2016,26829553.562790487,7,US
tt4353996,133.0,"[16076, 2801, 8288, 5111, 38072, 73539]",no,"[2227, 4833, 5403, 9905, 13084, 33640, 158547, 191003, 192687, 293351, 374294, 374295, 374296, 374297, 374298, 374299, 374300]","[10752, 28, 18]",,0,2016,10061082.586046433,9,NO
tt5814534,102.0,"[7076, 9383, 11749, 25]",en,"[1436, 470, 3289, 33705, 156151, 179430, 206958, 233636, 238329]","[16, 28, 12, 35, 10751]",PG,0,2019,125937279.76185484,12,US
tt6087226,111.0,"[29924, 76049, 54307, 87064, 131715, 3419]",ru,"[732, 2301, 34079, 207819, 238719, 334506]","[878, 12, 28]",,1,2020,2798525.029691423,1,RU
tt4062536,95.0,"[1976, 49389]",en,"[376, 11105, 10685, 627, 2671, 2801, 3544, 10292, 4470, 1897, 9665, 9740, 10349, 9826, 10481, 10877, 11700, 12341, 12404, 14639, 14707, 14964, 15155, 173919, 180179, 204236, 207915, 212424, 212430, 217994, 226931, 246238, 255299, 273015]","[27, 80, 53]",R,0,2016,6707388.390697622,4,US
tt6494418,104.0,"[11517, 51844, 7193, 1632]",en,"[156091, 174638, 248442, 248443, 325828]","[80, 10749, 53]",R,0,2018,2564416.9669068162,7,US
tt18925334,103.0,"[41077, 126587]",en,"[4932, 445, 1346, 718, 1556, 3184, 3875, 9675, 9826, 10714, 12339, 13092, 13112, 14690, 14794, 18070, 33928, 41329, 161849, 164246, 178848, 188973, 210184, 240315, 242214, 259376, 266244, 306600, 324713, 325806, 325853, 325854, 325856]",[27],R,1,2022,1100248.9548223487,9,US
tt2822672,90.0,"[89486, 2787, 89487, 89489, 491, 3393, 81620]",en,"[2487, 578, 953, 4048, 5331, 11477, 15162, 234884]","[16, 12, 35, 10751, 10402]",PG,0,2016,80488660.68837146,7,US
tt2935510,123.0,"[490, 73492, 81, 30666, 30148, 22213, 19671, 25, 508]",en,"[305, 839, 697, 14626, 157265, 162429, 190742, 195788, 240119, 244256, 257878, 260089]","[878, 18]",PG-13,0,2019,110195119.791623,9,US
tt4481414,101.0,"[89578, 7493, 8569]",en,"[977, 6009, 3192, 5561, 10508, 10873, 168547, 178364, 222517, 228924, 234931]","[18, 35]",PG-13,1,2017,9194370.79498029,4,US
tt7832124,136.0,[94806],tr,[],"[18, 10402]",,1,2018,5641717.327194996,10,TR
tt14205554,95.0,[2251],en,"[848, 1797, 6152, 4344, 5248, 11322, 15001, 34042, 161153, 171176, 179431, 186425, 186799, 194869, 220266, 225273, 247799, 248927, 261681, 272877, 278823, 299325, 299714, 312500, 329554, 330491]","[14, 10402, 35, 16]",PG,0,2025,100000000.0,6,US
tt3614530,118.0,"[3172, 105898, 105899]",en,"[6054, 1308, 10201, 10229, 10232, 13014, 18001, 179431, 241738, 269769]","[18, 10402]",PG,0,2015,6792395.184653891,10,US
tt11365186,134.0,"[54927, 79287, 157314, 225226, 33]",en,"[2337, 516, 387, 570, 818, 6157, 582, 699, 1411, 4542, 5097, 11363, 13078, 15060, 15302, 33841, 34042, 41380, 157213, 160589, 161166, 164663, 170450, 185201, 185361, 186756, 207928, 208370, 213040, 215165, 225582, 227092, 232090, 232715, 253695, 264551, 273060, 281237, 281523, 282071, 301541, 307969, 308216, 309029, 309974, 325769, 325783, 325784, 325786, 325800, 346130, 350556, 353992]","[10749, 18, 37]",PG-13,0,2022,33007468.64467046,1,US
tt26936666,163.0,[35124],ta,[227712],"[28, 80, 18]",,0,2024,36435175.55163889,10,IN
tt2398149,132.0,"[355, 9, 591, 83, 114788, 155990, 22997]",fr,"[818, 5265, 11109, 470, 9672, 11038, 10144, 188775, 207928, 229407, 255562]","[36, 18, 53]",,0,2019,31862131.779749278,9,FR
tt8366590,143.0,"[60536, 12154]",hi,"[380, 13116]","[28, 12, 53]",,0,2020,9891169.054386469,3,IN
tt12889404,123.0,"[21, 10163, 13240, 53152]",en,"[90, 128, 4326, 4344, 9714, 207941]","[18, 10749]",PG-13,0,2021,23763357.531633083,12,US
tt1469304,116.0,"[90835, 4, 34081, 62029, 73669, 82819, 2364]",en,"[2231, 658, 966, 7558, 160961, 185434, 193551]","[35, 28, 80]",R,1,2017,90630226.40766285,5,US
tt1951266,137.0,"[1632, 5420, 264]",en,"[2660, 818, 2020, 4565, 157376, 246466]","[28, 12, 878]",PG-13,1,2015,217356645.90892452,11,US
tt4258292,168.0,[42694],ta,"[6149, 9748]","[53, 28]",,0,2015,10731984.391753148,1,IN
tt7458762,115.0,"[7981, 120768, 34780, 12391]",fr,"[3312, 226740, 226742, 227612, 229407]","[53, 28, 12]",PG-13,0,2019,28209950.666655485,2,FR
tt3369806,111.0,"[83397, 5219, 21, 174]",en,"[10084, 3541, 9672, 10085, 15162, 172291, 208152]","[12, 18, 10751]",PG,0,2015,27169580.738615565,6,US
tt6643972,96.0,"[103942, 116429, 116430, 108353, 232746, 232747]",en,"[779, 2708, 1721, 10291, 12427, 167475, 188955, 215493, 222529, 320594, 372044, 372434, 372965, 372966, 372967, 372968]","[53, 28]",R,1,2019,12593727.976185484,3,US
tt3612126,94.0,"[768, 17393, 11341, 3287]",en,"[233, 3358, 9714, 9872, 10541, 155546, 161184, 192044, 199524, 252104, 256183, 325777, 325787, 325825]","[27, 9648]",R,1,2019,12593727.976185484,12,US
tt1571234,128.0,"[1938, 105645, 33, 11, 2531]",en,"[818, 4565, 4458, 9748, 10689, 10028, 235495, 246466]","[12, 878]",PG-13,0,2018,128220848.34534082,11,US
tt1841642,83.0,"[4564, 7405, 7424, 7437]",en,"[703, 5340, 6152, 3358, 9712, 9844, 8685, 10114, 10414, 15001, 156091, 163186, 177648, 256183]","[53, 27]",R,0,2015,4075437.1107923347,2,US
tt3480822,134.0,[420],en,"[782, 1701, 470, 3278, 9717, 12367, 18117, 160137, 179430, 180547, 187056]","[28, 12, 878]",PG-13,0,2021,237633575.31633082,7,US
tt6805938,86.0,"[5056, 25954, 50079, 73882, 81385, 189755]",en,"[131, 1262, 2873, 9826, 15000, 18029, 159212, 168110, 197623, 250206, 288632]","[53, 12]",R,0,2022,2750622.3870558715,2,US
tt26658104,104.0,"[3172, 172892, 1632]",en,"[5921, 10041, 7942, 68646, 158162, 183427, 223914, 240764, 256183, 265586, 338361]","[27, 9648]",PG-13,1,2024,10263429.732856024,3,US
tt5278832,92.0,"[6480, 36414, 2466]",pl,"[5938, 4344, 187056, 208289, 212914, 241738]","[27, 10402, 10749, 14, 53, 18]",,0,2015,1766022.7480100116,12,PL
tt1987680,126.0,[1423],en,"[9672, 9714, 14514, 155209, 158993, 165583, 180787, 196682, 223004, 233432, 244644, 245776, 304995]","[35, 18]",PG-13,1,2019,47226479.91069557,1,US
tt10773090,169.0,"[69124, 45597]",te,"[10084, 6092, 417, 13014, 41282, 205734]",[28],,1,2020,13681677.922935843,1,IN
tt1365519,119.0,"[10038, 3281, 21, 174]",en,"[2041, 6956, 9714, 11322, 41185, 41645, 41663, 156091, 161184, 204150, 211636, 240303]","[28, 12, 14]",PG-13,1,2018,120527597.44462037,3,US
tt29344903,109.0,"[21979, 51112, 162093, 171066, 8288, 218924, 2801]",no,"[8201, 179411, 214664, 265586, 281237, 283085, 295907, 315058, 323091, 325776, 325813, 325816]","[27, 35, 18]",NR,0,2025,4250000.0,3,NO
tt5649144,111.0,"[88152, 17731, 76901]",en,"[1196, 6054, 970, 1803, 6139, 2669, 11494, 10683, 13088, 14768, 170154, 179385, 207597, 208349, 210597, 226344, 236472, 238737, 240315, 241896, 272917, 309029]",[18],R,1,2017,2626963.084280083,10,US
tt9214772,121.0,"[3528, 13240, 88934, 219288, 53152, 100183, 239194]",en,"[796, 417, 154954, 252204, 265690, 302132, 322882, 373140, 373141, 373142, 373143, 373144, 373145, 373146, 373147]","[28, 53]",R,1,2024,10263429.732856024,4,US
tt7468056,121.0,"[96989, 84678]",ko,"[6149, 703, 10726, 244406, 252104, 272050, 290327]","[28, 80, 53]",,1,2017,7749541.098626245,10,KR
tt30840798,101.0,"[23449, 9350, 264]",en,"[745, 5265, 10123, 6163, 2456, 7350, 11736, 177755, 179383, 180807, 191600, 211431, 227499, 249530, 259657, 295027, 295746, 296558, 310396, 321130, 325767, 362102, 372051, 373703]","[35, 12, 80]",PG-13,0,2025,30000000.0,5,US
tt20215968,115.0,"[37361, 175171, 11510, 110799, 88582, 133093, 33603]",en,"[2708, 1284, 1992, 2411, 9799, 18118, 155457, 163589, 167428, 239275, 262495, 286753]","[35, 10749, 80]",R,0,2024,9031818.1649133,5,US
tt32178949,167.0,"[217364, 228176, 94]",fr,"[796, 1157, 6148, 934, 6078, 2340, 185318, 205734, 240315, 241738]","[18, 53, 80]",PG-13,0,2024,3079028.919856807,9,FR
tt5013056,106.0,"[174, 9996, 98660]",en,"[6092, 966, 254, 5300, 323, 11109, 1956, 2227, 3203, 4100, 11107, 1295, 9672, 9335, 10349, 12995, 13065, 15060, 33652, 162365, 197413, 207883, 261264, 314730, 321464, 323809, 325775, 325786, 325817, 370792, 370793]","[10752, 28, 18]",PG-13,1,2017,197022231.3210062,7,US
tt2057392,102.0,"[60262, 69850]",en,"[11930, 13015, 179431, 185454, 212912, 226645]","[18, 53, 10752]",R,0,2015,17660227.480100118,9,GB
tt7738450,92.0,"[46453, 113623]",en,"[3739, 5905, 14809, 15090, 203322, 240303, 268132, 281237]","[35, 18]",NR,0,2018,256441.69669068165,9,US
tt7713068,109.0,"[174, 128064, 82968, 101831, 103462]",en,"[6149, 3430, 3713, 6259, 9715, 2334, 10123, 5606, 9717, 11687, 10085, 7002, 11578, 10291, 10950, 11322, 13014, 15009, 15090, 15167, 15285, 18514, 33421, 155546, 187056, 188955, 193551, 229266, 251513, 257681, 266013, 291153]","[28, 80]",R,1,2020,93284167.65638076,2,US
tt14088510,92.0,"[3287, 10067, 95434, 154063, 22213]",en,"[2591, 2594, 6547, 10855, 155939, 157151, 207844, 236458, 256183, 303724, 304115]",[27],PG-13,1,2024,8210743.786284819,5,US
tt4538916,111.0,"[85703, 11310, 86092, 11341, 911, 88730]",en,"[212, 588, 4948, 6071, 14720]","[35, 18, 10751, 10402, 10749]",PG-13,0,2017,9397299.7527963,12,GB
tt3300572,87.0,"[5754, 12142]",en,"[7035, 13031, 14793, 158126]","[27, 35, 878]",,0,2015,3396197.5923269456,7,US
tt2543164,116.0,"[7493, 32300, 2575]",en,"[1612, 1603, 6203, 3667, 9951, 5996, 11322, 14760, 34265, 156866, 160515, 162365, 162459, 165278, 211248, 212542, 220414, 220800, 239797, 260150, 281358, 281659, 315323, 325824]","[18, 878, 9648]",PG-13,1,2016,63049450.87255765,11,US
tt9620288,144.0,"[27497, 122771, 174, 907]",en,"[6075, 1488, 2848, 5905, 9672, 9415, 18035, 238821, 240303, 240817, 258141]","[18, 36]",PG-13,0,2021,59408393.829082705,11,US
tt7146812,102.0,"[2, 3]",en,"[603, 2343, 168468, 169075, 170362, 242689, 243959]","[12, 16, 35, 10751, 14]",PG,0,2020,248757780.41701534,2,US
tt7160070,139.0,"[7819, 103323, 3655, 36270, 86767, 119446, 88607]",ko,"[6155, 6154, 11038, 9717, 9649, 11187, 12648, 227686, 288474]","[28, 12, 18, 14, 53]",NR,1,2017,24036712.22116276,12,KR
tt8134742,115.0,"[1632, 2365, 124232, 76992]",en,"[1563, 4426, 3199, 9663, 9826, 34079, 178902, 242932]","[27, 53]",R,0,2019,3778118.3928556456,9,US
tt2436386,106.0,"[7377, 4, 746, 2481]",en,"[4379, 9673, 163053, 276164, 331297, 331298, 365784, 365923]","[878, 53]",PG-13,1,2015,16301748.443169339,1,US
tt9357050,137.0,"[33, 2527, 10338, 1778]",en,"[6270, 236, 3344, 4344, 10181, 9872, 18068, 33720, 41329, 159315, 169333, 176834, 232877, 236377, 240237, 247821, 257783, 267689, 295738, 309974, 325761, 325775, 325791, 325796, 325799, 325800, 325836, 325854]",[18],PG-13,0,2021,32674616.605995487,9,US
tt22742964,130.0,"[149484, 180273, 78521, 237582, 4713, 198295, 103332, 25345]",zh,"[1326, 6054, 6149, 1013, 703, 5340, 6440, 10291, 10175, 12648, 13063, 158718, 162846, 186782, 194451, 210662, 227975, 240119, 258533, 321634, 352269, 352270]","[35, 28, 27]",R,1,2023,1980569.2835318323,2,TW
tt4154664,123.0,[420],en,"[9715, 9717, 9951, 14909, 33637, 160137, 179430, 179431, 180547, 187056, 210608, 231277, 321464, 325832]","[28, 12, 878]",PG-13,1,2019,191424665.23801938,3,US
tt4088268,112.0,"[118, 758, 2801, 2802, 118000, 118001, 73895, 4606, 3389, 76, 105392]",da,"[818, 509, 14522, 18070, 191820, 210662, 229796, 240485, 251600, 254180]","[80, 18, 9648, 53]",NR,0,2016,6989098.703106922,3,DK
tt5027774,115.0,"[2376, 94694, 43, 6705]",en,"[1415, 796, 5900, 7464, 9826, 10163, 10809, 11734, 12425, 15208, 189931, 200918, 276605, 305726, 325854, 370793]","[80, 18]",R,1,2017,19702223.132100623,12,US
tt11703244,97.0,"[2531, 150758, 106497, 194681, 77061]",en,"[9755, 9826, 10714, 3623, 12339, 155939, 163178, 169305, 179431, 233380, 256015, 295702, 298310]","[27, 35]",R,1,2023,5283208.716207406,6,US
tt5198068,103.0,"[23948, 13351, 726, 104, 1923, 11620, 89705, 32853, 277086, 1898]",en,"[6054, 1994, 2343, 3205, 1370, 3057, 5650, 5774, 9720, 11322, 14985, 18035, 178856, 180084, 194998, 209673, 212913, 225219, 232116, 232483, 234662, 240303, 240315, 271944, 293198, 294628, 294629, 325761, 325762, 325784, 325786, 325807, 325811, 325820]","[16, 10751, 12, 14]",PG,0,2020,14925466.82502092,10,US
tt14209618,165.0,[14464],te,"[208997, 234985]","[28, 18]",NR,0,2025,47000000.0,1,IN
tt3300980,135.0,"[44997, 235]",no,"[818, 1956, 9672, 174375, 189422, 237593, 369598, 371827, 372334, 372342, 372343, 372344, 374027, 374028, 374029]","[10752, 18]",NR,0,2017,10253438.843297059,12,NO
tt5715874,121.0,"[3353, 20312, 6705, 67285, 72597, 2395, 1898]",en,"[1157, 1562, 6259, 6255, 1936, 3262, 5859, 10041, 9853, 9748, 11612, 14624, 14707, 14766, 14984, 40956, 195164]","[18, 53, 9648]",R,1,2017,3940444.6264201244,10,US
tt31176520,148.0,"[41077, 123620, 178359, 142269, 103376]",en,"[1415, 798, 1157, 1508, 1919, 10123, 4108, 8201, 9826, 10950, 34136, 168713, 263237, 309974, 325766, 325822]","[37, 35, 80]",R,0,2025,25000000.0,7,US
tt15006566,137.0,"[5125, 7543, 21736, 66899, 981]",fr,[],"[53, 18]",NR,1,2022,4290970.92380716,7,FR
tt2316548,96.0,[6626],en,"[818, 397, 17977, 206298, 246466, 281237, 293649, 304976, 309150, 324429, 325765]","[10749, 18, 35]",R,0,2023,26416043.58103703,4,US
tt4881806,128.0,"[56, 33]",en,"[1720, 3347, 11107, 9663, 11338, 10789, 12616, 163561, 179430, 224587]","[12, 878, 53]",PG-13,1,2018,217975442.1870794,6,US
tt0293429,110.0,"[76907, 8000, 12]",en,"[83, 2343, 3075, 10292, 9649, 9820, 14943, 14955, 41645, 156159, 161184, 188955]","[28, 14, 12]",R,1,2021,23763357.531633083,4,US
tt11851548,99.0,"[1786, 8147, 63576]",en,"[6259, 6625, 9675, 9826, 11062, 18409, 161814, 173298, 177201, 197430, 210544, 227855, 283846, 309974]","[27, 53]",R,0,2022,11002489.548223486,7,US
tt1985949,97.0,"[5, 18642, 91920]",en,"[2041, 4931, 3289, 5350, 9823, 41645, 158126, 179431, 199263, 209266, 267848, 277462, 278823, 305185, 322496, 364753]","[16, 12, 35, 10751]",PG,1,2016,97927870.50418527,5,US
tt21867434,120.0,"[72063, 164, 12142, 142269, 34515]",en,"[818, 1576, 1737, 3519, 8201, 5565, 9672, 6282, 6974, 15156, 157344, 164246, 196522, 198968, 205848, 210608, 213773, 214578, 229233, 251336, 259073, 280999, 294595, 301420, 303470, 315905, 316666, 319639, 347744, 350151]","[35, 18, 36]",R,0,2023,5283208.716207406,2,CA
tt1837636,128.0,"[6692, 5113, 95937, 24049, 63369]",en,"[539, 1241, 10048, 168141, 175428, 187024, 188712, 210184, 214410, 232371, 287906, 332903, 340972, 347753, 353298, 359054, 359544, 359545]","[18, 12, 36]",,0,2015,20377185.553961672,9,US
tt12037194,148.0,"[174, 28382, 216687]",en,"[3713, 4458, 4267, 9675, 10689, 15285, 15354, 18034, 168297, 189433, 194226, 220435, 240315, 265839, 310324]","[28, 878, 12]",R,0,2024,172425619.51198122,5,US
tt0451279,141.0,"[507, 9995, 128064, 174]",en,"[2041, 1701, 2660, 2504, 2386, 9715, 2383, 2036, 9717, 11322, 15060, 33637, 156525, 187056, 191731, 210184, 229266]","[28, 12, 14]",PG-13,1,2017,195708749.77886617,5,US
tt2379713,148.0,"[21, 5, 7576, 69434, 129358]",en,"[818, 470, 2908, 4289, 1201, 9663, 12391, 14555, 156095, 158431, 209789, 306278, 325763]","[28, 12, 53]",PG-13,1,2015,332827364.0480407,10,GB
tt3659388,144.0,"[28788, 22213, 25, 221347]",en,"[1612, 839, 818, 1432, 1533, 4003, 10349, 9882, 10160, 9743, 14626, 15354, 179430, 179431, 194998, 209280, 212737, 256328, 305164, 325782, 325840]","[878, 18, 12]",PG-13,1,2015,146715735.98852405,9,US
tt26903104,166.0,[68594],te,[],"[28, 53]",,0,2024,6675243.353724936,8,IN
tt2241351,98.0,"[559, 34034, 1782, 54454]",en,"[1589, 242, 1562, 5636, 18233, 18298, 18320, 156022, 165193, 167342, 167529, 170217, 177493, 187056, 196003, 203528, 214499, 239102, 275777, 297672, 314503, 327345, 336884, 336886, 336887, 336888]","[53, 18]",R,1,2016,36219897.30976716,5,US
tt1524930,99.0,"[12, 6363, 53060]",en,"[4944, 6876, 5522, 10041, 7312, 9663, 14724, 155582, 156768, 158340, 234113, 274107, 286227, 320420]","[35, 12]",R,1,2015,42112850.14485412,7,US
tt8228288,94.0,"[52270, 130875, 31123, 981]",es,"[592, 10349, 227148, 243733, 245737, 257115, 266753, 325763, 325799, 338381]","[18, 878, 53]",R,0,2019,1515321.4281425541,11,ES
tt16425284,110.0,"[86177, 155990]",it,"[818, 9672, 238000]","[35, 36, 10402]",R,0,2023,9022399.685103197,3,IT
tt9243804,130.0,"[41077, 13240, 14634, 114130, 129815]",en,"[1442, 2527, 3966, 10982, 41406, 177128, 177129, 179430, 183559, 185343, 197056, 207317, 207372, 212737, 227686, 248988, 266753, 271888, 321464, 325804]","[12, 18, 14]",R,0,2021,17822518.148724813,7,US
tt3470600,108.0,[6704],en,"[11477, 12990, 18165, 173272, 186120, 267848, 278823, 325779]","[16, 35, 10751, 10402]",PG,1,2016,100610825.86046432,11,US
tt23149780,129.0,"[23, 110799, 171148]",en,"[5625, 10349, 180523, 183896, 202371, 226406, 233820, 249590, 290395, 325761, 325762, 325769, 325771]","[53, 18]",R,0,2025,50000000.0,4,US
tt1661275,117.0,"[288, 2395, 11752, 18230, 58546, 62230, 1508, 2801, 6896]",en,"[818, 1956, 33490, 33846, 187056, 206081, 207883]","[10749, 10752, 18]",R,0,2017,15493666.712854246,2,GB
tt4701182,114.0,"[4, 57031, 6734, 435, 38831, 81620]",en,"[1576, 10542, 10891, 14544, 15285, 179431, 208289, 325762]","[28, 12, 878]",PG-13,1,2018,173098145.2662101,11,US
tt4873118,123.0,"[47729, 2900]",en,"[502, 2297, 3541, 11107, 7158, 7955, 158778, 180204, 220492, 251424]","[10752, 28, 53]",R,0,2023,58115295.87828147,4,US
tt4644382,89.0,"[59387, 59388, 153486, 167790, 110710, 60279, 249289, 249434]",zh,"[818, 188, 234890, 290656, 290659, 290660]","[14, 16, 35]",PG,1,2015,13584790.369307783,7,CN
tt2118648,97.0,"[181942, 64210, 8288, 2801, 7254]",no,"[818, 1227, 6203, 9872, 12377, 13063, 34079, 157213, 159138, 187056, 192687, 205685, 208397, 305726, 328090]","[27, 18, 9648]",,0,2024,5276454.884235614,2,NO
tt3731562,118.0,"[923, 81620]",en,"[422, 2041, 1299, 1228, 1963, 11100, 3888, 13031, 15285, 33564, 158252, 161791, 179430, 196425, 224587, 231490, 293178]","[28, 12, 14]",PG-13,1,2017,242994085.29590768,3,US
tt5092380,89.0,"[7038, 119401, 749, 134965, 356, 8350, 134966, 119402, 8018, 104, 10611, 22123, 5076, 806, 91532]",fr,"[90, 5096, 15354, 169613, 240303]","[18, 878, 53]",,0,2018,17629597.32239429,4,FR
tt26443597,108.0,"[6125, 158526]",en,"[1585, 3208, 2527, 8015, 9663, 11477, 18165, 33549, 167316, 167541, 239797, 259376, 267848, 278823, 325805, 325811]","[28, 12, 16, 35, 10751, 9648]",PG,1,2025,150000000.0,11,US
tt3110958,129.0,"[491, 7296, 72441, 1632]",en,"[378, 242, 2343, 1930, 1812, 2593, 2908, 3363, 4662, 7375, 9663, 10051, 9748, 7002, 10562, 155750, 184188, 206626, 210730, 221192, 225255, 235821, 238039, 272551, 321464, 325782]","[80, 53]",PG-13,1,2016,160977321.37674293,6,US
tt2222042,109.0,[2575],en,"[1299, 2321, 4458, 10683, 158253, 164218, 223089, 296608]","[12, 35, 14, 878]",PG-13,0,2020,37313667.0625523,10,US
tt3722614,87.0,"[7625, 13161, 75895, 6626, 84988]",en,"[409, 9826, 9895, 14909, 18034]","[878, 28]",R,0,2017,5253926.168560166,7,US
tt9063902,101.0,"[120318, 120319, 85066, 981]",es,[],"[35, 18]",NR,0,2019,1826090.5565468953,9,ES
tt2279373,92.0,"[24955, 4, 2348, 8921, 10256]",en,"[658, 270, 3289, 9663, 10159, 10244, 12988, 155030, 179430, 209220, 269769, 325765, 325832]","[12, 16, 35, 10751, 14]",PG,1,2015,100527448.73287758,1,US
tt12519030,91.0,"[48091, 19037, 2801, 122594, 187111]",fi,"[650, 10235, 10683, 41311, 155294, 271311, 283085]","[27, 14, 18]",NR,0,2022,4286569.92798787,3,FI
tt6205872,108.0,"[13240, 423, 53152, 111135]",en,"[6270, 1627, 2383, 10123, 5083, 9748, 11514, 11322, 12361, 14638, 14903, 33646, 161292, 176834, 177894, 180085, 213810, 214921, 226344, 231149, 290527, 293649, 308737]","[53, 27, 35]",,0,2018,8975459.384173857,9,US
tt7083526,116.0,"[711, 25]",en,"[732, 818, 2618, 9672, 12279, 14641, 18068, 227055, 273060, 281237, 281585, 311315]",[18],PG,1,2019,17631219.16665968,4,US
tt6302160,136.0,"[20064, 137701]",ko,"[1415, 417, 4210, 3521, 4368, 10614, 10617, 14601, 156924, 158419, 204146, 232649, 261681]","[53, 18, 28]",R,0,2016,18697710.39217202,12,KR
tt3231054,107.0,"[59827, 10156, 5, 8533]",en,"[818, 6150, 186, 3571, 3575, 3033, 3036, 6506, 9921, 11704, 11001]","[28, 12, 18, 36, 9648]",PG-13,0,2016,26829553.562790487,2,US
tt7919680,114.0,[100972],hi,[9914],"[12, 35]",,0,2018,3895489.1334561505,8,IN
tt10276482,104.0,"[3287, 3528, 84792]",en,"[242, 736, 818, 1675, 2679, 162511, 165317, 172291, 179431, 211747, 214480, 281386, 284274, 304303]","[10749, 18, 35]",PG-13,0,2023,9509775.689173331,5,US
tt21823606,90.0,"[138287, 99366, 113962, 218445, 125737]",en,"[4424, 1252, 1739, 6876, 9872, 11211, 21747, 164829, 169866, 203322, 209792, 222318, 251543, 274920, 313704, 317149, 319397, 325786, 325820]","[35, 18]",R,1,2024,3079028.919856807,11,US
tt3450958,140.0,"[25, 22213, 7076]",en,"[236, 393, 10685, 1442, 2766, 6057, 1577, 690, 2051, 4565, 2552, 2673, 4458, 2831, 2821, 2883, 4090, 9663, 11477, 9748, 10085, 10392, 10794, 13006, 14673, 14759, 14762, 18514, 34079, 34152, 162327, 163531, 177280, 188953, 188957, 189342, 191600, 192763, 217994, 233636, 238194, 240119, 243676, 246238, 253373, 256664, 258197, 273967, 275266, 276605, 280044, 285486, 301380, 316669, 325790]","[18, 878, 10752]",PG-13,1,2017,197022231.3210062,7,US
tt3387542,93.0,"[32300, 51860, 423]",en,"[1252, 6152, 5707, 11322, 12369, 204353, 223620, 241738, 275682, 288823, 329114]","[27, 53, 9648]",R,1,2016,13414776.781395243,1,US
tt15685876,144.0,"[106829, 163011]",te,[],"[28, 35]",,1,2022,5501244.774111743,12,IN
tt7048622,113.0,"[89014, 6961, 858, 11199, 26890]",fr,[],"[18, 80]",,0,2017,3940444.6264201244,9,FR
tt23572848,88.0,"[24955, 2348, 216687]",en,"[10244, 12988, 269769, 290395, 298636, 325762, 325765, 325782, 325814]","[12, 16, 35, 10751, 14]",PG,1,2025,64000000.0,12,US
tt29383191,150.0,"[16427, 105950]",ta,"[314730, 321464]","[53, 18, 28]",PG-13,0,2025,1140000.0,7,IN
tt12758486,108.0,"[127929, 3353, 22213]",en,"[5565, 5868, 9672, 8608, 160279, 185201]","[10402, 18, 36]",PG-13,0,2023,36982461.013451844,4,US
tt1493274,107.0,"[7503, 22213, 5]",en,"[242, 818, 977, 1480, 10123, 3605, 15011, 179431, 201125, 210608, 311315, 314730, 325855]","[80, 53, 35]",R,0,2025,40000000.0,8,US
tt9224104,116.0,"[56242, 174, 435, 92484, 208094, 65442]",en,"[818, 2769, 9663, 14785, 15097, 161791, 197532, 223059, 253662, 270971, 284923, 324727]","[28, 878, 27]",PG-13,1,2023,136306784.87815106,8,US
tt2309260,81.0,"[69581, 12, 3172, 4220]",en,"[6270, 2125, 6152, 10614, 10873, 12339, 33407, 163053, 221828, 256183, 315058]",[27],R,1,2015,135847.90369307782,7,US
tt2561572,100.0,"[4740, 41624]",en,"[378, 1812, 4613, 6253, 6127, 9790, 10085, 10428, 10726, 12670, 15278, 156401, 163072, 163178, 170715, 171068, 171989, 177473, 196682, 208764, 212664, 220314, 234469, 266543, 327349, 327350]",[35],R,1,2015,54339161.47723113,3,US
tt32332404,99.0,"[85465, 262307, 282775]",en,"[5320, 6152, 9720, 13006, 33494, 190816, 209568, 295907, 368734, 374037, 374038, 374039, 374040, 374041, 374042, 374043, 374044]","[27, 9648]",R,0,2025,6000000.0,11,CA
tt14824600,134.0,"[12, 2785, 169947, 194237, 11, 216687]",en,"[818, 9675, 44042, 170362, 210024, 211227, 273967, 343405]","[16, 14, 12, 28]",PG-13,0,2024,30790289.198568072,12,US
tt2387499,105.0,"[49325, 711, 22213]",en,"[470, 14632, 18127, 180523]","[28, 35]",PG-13,0,2016,53659107.125580974,10,US
tt32820897,155.0,"[5887, 2883, 2918]",ja,"[6152, 9663, 13141, 15001, 207826, 210024, 240485, 254547]","[16, 28, 14]",R,1,2025,20000000.0,7,JP
tt7026672,97.0,"[85510, 1785, 12075]",en,"[818, 4375, 229871, 246466]","[10749, 14]",PG-13,0,2018,6282821.5689217,2,US
tt2592614,107.0,"[3287, 47, 248, 342]",en,"[720, 1299, 1353, 4565, 1852, 4458, 9663, 10150, 11024, 12377, 12654, 41645, 156525]","[28, 27, 878]",R,1,2016,53659107.125580974,12,US
tt3808342,107.0,[12520],hu,"[1563, 1956, 5153, 2450, 3901, 207883, 214575]","[10752, 18, 53]",R,0,2015,1358479.0369307783,6,HU
tt5033998,118.0,"[5, 12365, 84792, 71170]",en,"[4613, 4377, 10085, 11322, 14760, 33705, 158750, 163589, 164713, 179431, 187056, 188955, 206584, 237235, 269769, 325782, 325832]","[28, 12, 35]",PG-13,0,2019,60449894.28569033,11,US
tt5969696,132.0,"[12987, 7036, 112927]",ko,"[2827, 231867, 250212, 322427]","[18, 10752]",PG-13,0,2017,27583112.38494087,7,KR
tt6802308,94.0,"[174, 171, 79, 444, 103376]",en,"[90, 818, 1517, 9672, 13008, 13015, 181129]","[18, 53]",PG-13,0,2018,38466254.503602244,2,US
tt1707380,118.0,"[18999, 2801, 9334, 21979, 45]",en,"[1329, 14540, 241737]",[18],NR,0,2015,16301748.443169339,4,DE
tt7131622,161.0,"[437, 5, 30148]",en,"[886, 3230, 6158, 9672, 6562, 10232, 12396, 12670, 12995, 15060, 15214, 33490, 158988, 163055, 163079, 164246, 179431, 185242, 194406, 208992, 221710, 227561, 293092, 309138, 325852, 355491]","[35, 18, 53]",R,1,2019,119640415.7737621,7,US
tt12915716,179.0,"[138739, 3522, 15228, 294893]",hi,"[185316, 185343, 275266]","[28, 12, 14]",NR,0,2023,66568429.82421332,6,IN
tt2361509,121.0,"[41624, 735, 174]",en,"[242, 6054, 582, 1438, 4501, 6614, 11051, 11615, 11860, 41523, 49960, 155963, 163484, 167529, 170652, 174420, 176834, 182376, 187056, 197056, 206671, 215184, 229347, 241532, 308609, 316518, 325769, 325809, 325856, 326272, 327441]",[35],PG-13,1,2015,47546766.29257724,9,US
tt18559464,89.0,"[9350, 82968]",en,"[1329, 2316, 4379, 9799, 3667, 10683, 9696, 11483, 163037, 165100, 187056, 208757, 210459, 226333, 238752, 242110, 252909, 264386, 281237, 287417, 296608, 315385, 320420, 325223, 325762]","[35, 18]",R,0,2024,3079028.919856807,9,US
tt14109724,104.0,"[1782, 2455, 10163, 33]",en,"[439, 911, 2301, 10235, 7348, 9743, 10428, 13027, 13072, 34061, 163758, 184439, 187505, 192096, 215645, 220809, 234113, 239145, 240303, 240315, 248870, 257328, 283006, 287961, 315052, 324429, 325765, 326122, 326124, 326125, 326126]","[18, 35, 10749]",PG-13,1,2022,22004979.096446972,9,US
tt2381941,105.0,"[41624, 47586, 174, 813]",en,"[3182, 3202, 4662, 9758, 9823, 9016, 10453, 210730, 276605]","[10749, 35, 80]",R,1,2015,68059799.75023198,2,US
tt4387040,130.0,"[3522, 3942, 35063, 6808, 86581, 72146]",hi,"[2227, 9672, 15087]","[18, 36, 28]",,1,2016,6036649.5516278595,1,IN
tt6772804,87.0,"[48129, 90968, 10405, 491, 36109, 103330, 3604, 290, 109906]",en,[9663],"[28, 53, 80]",R,0,2019,4533742.071426774,6,US
tt10548174,115.0,"[5, 284, 8286, 22213]",en,"[392, 4458, 3099, 5545, 9663, 10349, 12377, 50009, 163055, 186565, 223793, 312898, 325778, 325786, 325821, 338038]","[27, 53, 878]",R,1,2025,60000000.0,6,GB
tt4779682,113.0,"[56242, 48778, 435, 107790, 56241, 174]",en,"[966, 818, 2769, 14785, 15097, 41595, 161791, 223059, 248630, 253662, 324727, 325765, 325818]","[28, 878, 27]",PG-13,1,2018,192331272.51801124,8,US
tt2948372,100.0,[3],en,"[242, 1416, 4048, 977, 2796, 3017, 10508, 179430, 179431, 190287, 325782]","[16, 10751, 18, 10402, 14]",PG,0,2020,186568335.31276152,12,US
tt1226766,99.0,"[35799, 153012]",en,"[818, 17984, 155643, 158394, 248927]","[35, 18, 10751]",PG,0,2015,6792395.184653891,10,US
tt12592252,84.0,"[136721, 2481, 47729, 150758]",en,"[6898, 4458, 186523, 188973, 263237, 270114, 321464]","[878, 53]",PG-13,0,2020,3109472.255212692,12,US
tt13818368,166.0,"[147147, 6808, 15357]",hi,"[720, 3800, 2533, 14605, 158512, 158778, 160880, 162365, 202093, 215493, 224586, 234078, 234571, 250582, 272256, 322590, 325765, 330317, 330321]","[28, 18]",NR,0,2024,30861620.03521142,1,IN
tt4034228,137.0,"[29313, 50498, 50499, 72695, 109730, 6831]",en,"[3739, 1680, 5301, 1422, 1647, 1700, 4232, 6203, 10041, 9872, 11612, 15235, 34079, 155248, 155816, 157171, 159315, 163758, 223569, 223609, 325854]",[18],R,1,2016,12073299.103255719,11,US
tt9173418,86.0,"[47729, 126, 56103]",en,"[1655, 9826, 12545, 14903, 33630]","[27, 9648, 53]",PG-13,0,2020,12437889.020850768,2,US
tt3741834,118.0,"[308, 7217, 7584, 13786, 50501]",en,"[5657, 818, 2393, 2803, 5565, 9672, 14636, 156948, 158642, 194161, 232106, 311315, 325814]",[18],PG-13,1,2016,16097732.137674293,11,AU
tt7468616,88.0,"[19108, 43274]",en,"[544, 270, 630, 1422, 5420, 4078, 6511, 9330, 10349, 179578, 316832]","[53, 9648, 27]",,0,2019,6296863.988092742,2,GB
tt6000478,122.0,"[97247, 10246, 13240, 1423, 6736, 79426, 99366, 5]",en,"[11435, 4098, 9826, 10909, 12670, 33519]","[18, 80, 53]",PG-13,0,2017,28896593.92708091,11,US
tt15679400,100.0,"[12236, 7493, 152785, 33]",en,"[818, 2858, 6150, 10150, 12332, 14903, 158718, 179430, 185927, 228163, 258533, 271167, 310118, 316832, 325791]","[27, 9648, 53]",R,1,2023,21132834.864829622,2,US
tt2850386,95.0,[521],en,"[9663, 10506, 179430, 179431, 209792, 259376, 303310, 325761, 325762]","[16, 10751, 12, 14, 35]",PG,1,2020,80846278.63553,11,US
tt7967302,103.0,"[101045, 247807, 247808, 165435]",en,"[818, 977, 207928, 222185, 230097, 240119, 253695, 275041, 278700, 282071, 319319, 325814, 325824]","[12, 16, 10751, 14]",PG,1,2025,25200000.0,4,KR
tt1355644,116.0,"[5, 79, 333, 7193, 19961, 34034, 78952]",en,"[803, 1612, 1423, 1533, 1879, 6567, 8181, 5046, 9882, 14544, 156039, 170682, 180466, 191586, 200234, 208840, 233155, 327510, 327511]","[18, 10749, 878]",PG-13,1,2016,147562544.59534767,12,US
tt11304740,95.0,[6125],en,"[6054, 3289, 4252, 4896, 4344, 10159, 11322, 171854, 179430, 187056, 235308, 245776, 307254, 317481, 324145, 325824]","[16, 10751, 14, 12]",PG,0,2023,184912305.06725922,11,US
tt14549466,107.0,"[805, 806, 290, 13375, 52059, 161278, 342, 90733]",en,"[311, 703, 4565, 9826, 10583, 12375, 34152, 157959, 186804, 283085, 287884]","[878, 27, 53]",R,0,2022,29706721.780203413,5,CA
tt5606538,124.0,"[7036, 10955, 122308, 46869]",ko,"[6149, 470, 703, 167316, 179413, 267761, 290327]","[28, 18]",NR,1,2017,11190862.739033153,1,KR
tt1318517,132.0,"[104129, 7680, 18626, 3984, 8680, 243097, 243098, 11561, 981]",en,"[514, 818, 14530, 33490, 186776]","[12, 35]",NR,0,2018,24510697.36969535,5,ES
tt1034385,108.0,"[4169, 20656, 46135, 87238, 87239]",en,"[2041, 818, 2504, 4079, 8729, 13031, 168669, 226406]","[27, 14, 18]",,0,2017,12914100.610022286,10,FR
tt10413566,90.0,"[45724, 6246, 21649, 241233]",it,[],"[35, 18, 10751]",,1,2020,24875778.041701537,1,IT
tt5083738,119.0,"[22842, 3353, 71265, 6705, 43, 1898, 22213]",en,"[1025, 2011, 9823, 15199, 158718, 160279, 164829, 176857, 191599, 208570, 220649, 252161, 252162, 267882]","[36, 35, 18]",R,1,2018,19233127.251801122,11,US
tt6259380,98.0,"[126355, 36109, 126513, 12142, 82659, 806, 26742]",en,"[2149, 4565, 9715, 9714, 14522, 33637, 170212, 187019, 226645, 240237, 268132]","[878, 28, 80]",NR,0,2019,18890591.96427823,12,CA
tt10633456,115.0,[81],en,"[2355, 2803, 5521, 14765, 14988, 17947, 154846, 163070, 165402, 178654, 190491, 190902, 208289, 210434, 230285, 231519, 232556, 267422, 267659, 272877, 280028, 292026, 311315, 322248, 325805]",[18],PG-13,1,2021,2376335.7531633084,2,US
tt6990206,99.0,"[64060, 76049]",ru,"[393, 9673]","[28, 18]",,0,2017,9063022.640766285,9,RU
tt3874544,97.0,[521],en,"[1009, 3289, 10235, 8841, 11157, 174089, 179430, 236355]","[16, 35, 10751]",PG,1,2017,164185192.76750517,3,US
tt27196021,98.0,"[187968, 196153, 196154, 1898]",en,"[1415, 1157, 818, 2318, 9856, 14985, 158192, 161207, 164738, 165843, 199524, 207317, 207691, 208289, 210162, 261264, 265396, 270343, 288876, 323809, 325820]",[18],PG-13,1,2024,3079028.919856807,11,IE
tt15239678,166.0,[923],en,"[818, 1965, 4238, 11239, 13031, 13194, 18034, 40850, 158144, 161176, 178080, 180671, 194063, 199660, 232766, 282218, 286709, 288793, 325763, 325766, 325835, 370131, 370792, 370793]","[878, 12]",PG-13,1,2024,195005164.92426446,2,US
tt8114980,88.0,"[831, 147832, 74496, 151378, 111475]",en,"[3737, 3030, 9712, 3473, 6732, 9707, 12332, 15001, 155582, 215790, 241827, 340171]","[27, 53, 28]",NR,0,2021,5940839.382908271,2,US
tt30057084,114.0,"[41077, 158407, 121407]",en,"[1326, 242, 1157, 2039, 738, 1664, 3182, 6282, 11322, 148540, 167529, 174420, 187056, 187236, 190014, 194226, 197758, 204950, 207767, 212796, 230960, 267122, 280165, 282667, 301117, 307949, 345868, 370143]","[10749, 53]",R,1,2024,20526859.465712048,12,US
tt11700260,115.0,[127522],es,[],"[35, 18]",R,0,2021,4871488.293984782,9,ES
tt10399608,99.0,"[10031, 5381, 156831]",es,"[514, 1930, 5331, 2299, 6733, 9826, 13006, 13088, 191655, 204959, 209568, 249704, 267422, 268132, 324429]","[18, 27]",NR,0,2022,2640597.491573637,10,ES
tt0837563,100.0,"[435, 4, 6302]",en,"[1157, 548, 818, 977, 9714, 10614, 9927, 12377, 157488, 173099, 183896, 208152, 240303, 253807]",[27],R,1,2019,26446828.749989517,4,US
tt4954522,99.0,"[856, 6961, 24430, 49473, 792, 75891, 11797, 179299]",fr,"[4459, 8271, 10079, 13160, 14895, 158718, 178444, 187056, 196944, 241738, 278235, 283085, 293649]","[27, 18]",R,0,2017,4597185.397490145,3,FR
tt17663992,122.0,"[126588, 130448, 143790, 4]",en,"[2546, 242, 2754, 3335, 3616, 10123, 3864, 9663, 11208, 9748, 9780, 9826, 11479, 10714, 11734, 12339, 12570, 14688, 14707, 17987, 160612, 177695, 179430, 218048, 220455, 226344, 272551, 325844]","[27, 53, 80]",R,1,2023,34869177.52696888,3,US
tt35231039,175.0,"[882, 2883, 260699, 144464, 14602, 11849]",ja,"[9823, 12090, 15060, 34221, 158718, 197915, 208992, 235894, 291153, 306984, 328635, 362797]",[18],NR,1,2025,8000000.0,6,JP
tt6521876,105.0,"[13642, 16934, 14, 76992, 35043, 74808, 186482, 286432, 103066]",en,"[5451, 12396, 54169, 167541, 179430, 179431, 324713, 325784]","[35, 28, 12]",R,0,2019,12593727.976185484,10,US
tt1981128,111.0,"[101832, 82819, 41624, 3241, 174, 14362]",en,"[2964, 310, 3823, 10150, 9826, 9882, 10410, 10617, 12332, 14527, 156039, 161289, 188351, 189411, 206959, 215299, 239993]","[28, 878, 53]",PG-13,0,2017,157617785.05680498,10,US
tt3776826,94.0,"[72063, 12142, 24195]",en,"[591, 305, 1432, 7422, 11800, 10410, 11665, 163053, 190654, 208992, 226233, 365923]","[53, 9648, 35]",R,0,2016,1676847.0976744054,9,CA
tt2140507,102.0,"[1038, 8083, 40294, 130808, 3528]",en,"[5565, 207928]","[18, 36]",PG-13,0,2018,38466254.503602244,2,US
tt18259086,110.0,"[4, 333, 77884, 113750, 10644, 168701]",en,"[305, 9663, 41645, 157701, 163129, 179430, 179431, 208927, 209220, 239797, 245358, 258197, 269710]","[28, 878, 35, 10751]",PG,1,2024,125213842.74084349,12,US
tt2582500,91.0,"[6896, 32300, 60843, 44226]",en,"[3030, 1533, 1442, 1655, 1643, 1822, 9826, 10178, 11268, 13005, 14527, 14964, 156948, 232555]","[18, 53]",PG-13,0,2016,13414776.781395243,11,US
tt13269580,88.0,"[91480, 83, 726]",fr,[],[18],,0,2022,3300746.8644670458,3,FR
tt13927994,175.0,[111627],te,"[316421, 322496, 338231]","[28, 80, 18]",,1,2023,35925819.27021036,12,IN
tt3411444,108.0,"[9383, 11749, 1302, 25]",en,"[6054, 514, 744, 1295, 11477, 9714, 14764, 15101, 156702, 303310, 325762, 325772, 325782, 325806, 325809, 325811]","[16, 10751, 12, 35]",PG,1,2017,145796451.1775446,12,US
tt3427252,98.0,"[2575, 127928]",en,"[818, 68646, 256183, 315058, 325765, 325783]",[27],PG-13,0,2023,36982461.013451844,5,US
tt6443346,125.0,"[12, 34081, 128064, 73669, 174]",en,"[952, 9715, 2095, 9717, 15001, 155030, 179431, 229266, 316241]","[28, 12, 878]",PG-13,0,2022,220049790.96446973,10,US
tt20316748,126.0,"[62894, 69437, 5686, 214726, 197030, 5552, 131587]",cn,"[779, 780, 9717, 309974, 323477, 357278]","[28, 80, 53]",,0,2024,39411570.174167134,5,CN
tt31064841,93.0,"[123495, 58637, 72779, 116054, 299443]",en,"[4344, 5565, 10683, 209220, 210090, 221561, 246377, 296071, 322980, 335172]","[16, 10402, 99]",PG,0,2024,16421487.572569638,10,US
tt5592248,93.0,[70],en,"[818, 9714, 11518, 15060, 160201, 160977, 179585, 187056, 192955, 207928, 254641]",[18],R,1,2017,13791556.192470435,6,US
tt3882082,97.0,"[126, 829, 47729]",en,"[2546, 236, 657, 392, 697, 1879, 1655, 2341, 9826, 12545, 33630, 158567, 171964, 176706]","[27, 9648, 53]",PG-13,1,2016,13414776.781395243,1,US
tt10457128,101.0,"[121654, 11199, 149, 83, 108769, 792]",fr,"[818, 3180, 4299, 14735, 18068, 158718, 163037, 163070, 163963, 187224, 208289, 212737, 239187, 239797, 242689, 254167, 258533, 281585, 281659, 289844, 325764, 325776, 325777, 325778, 325781, 325787, 325812, 325814, 325816, 325824]","[10749, 18]",,0,2020,8582143.42438703,7,FR
tt1477834,143.0,"[11565, 174, 128064]",en,"[1701, 3713, 2768, 9715, 6231, 9717, 9920, 14785, 179431, 207372, 229266, 236912, 317784, 325765]","[28, 12, 14]",PG-13,1,2018,205153357.35254532,12,US
tt4978420,101.0,"[1632, 14439, 123244, 158612, 181160, 147591]",en,"[9503, 41645, 167982, 221656, 303672, 307320, 311564, 372738, 372739, 372740, 372741, 372742, 372744]","[28, 878, 35]",PG-13,0,2024,118029441.92784429,8,US
tt17279496,109.0,"[284, 142269, 41077]",en,"[1589, 242, 4776, 521, 833, 393, 447, 1327, 1003, 1550, 917, 4565, 4747, 7312, 8570, 11322, 13065, 14946, 155814, 160910, 185728, 190434, 190479, 190893, 206515, 220492, 226426, 226547, 236389, 244256, 312898]","[10752, 28, 18]",R,1,2024,51317148.664280124,4,US
tt5439796,118.0,[149869],en,"[380, 5922, 7325, 10051, 14725, 161630, 191047]","[35, 80, 28, 18]",PG-13,0,2017,38090964.7220612,8,US
tt3488710,123.0,"[559, 34034, 11395]",en,"[242, 1418, 1228, 5565, 9672, 156770, 161306, 199932, 297789, 345513]","[36, 18, 12]",PG,0,2015,47546766.29257724,9,US
tt2267968,95.0,"[521, 76266, 214902, 2270]",en,"[779, 780, 478, 6211, 5331, 3289, 9663, 8531, 11477, 12554, 179430, 179431, 184656, 187056, 267848, 278823, 325809]","[16, 28, 12, 35, 10751]",PG,1,2016,194514263.33023104,1,US
tt9072352,89.0,"[89261, 106544, 71767, 11840, 7584]",en,"[2689, 5570, 5903, 9720, 9941, 10941, 155733, 156091, 164039, 207317, 218010, 240315]","[27, 9648]",R,1,2020,1529335.4706479644,7,US
tt1083452,106.0,"[5374, 73620]",en,"[240, 6075, 2070, 1262, 3476, 5565, 9672, 14905, 159558, 208289, 240461, 248128, 281585, 325762, 325832]","[35, 18, 36, 12]",PG-13,0,2016,30853986.59720906,2,US
tt13841850,100.0,"[41077, 284]",en,"[548, 6876, 9720, 9856, 14765, 15090, 161762, 172291, 208127, 283085, 285576, 285623, 299092]","[27, 53, 14]",R,0,2022,7151618.206345266,5,GB
tt5946852,162.0,[69125],te,"[2101, 33480]","[28, 18]",,1,2016,9390343.74697667,9,IN
tt4262980,120.0,"[49301, 5896]",ja,"[233, 1299, 211, 6078, 11100, 3275, 10588, 12369, 14796, 161184, 161791, 225012, 230918, 238352, 257384, 261656, 264535, 317204, 321464]","[28, 878, 27]",PG-13,1,2016,20122165.172092866,7,JP
tt5164214,110.0,"[79, 174, 1163, 104907]",en,"[242, 10051, 15285, 206915, 223173, 325783]","[80, 35, 28]",PG-13,1,2018,89754593.84173858,6,US
tt1289401,117.0,"[84042, 5, 79, 34034, 61791, 84041, 2364]",en,"[5248, 15040, 161184, 162846, 179430, 179431]","[28, 14, 35]",PG-13,0,2016,193172785.6520915,7,US
tt18072316,163.0,"[3931, 132288]",hi,[],[28],,0,2024,42182696.20203826,4,IN
tt0498381,102.0,"[4, 24902, 49325, 85425]",en,"[5340, 6152, 3298, 9663, 9955, 10541, 11322, 11616, 34079, 157530, 184352, 198776, 206440, 271672, 314730, 323809, 325776]",[27],PG-13,1,2017,32837038.553501036,2,US
tt6513656,93.0,"[90968, 3604, 1632, 491, 76991, 154033, 36109, 290, 61206, 10405]",en,"[9663, 10975, 12361, 164829, 170217, 187660, 187928, 244745, 316669]","[28, 53, 80, 9648, 878]",R,0,2018,25644169.669068165,6,US
tt6189022,121.0,"[48738, 71488, 103331, 1020]",en,"[840, 9663, 41249, 157210, 161520, 191600, 208212, 208633, 226499, 240119, 321464, 325773, 325834]","[28, 53]",R,1,2019,50374911.904741935,8,US
tt6748466,104.0,"[1533, 7981, 83]",it,"[6078, 131, 15049, 181659, 190485, 206829]",[18],,0,2018,26926378.152521573,4,IT
tt12749596,57.0,"[113434, 219559]",en,"[6898, 6104, 1533, 10114, 11615, 14742, 18046, 162810, 163053, 163186, 186523, 256183, 263237, 271531, 272745, 274650, 315058, 365784, 365923]",[27],NR,1,2020,124378.89020850767,9,GB
tt6199572,103.0,"[13240, 104213, 53152, 2253, 100640, 167333]",en,"[3149, 5565, 9672]","[80, 18]",R,0,2020,25622051.382952582,6,US
tt15140278,93.0,"[1824, 12966, 201552, 201553]",fr,"[1326, 1157, 90, 6663, 155790]",[18],PG-13,0,2023,10566417.432414811,9,FR
tt3038708,93.0,"[31279, 78095, 9282]",en,"[305, 2652, 4458, 9663, 9951, 157213, 189422, 215127, 241930]","[28, 35, 14, 878]",R,0,2019,22039023.9583246,1,FI
tt7200946,109.0,[43843],en,"[704, 10683]","[35, 10749]",R,0,2019,3526243.8333319356,2,RO
tt1713440,123.0,"[29566, 7342, 9967, 6878, 67412]",es,"[514, 417, 90, 5265, 5565, 9672, 12346, 13015, 210608]","[36, 53]",,0,2016,6707388.390697622,9,ES
tt2076298,107.0,"[4054, 154080]",cn,"[2356, 779, 780, 387, 1721, 582, 1788, 3436, 9672, 9663, 10163, 12425, 13159, 33402, 208992, 294348]","[28, 36, 18]",NR,1,2019,65487385.47616452,12,CN
tt2702724,99.0,"[33, 87017, 4740]",en,"[4021, 156121, 179431, 209788]",[35],R,1,2016,38902852.66604621,4,US
tt15838850,106.0,"[84678, 96989, 129217]",ko,"[2956, 6149, 3149, 703, 9663, 161982, 211452, 252104, 263959, 290327, 300685, 321464]","[28, 80, 53, 12]",PG,1,2022,8361892.05664985,5,KR
tt7448180,95.0,"[103755, 103833, 4322]",en,"[3088, 5572, 10391, 10857, 14941, 14964, 159607, 166631, 183435, 185434, 186251, 188955, 194402, 231149, 277274]","[28, 35]",R,0,2018,3846625.4503602246,6,US
tt9086228,87.0,"[7625, 13240, 267168]",en,"[616, 3205, 9720, 11331, 40931, 177895, 179411, 209568, 235620, 240485, 251513]","[14, 27, 9648]",PG-13,1,2020,6218944.510425384,1,US
tt1158939,100.0,"[17821, 6938, 8558, 30231, 105679, 4186, 1898, 104, 10611, 1923, 119267]",en,"[1157, 1897, 12434, 18072, 160589, 188924, 206160, 207928, 211349, 255100, 255101]",[37],R,0,2019,15112473.571422582,3,GB
tt11490170,125.0,[100143],te,"[11503, 262938]","[80, 53, 28]",PG-13,0,2020,895528.0095012552,2,IN
tt8613070,122.0,"[43649, 94, 7980]",fr,"[2041, 657, 966, 2692, 5783, 5918, 437, 2036, 9833, 15000, 15060, 33998, 41388, 158718, 160279, 187056, 208591, 211930, 211931, 214690, 237178, 247997, 254122, 254831, 264386, 287906, 293945, 298721]","[18, 10749]",R,0,2019,7228799.858330469,9,FR
tt10720352,107.0,"[8147, 100033, 169668, 2995]",en,"[9672, 196564, 209057, 323116, 326749, 340731, 361540, 371849, 373235, 373236, 373237, 373238, 373239, 373240, 373241]","[12, 18]",PG-13,0,2024,19500516.492426448,2,US
tt32321317,106.0,"[288, 7281, 3353, 239839, 279334]",en,"[818, 10123, 6951, 10180, 14769, 158713, 158718, 187236, 207515, 219421, 220199, 258533, 296871, 307886, 340719]","[10749, 18, 35]",NR,1,2025,1000000.0,11,GB
tt7270808,141.0,"[779, 74686, 112442, 155990, 11797, 24430, 274774, 851, 127298, 12352, 11924]",it,"[291, 1956, 174594, 191003, 191223, 209023, 230022, 231082]","[12, 14, 18]",,0,2021,14258014.51897985,10,IT
tt8781414,105.0,"[123556, 123558, 123553]",en,"[9678, 334, 10685, 1533, 8430, 9815, 12663, 14708, 33637, 177317, 189115, 220800, 240303, 244256, 251513, 287591, 288816, 328285]","[878, 53]",R,1,2019,2518.745595237097,9,US
tt10638522,95.0,"[32301, 7584, 2806, 61922, 5056, 25954]",en,"[236, 2754, 9712, 5248, 6782, 9872, 11322, 157213, 157791, 159315, 163053, 169075, 176834, 178444, 214418, 226344, 233130, 256183, 269726, 269775, 283085, 296608, 325700]",[27],R,1,2023,4754887.844586666,7,AU
tt4844148,98.0,"[1115, 773, 140, 793, 99675, 694, 104, 10611, 11261, 34774]",fr,"[3644, 9896, 157302, 178909, 255139, 258841]","[12, 10751, 18]",PG,1,2018,12309201.441152718,8,FR
tt1255919,90.0,"[5, 6573, 4740, 748]",en,"[212, 4388, 5732, 12612, 14964, 165334, 174539, 186685, 191509, 227602, 252596, 261209, 261416, 273392, 273879, 321911, 339710, 339711]","[35, 9648, 80]",PG-13,0,2018,53852756.305043146,12,US
tt1219827,107.0,"[93466, 4, 3407, 7294, 17449, 44311, 83645, 88981, 7, 14439]",en,"[2660, 2157, 490, 679, 4565, 5340, 9717, 11322, 12190, 12375, 13015, 34152, 190981, 203286, 232473, 234289, 245230, 298284]","[878, 18, 28]",PG-13,0,2017,144482969.63540456,3,US
tt3014284,101.0,"[2723, 77973, 829, 25120, 8089, 299443]",en,"[6270, 779, 1308, 10278, 10542, 14955, 210090, 226774, 251275, 290764]","[28, 12, 16, 35, 10751, 14]",PG,0,2017,91943707.9498029,9,US
tt4998632,136.0,"[6734, 100640, 114732, 130448, 33]",en,"[1546, 9844, 9714, 11720, 12670, 15363, 159909, 177438, 191845, 217476, 243959]","[53, 28, 80, 18]",R,0,2022,44009958.192893945,3,US
tt8623904,103.0,"[33, 61791]",en,"[212, 65, 9799, 12990, 17971, 189966, 200918, 207317, 250617, 269808, 292593, 320591, 321464, 325761, 325762, 325765, 325775, 325814, 325856]","[35, 18, 10749]",PG-13,1,2019,37781183.92855646,11,GB
tt7545524,103.0,"[22146, 5420, 104363, 24049, 8533, 911, 1632]",en,"[2231, 1415, 1803, 6050, 10649, 14765, 155294, 162139, 162706, 178229, 192555, 200682, 208316, 209943, 212795, 234956, 240237, 243983, 260365, 312365, 315210, 325824, 326381, 337120]",[18],R,0,2018,16668710.284894306,12,US
tt3348730,92.0,"[2061, 5855, 6680]",en,"[4426, 10292, 9663, 9856, 13006, 34079, 50009, 157376, 159588, 168481, 184312, 235261, 295702]","[27, 9648]",R,1,2017,13134815.421400415,10,US
tt27543578,97.0,"[1632, 221429, 298224, 19671, 215167]",en,"[34004, 182250, 184559, 299459, 337472, 357432, 357692, 371745, 371746, 371747, 371748, 373959, 373960, 373961, 373962, 373963]","[35, 14]",R,0,2025,30000000.0,10,US
tt5474042,135.0,[3750],hi,"[818, 6075, 6496, 9673]","[10749, 18]",,0,2017,9778870.08123261,5,IN
tt28479262,107.0,"[22146, 140678, 86459]",en,"[378, 818, 3230, 9672, 12662, 155798, 256015, 281445, 281585, 284103, 301096, 325856]",[18],R,0,2024,2052685.9465712048,7,US
tt2493486,115.0,"[46441, 80834, 87208, 87211, 88607, 7036, 87210, 20473, 7819, 87212, 2520, 1632]",en,"[1797, 2280, 3098, 9725, 9748, 9812, 10466, 33401, 161257, 192913, 199518]","[28, 12]",R,0,2015,54339161.47723113,4,US
tt3228774,134.0,"[2, 3538, 2527]",en,"[1228, 2095, 3289, 4470, 7024, 15479, 242214, 245230]","[35, 80, 18]",PG-13,0,2021,237633575.31633082,5,US
tt1389072,135.0,"[2361, 2605, 4]",en,"[2964, 6104, 2726, 2587, 6380, 164290, 190531, 197056, 206938, 210434, 225219, 234224, 238667, 254167, 281585, 291153, 293649, 301096, 311315, 319319, 325775, 325778, 325795, 325810, 325812, 325824, 325842]","[18, 878, 35]",R,0,2017,89316744.86552282,12,US
tt1773753,98.0,"[106854, 5322, 1632, 207214, 23735, 76629, 207215, 207216]",en,"[3303, 15043, 211197, 232790, 243003, 243170, 309092, 367994, 372482, 372483, 372484, 373549, 373550, 373551, 373552]","[80, 27, 53]",R,0,2018,6411042.417267041,8,US
tt15342244,111.0,"[160098, 182163, 182164, 229027]",en,"[2105, 164186]","[18, 80, 9648, 53]",R,0,2023,4332231.147290073,5,US
tt4500922,143.0,"[3672, 12292, 25, 133024, 22213]",en,"[818, 1721, 2158, 4458, 2883, 6564, 10125, 11038, 9663, 10349, 9826, 12377, 13005, 14643, 14674, 14760, 15127, 18034, 18129, 18543, 40895, 180443, 186565, 204967, 213298, 246466, 344888]","[878, 28, 12, 53]",PG-13,1,2018,79496925.9741113,1,US
tt30476486,85.0,"[529, 882, 2918, 3363, 1778, 648, 3466]",ja,"[6270, 6075, 4613, 5605, 9663, 8635, 9914, 12380, 13141, 161643, 179430, 207826, 210024, 214532, 235790, 314525, 325812, 344584]","[16, 35]",PG-13,1,2024,5131714.866428012,2,JP
tt3716530,130.0,"[83, 8997, 32545, 92187, 3984]",fr,"[570, 254, 282, 6093, 10201, 13063, 17985, 18060, 157213, 172742, 180715, 184352, 207317, 208127, 233399]","[18, 53]",R,0,2016,13146481.245767338,5,FR
tt3606888,103.0,"[6938, 78727, 6901, 11341]",en,"[818, 977, 1803, 2526, 5565, 6782, 9672, 155936, 180807, 185250, 199793, 205607]","[10751, 18]",NR,0,2016,10731821.425116194,11,US
tt6751668,132.0,[4399],ko,"[10123, 10453, 11479, 11935, 12347, 12565, 14514, 18035, 198673, 215138, 237462, 261681, 283556, 290327, 293649, 352649, 366928, 370793]","[35, 53, 18]",R,1,2019,14310253.099339567,5,KR
tt1051906,124.0,"[3172, 6748, 107787]",en,"[818, 3725, 2301, 4687, 6844, 9714, 9826, 10303, 14760, 15167, 34079, 160130, 190007, 200918, 209118, 271162, 325818]","[53, 878, 27]",R,1,2020,8706522.314595537,2,US
tt4971344,122.0,"[729, 11779, 83, 591, 8111, 5545, 1926, 13184, 581, 11370, 77154, 110647, 235931]",en,"[1321, 818, 2708, 582, 3230, 4542, 1897, 162724, 207928, 232203, 243959]","[37, 18, 35]",R,0,2018,48723922.371229514,9,FR
tt6493286,129.0,"[7036, 111906]",ko,"[5246, 4108, 33640, 156887, 159289, 168483, 173644, 208289, 259773, 261681, 290327]","[18, 36, 53]",,1,2017,16166330.82065963,12,KR
tt4695012,91.0,"[41077, 26995]",en,"[657, 3030, 1541, 3762, 1849, 3255, 2340, 4458, 5774, 13073, 15162, 41410, 188973, 207419, 208304, 215015, 237632]","[18, 27, 9648]",R,1,2017,6567407.710700207,6,US
tt2402101,113.0,"[3574, 6667, 11448, 13855, 22868, 40107, 59897]",en,"[378, 380, 818, 3725, 3099, 3581, 6593, 3688, 9856, 9826, 10089, 166571, 222287]","[53, 9648, 18, 80]",R,0,2015,27169580.738615565,4,US
tt2381991,114.0,"[16314, 33, 10338]",en,"[616, 2660, 2343, 3205, 11024, 191731, 211392, 238343, 245230]","[28, 12, 18]",PG-13,0,2016,154269932.9860453,4,US
tt7518786,162.0,"[59293, 112333, 7294, 7435, 60536, 165438]",hi,"[6075, 1477, 5565, 5719, 9672, 208289]","[18, 36]",,0,2021,43709117.417794794,12,IN
tt7466442,102.0,"[127928, 30452]",en,"[2414, 11727, 179430, 269769, 300311, 300312, 325840]","[16, 35, 80, 9648]",PG-13,0,2022,41809460.28324925,5,US
tt4853102,76.0,"[2785, 429]",en,"[6259, 9715, 6513, 3473, 11323, 12565, 13006, 14624, 15108, 18712, 33637, 41410, 161919, 179431, 202371, 325777, 325822]","[16, 80, 18]",R,0,2016,4695171.873488335,7,US
tt6817944,78.0,"[5405, 11678, 20691, 25522, 94]",sv,"[10123, 9887]","[18, 14, 35]",NR,0,2019,5919052.148807178,11,SE
tt1473832,123.0,"[694, 10163]",en,"[212, 1009, 818, 128, 271, 3725, 1594, 2864, 6579, 7439, 9663, 11833, 12547, 14670, 18011, 179430, 187056, 311800, 327345]","[18, 35, 10749]",R,1,2016,46951718.73488335,9,GB
tt8649186,115.0,"[54732, 250, 121046, 121045, 121048]",pl,"[1415, 14857, 18396, 172391, 217989, 236634, 309029]",[18],,1,2019,1637184.636904113,9,PL
tt11821912,176.0,"[163427, 175613]",te,"[658, 3799, 5250, 1422, 13073, 14643, 220815, 273153, 294144, 312898, 322513]","[28, 18]",PG-13,0,2024,32600758.203443874,9,IN
tt8237172,123.0,"[78913, 46840, 103105, 112910, 183364]",id,"[9715, 9717, 243429, 243430, 257348, 257855]","[28, 12, 878]",,0,2019,2346536.4401451414,8,ID
tt16419074,111.0,"[20580, 173807, 551, 187968]",en,"[6075, 9672, 6496, 54612, 169055, 179431, 208289]","[18, 36]",R,0,2023,84531339.45931849,4,US
tt11138512,137.0,"[508, 10104, 123620, 10146]",en,"[1938, 3071, 10292, 5895, 5746, 7005, 9725, 9748, 10855, 13084, 14707, 185343, 200234, 231370, 235499, 240422, 293198, 311315, 325761, 325765, 325785, 325854]","[28, 12, 14]",R,0,2022,77017426.83756441,4,US
tt6587046,124.0,[10342],ja,"[697, 1956, 6152, 2470, 10683, 10706, 12987, 18068, 33465, 161570, 165402, 185343, 197786, 207883, 210024, 230631, 234662, 283250, 297442, 299369, 314730, 333529]","[16, 14, 18]",PG-13,1,2023,52832087.16207406,7,JP
tt14114802,105.0,"[10146, 7493, 173869, 173870]",en,"[520, 3149, 9826, 11578, 10291, 12565, 15127, 33456, 41246, 162914, 188277, 208611, 367753, 373169, 373874, 373875]","[80, 18, 53, 9648]",R,0,2022,5501244.774111743,2,US
tt5935704,163.0,"[95250, 6808]",hi,"[1157, 1523, 2011, 2387, 3541, 4892, 4344, 9840, 9812, 13084, 14643, 15060, 33974, 41011, 161257, 181242, 209365, 215160, 216932, 257111]","[18, 36, 10749]",NR,1,2018,39748462.98705565,1,IN
tt2398241,90.0,"[7311, 5, 2251, 34034, 78952]",en,[161184],"[10751, 35, 12, 16]",PG,1,2017,78808892.52840249,3,US
tt6722030,102.0,"[102809, 3287]",en,"[387, 6259, 4129, 1655, 4543, 6844, 7946, 9826, 172742, 180340, 207317, 208127, 211473]",[53],PG-13,1,2019,10074982.380948387,5,US
tt32080876,157.0,[5907],ta,"[14534, 41240, 221135]","[35, 10749, 18]",,1,2025,4273176.0,2,IN
tt20561198,127.0,"[118001, 8288, 76]",da,"[818, 9826, 10093, 12337, 13065, 13084, 160279, 182281, 183570, 185204, 185994, 192772, 200234, 202371, 202760, 232468, 282633, 311998, 312898, 325766, 325841]","[28, 18, 36]",NR,0,2023,8981454.81755259,10,DK
tt2679042,96.0,"[11746, 11747, 34396, 22213, 8569, 290, 7485]",en,"[782, 2708, 1308, 2051, 13129, 15127, 41645]","[28, 80, 53]",R,0,2015,47546766.29257724,8,US
tt10310140,100.0,"[20848, 92336, 141496, 290, 18922, 171436]",en,"[2708, 65, 1991, 10123, 34154, 177201, 207317]","[28, 14, 35]",R,0,2020,24875778.041701537,10,US
tt3361792,112.0,"[43, 22213, 7076]",en,"[2504, 3230, 5565, 9672, 10683, 171493, 185413, 197050, 206443, 210590, 221326, 234626, 236170]","[10752, 18, 10749]",PG-13,0,2019,25187455.952370968,5,US
tt15452062,126.0,"[94864, 5162, 79811, 94, 29062, 173699, 173700, 2801, 2999]",fr,[],[53],,0,2022,7753454.384633091,10,FR
tt31712434,148.0,"[60536, 59294, 103329]",hi,[],"[28, 18]",,0,2025,23500000.0,3,IN
tt4624424,87.0,"[41624, 25120, 174, 23876]",en,"[1009, 3289, 33634, 188840]","[12, 16, 35, 10751]",PG,1,2016,93903437.4697667,9,US
tt3750872,99.0,"[10039, 246999, 12075, 3130, 86902, 8087, 122801, 3555, 2801]",en,"[1326, 1157, 818, 1992, 2309, 8085, 9856, 10818, 13028, 14720, 34094, 155251, 191741, 208992, 210608, 257755, 367538]",[18],R,1,2017,9194370.79498029,8,GB
tt2119532,139.0,"[491, 8915, 10246, 455, 50481, 92455, 7437, 51860, 8186, 94431, 234199, 152, 1632]",en,"[233, 1701, 1956, 2299, 2821, 3036, 10292, 4459, 5565, 9672, 8676, 8997, 11001, 13065, 33457, 33482, 41364, 180507, 185454, 244233, 245748, 325761, 325842, 344525, 344526, 344527]","[18, 36, 10752]",R,1,2016,53659107.125580974,10,US
tt4477536,105.0,"[33, 11370, 214539]",en,"[818, 1664, 9663, 158713]","[18, 10749]",R,1,2018,70521466.58993745,1,US
tt4589218,109.0,"[3172, 211144]",en,"[4225, 1468, 1946, 4056, 10656, 41180, 41645, 177201, 179431, 181053, 185019, 207400, 215790, 240377, 240485, 256183, 265839, 325825, 325856, 340171, 352727, 361319]","[27, 53]",PG-13,1,2023,21132834.864829622,10,US
tt29606499,162.0,"[212302, 260394]",ta,[3149],"[28, 80, 18, 53]",PG-13,0,2025,6441957.0,3,IN
tt2726560,123.0,"[711, 12292, 22213]",en,"[818, 9082, 9673, 155291, 158591, 190078, 206298]","[18, 10749]",PG-13,0,2015,46188287.25564646,4,US
tt4046784,131.0,"[12292, 3672, 22213, 25]",en,"[818, 10685, 836, 4565, 2158, 4458, 4884, 10562, 12377, 14527, 14673, 18034, 41412, 162344, 188950, 188957, 204967, 219843, 246466, 344888]","[878, 28, 53, 12]",PG-13,1,2015,82867221.25277747,9,US
tt5727282,107.0,"[66903, 2999, 2801, 6181, 9111, 327]",sv,"[212, 6075, 1488, 1192, 2848, 5400, 5565, 9672, 9823, 9415, 1202, 12380, 154796, 156306, 208289, 234216]","[18, 36]",R,0,2017,9851111.566050312,9,SE
tt11930126,120.0,"[26174, 118930, 94506, 181783]",ca,"[9566, 13088, 176352, 315813, 325765]",[18],NR,0,2022,11277551.786929073,4,IT
tt8594376,130.0,"[118403, 6246, 152915, 151802]",it,[],"[53, 9648]",,0,2019,5037491.190474194,10,IT
tt5208252,122.0,"[7625, 21]",en,"[536, 3037, 2652, 1956, 5565, 9672, 10596, 161255, 190252, 217282, 244724, 273928]","[18, 36, 53]",PG-13,0,2018,30773003.602881797,8,US
tt2513074,113.0,"[30148, 28275, 2527, 77863, 559, 6705, 34034, 13480, 3045]",en,"[447, 818, 1543, 579, 4543, 2920, 13065, 15087, 33879, 239913]","[18, 10752]",R,0,2016,53659107.125580974,11,US
tt0315642,103.0,"[12865, 44164, 44163, 3781]",hi,[316],"[53, 28, 80]",PG-13,0,2016,6975683.926325527,1,IN
tt3530002,101.0,"[17393, 16615, 5]",en,"[242, 65, 1441, 3230, 7328, 14964, 160246, 186933, 207317]","[35, 12, 14]",R,0,2015,33961975.92326946,11,US
tt8185182,138.0,"[173092, 72626, 73437, 180238, 81620, 51696, 184177, 160606, 186583, 257945, 238328, 257946, 257947, 48460, 85047]",zh,"[9887, 156064, 207268, 247733]","[18, 9648]",NR,1,2018,16668710.284894306,12,CN
tt7125860,119.0,"[13184, 81, 103697]",en,"[242, 818, 1228, 9840, 9856, 10909, 189920, 199228, 239413, 244886]","[10749, 18]",R,0,2018,15386501.801440898,12,US
tt4034354,97.0,"[77939, 78874, 159009, 3916, 40797]",en,"[966, 9713, 10349, 10877, 13092, 155746, 167541, 285887]","[35, 18, 10749, 14, 12]",R,0,2016,4024433.034418573,6,US
tt1396484,135.0,"[12, 829, 2723, 87671]",en,"[1415, 818, 3358, 3199, 6733, 8303, 10683, 9856, 9826, 9903, 9927, 10873, 13031, 13073, 13088, 15127, 156091, 163764, 172784, 200234, 208289, 208349, 210162, 238842, 241827, 245450, 325818, 325821, 325822, 372030]","[27, 53, 18]",R,1,2017,45971853.97490145,9,US
tt3522806,98.0,"[342, 80114, 1020, 491, 263345, 8880]",en,"[782, 9663, 9826, 10260, 15127, 168277]","[28, 80, 53, 12]",R,1,2016,53659107.125580974,8,US
tt0491203,105.0,"[308, 9015, 4, 2054]",en,"[818, 1199, 437, 15060, 40882, 187212, 207941]","[18, 10749]",R,0,2017,32837038.553501036,7,US
tt7014378,95.0,"[110930, 89705, 13351, 591, 109756, 856, 270003, 228156, 170219]",fr,"[13141, 192779, 207390, 221117, 226594, 333328]","[16, 12, 9648]",PG,0,2021,11703453.584329294,9,FR
tt6692354,105.0,"[19146, 2343, 101341]",hi,"[6149, 6309, 9826, 12570, 161982]","[80, 53]",,0,2017,5779318.785416182,11,IN
tt6398184,122.0,"[10146, 6196, 214539]",en,"[9180, 15060, 207527, 207876, 269769]","[18, 10749, 36]",PG,1,2019,25187455.952370968,9,GB
tt5884052,104.0,"[923, 12654, 882]",en,"[1453, 703, 9844, 12570, 41645, 156091, 158639, 167541, 207268, 209220, 325765]","[28, 12, 14]",PG,1,2019,188905919.64278227,5,US
tt10196398,87.0,"[9, 20484, 83, 46760]",fr,[],"[35, 18]",,0,2020,12064752.350225244,10,FR
tt28252563,160.0,[230131],ta,"[158774, 236653]","[28, 10749, 53]",NR,0,2025,24000000.0,9,IN
tt1964418,130.0,"[2, 59778]",en,"[1436, 12332, 40850, 173276, 207372, 214714, 214715, 334465, 358015]","[12, 10751, 9648, 878]",PG,0,2015,258111017.01684785,5,US
tt1659619,122.0,"[6750, 147, 77552, 77550, 856, 356, 294969, 3040, 11797, 24430]",fr,"[818, 5565, 222551, 231641, 232067, 232068, 232069]","[12, 18]",,0,2016,26829553.562790487,10,FR
tt1781827,111.0,"[52064, 52065, 52066, 308, 78237]",en,[209476],[18],R,0,2016,26829553.562790487,8,US
tt4806232,146.0,"[12630, 14294]",ta,"[4379, 5455, 13063, 164698, 178226, 193021, 239724, 239932, 240303, 288422, 295959]","[35, 878, 53]",,0,2015,842257.0028970825,6,IN
tt5208216,116.0,"[20580, 88582, 7493, 1422, 20581]",en,"[242, 818, 154802]",[18],PG,0,2017,9194370.79498029,10,US
tt32843349,103.0,"[103697, 188, 168181, 52053, 171882, 102874, 210197]",en,"[570, 447, 977, 1992, 1700, 5248, 10639, 11322, 18011, 162928, 190327, 230350, 251667, 259376, 269678, 281237, 309974, 311315, 311882, 320420, 322604]","[18, 35]",R,0,2025,1500000.0,6,US
tt2349144,108.0,"[8600, 14319, 74103]",en,"[585, 383, 395, 5305, 2411, 6433, 7312, 7996, 11061, 155759, 155816, 165533, 167043, 176516, 187056, 217452]","[35, 18]",R,0,2015,9645201.162208525,7,US
tt8108202,128.0,"[86699, 53930]",hi,"[616, 314730, 359782]","[27, 35]",,1,2018,3590183.753669543,8,IN
tt10665342,111.0,"[33, 3172, 14, 20848, 15822]",en,"[2546, 4426, 1224, 6259, 1849, 6255, 2754, 3335, 3691, 2604, 1245, 6733, 9663, 9694, 10022, 10714, 12339, 14540, 14688, 14735, 14831, 41412, 156075, 159138, 161184, 170195, 171493, 178883, 182794, 207525, 220664, 234906, 238534, 253411, 255257, 269268, 273297, 305666, 309974, 314923, 323756, 325819]","[27, 53]",R,1,2022,36308215.509137504,10,US
tt3576728,105.0,"[49483, 43498]",en,"[1701, 1566, 3754, 6089, 5332, 9672, 5923, 11001, 161919, 163119, 192913, 234574, 375010]","[16, 28, 12, 36]",PG-13,0,2016,40244330.34418573,9,US
tt5247022,118.0,"[6715, 5125, 86041, 26995]",en,"[1157, 586, 496, 7307, 3878, 4552, 5585, 5612, 6224, 15016, 15162, 33719, 159909, 160190, 162296, 169151, 176485, 182282, 197056, 209673, 212737, 217420, 223469, 225686, 232191, 235530, 254167, 315153]","[18, 35, 10749]",R,0,2016,6707388.390697622,11,US
tt4281724,85.0,[84591],en,"[3335, 3199, 10292, 12339, 14805, 176691, 191327, 268132, 281237]",[27],NR,1,2018,44877.29692086929,1,US
tt1877830,176.0,"[101405, 119245, 128064, 174]",en,"[6149, 6259, 1308, 853, 9715, 2334, 6083, 9717, 7002, 10291, 10714, 33626, 154954, 161982, 179430, 180734, 181659, 207268, 232469, 232766, 272385, 281659, 314730, 316832, 325822]","[80, 9648, 53]",PG-13,1,2022,203546056.6421345,3,US
tt5871080,126.0,"[3387, 266205]",hu,"[642, 1244, 9193]","[28, 80]",,0,2017,6107689.170951192,11,HU
tt4495098,134.0,"[125281, 84792, 5]",en,"[6075, 9672, 10039, 41645, 179430, 179431, 242128]","[12, 18, 28]",PG-13,0,2023,63398504.594488874,8,US
tt3499096,134.0,"[78218, 50083, 235923, 235997, 100125, 235998, 10146]",en,"[220, 6075, 2070, 5565, 6165, 12425, 187901, 208820, 256610, 281585, 314377, 328957, 338750, 345513]","[18, 36]",PG-13,1,2016,6707388.390697622,2,CA
tt1489889,107.0,"[12, 13778, 41624, 37845, 214539]",en,"[591, 5265, 470, 4289, 161213, 190070, 207697, 236231, 311278, 311529]","[28, 35]",PG-13,1,2016,67073883.906976216,6,US
tt27714581,133.0,"[21979, 199028, 259543, 76, 1618, 288, 2801, 189258, 218924, 226500, 49936, 228923, 94, 154209, 248673, 11237]",no,"[10041, 33490, 176096, 192687, 240303, 241738, 248870, 295902, 325767, 325783]",[18],R,1,2025,7800000.0,8,NO
tt15255876,97.0,"[28286, 168717, 232666, 182083]",en,"[3489, 10291, 12670, 15011, 167970, 223613, 279019, 295776]","[80, 18, 53]",R,0,2022,2200497.9096446973,8,US
tt8550054,109.0,"[2801, 116669, 2345, 8483, 2999, 92840, 77697, 6181]",sv,"[445, 5248, 7344, 11322, 12670, 18321, 158436, 187056, 190327, 292593, 309974, 325798]",[18],NR,0,2021,2138702.1778469775,10,SE
tt9777666,138.0,"[82819, 423, 125000]",en,"[1477, 4379, 5769, 7330, 9951, 14909, 162365, 162484, 180574, 186766, 206736, 226333, 240119, 240303, 258077]","[28, 878, 12]",PG-13,0,2021,237633575.31633082,9,US
tt6439020,119.0,"[7493, 6705, 152785]",en,"[212, 818, 2803, 13014, 207928, 208327, 209792, 223034, 225012, 281585, 319319, 324713, 325761, 325762, 325765, 325772, 325775, 325806, 325810, 325824, 325853, 325856]",[35],PG,0,2019,19646215.642849356,11,US
tt9389998,179.0,"[69125, 148217]",te,"[5626, 284454, 289341, 316241, 325774]","[28, 18, 53]",,1,2021,20436487.47720445,12,IN
tt6348138,93.0,"[11537, 13184]",en,"[486, 2597, 8873, 10121, 11220, 191143, 194281, 207928, 210214, 325765, 325772]","[10751, 16, 35, 12, 28]",PG,0,2019,125937279.76185484,4,US
tt19406606,115.0,"[119235, 157314, 165435]",en,"[2038, 4379, 208327, 281237, 325855, 325857]",[878],PG-13,0,2023,6868171.331069628,11,US
tt6977338,90.0,"[17393, 16615]",en,"[11930, 12392, 47023, 155740, 215717, 226344, 234125, 257912, 259376, 320420, 325782]",[35],R,1,2019,25187455.952370968,8,US
tt1979376,100.0,[3],en,"[6054, 6513, 11107, 9663, 14625, 15214, 155291, 179431, 187065, 240461, 325775]","[10751, 35, 16, 12]",G,1,2019,220390239.583246,6,US
tt8364368,87.0,"[122323, 85653, 123998, 4]",en,"[1196, 2215, 5160, 3184, 13031, 173272, 223059, 236086, 240303]","[27, 53]",R,1,2019,17001532.767850403,7,US
tt4669788,120.0,"[6735, 69484, 99962]",en,"[1228, 5565, 9672, 8681, 10909, 15108, 171162, 187056, 208992, 214780, 230963, 281585, 325831]","[18, 36]",PG-13,0,2018,25644169.669068165,12,US
tt5690810,106.0,"[102958, 73666, 102959, 121391]",en,"[177027, 185011, 305168]","[18, 10749, 36]",PG-13,0,2019,15112473.571422582,6,GB
tt5085522,83.0,"[91862, 13968, 51864, 41813, 61752, 287976, 115157, 292091, 7561, 102347, 26065, 287646]",en,"[1299, 1803, 1852, 4458, 11322, 33553, 172382, 188944, 207819, 241479, 241737]","[18, 27, 10749, 878]",R,0,2018,1282208.4834534081,3,US
tt29137778,112.0,"[165435, 216019, 216020, 75818, 223271]",en,"[818, 1335, 4458, 10041, 157930, 196953, 205734, 229006, 253695, 281237, 312500]",[18],PG-13,1,2024,5131714.866428012,12,US
tt5503686,110.0,"[77152, 1620, 13184, 47729]",en,"[242, 2348, 5636, 6593, 9672, 3688, 170375, 187243, 189933, 239275, 252104]","[18, 35, 80]",R,1,2019,25187455.952370968,9,US
tt11908172,98.0,"[75355, 170351, 168282, 205513, 72316, 121204, 5056, 25954, 205516, 205514, 144867, 195600]",en,"[2708, 10123, 10594, 15480, 323114]","[35, 80]",R,0,2023,52832087.16207406,9,US
tt5390504,143.0,"[13184, 99491, 211790]",en,"[657, 796, 2409, 9672, 9849, 9826, 12425, 14765, 18021, 208992]","[18, 53, 36]",R,0,2017,44658372.43276141,7,US
tt4364194,97.0,"[715, 35849, 188569, 112566]",en,"[10685, 708, 5970, 4573, 10562, 14513, 14620, 155208, 162735, 217979, 220650, 245264]","[12, 35, 18]",PG-13,1,2019,7808111.345235,8,US
tt10362466,105.0,"[6626, 2378, 140519, 107108]",en,"[818, 9673, 10791, 200918, 239797, 291153]","[18, 10749]",R,1,2020,17413044.629191075,9,US
tt3095734,104.0,"[2348, 10256, 24955]",en,"[1415, 1299, 158606, 209220, 210419]","[28, 35, 878]",PG,0,2016,167684709.76744056,12,US
tt2584384,108.0,"[43, 6510, 76342, 22213]",en,"[818, 1956, 2433, 8201, 7942, 4446, 14768, 178895, 191726, 207883, 225012, 234125, 241930, 241982, 249136, 276775, 279911, 325802, 325844]","[35, 10752, 18]",PG-13,1,2019,17631219.16665968,10,US
tt4600952,89.0,"[94075, 9340, 87064, 76049]",ru,"[2106, 9715, 155030, 265235, 281237]","[878, 28, 14, 35, 53]",,1,2017,7092800.327556224,2,RU
tt3278330,134.0,"[53334, 5125, 2395, 67285, 11561, 1583]",it,"[616, 2011, 3098, 13084, 15016, 189111, 204846, 240237, 240303, 241738, 321464, 325764, 325773]","[10749, 14, 27]",R,0,2015,16301748.443169339,5,IT
tt10160976,110.0,"[12, 76907, 11565]",en,"[254, 745, 3335, 6733, 9663, 10093, 11001, 14765, 15001, 15032, 161261, 164346, 179431, 208611, 241827, 254641, 270343]",[27],R,1,2023,40680707.114797026,9,US
tt9877170,135.0,"[85334, 3522, 185068]",hi,[15127],"[10749, 28, 12, 80, 53]",,0,2020,9835303.032060415,2,IN
tt6288694,87.0,[74795],en,"[960, 1721, 703, 1468, 8290, 9748, 9826, 10909, 15111, 17977, 161982, 177927, 208397]","[53, 28, 18]",R,0,2017,13134815.421400415,10,US
tt3164256,106.0,"[2265, 11029, 19477, 20313, 10427]",en,"[931, 1594, 11436, 3541, 4746, 4813, 10229]","[35, 10402, 10752]",R,0,2015,20377185.553961672,10,US
tt7725596,124.0,"[63187, 203436]",hi,"[1157, 3725, 6071, 10235, 13027, 18453, 164698, 240237, 241752]","[35, 10749, 18]",,1,2018,5128833.9338136325,10,IN
tt1072748,99.0,"[96645, 15392, 1632, 7584, 10950, 11840, 130220]",en,"[1803, 3358, 3521, 9672, 9897, 12436, 13005, 162846, 196751, 314801]","[27, 53]",PG-13,1,2018,4487729.6920869285,2,US
tt10078772,91.0,"[1302, 152, 106754, 1632, 221429]",en,"[3203, 11207, 10718, 10812, 172727, 176795, 207697, 234113, 236987]","[28, 53]",R,0,2025,25000000.0,1,US
tt11547520,110.0,"[55875, 9341, 175169]",ru,[1956],"[10752, 36, 18]",,0,2020,4353261.157297769,2,RU
tt10481868,92.0,"[33, 3172, 89115]",en,"[65, 9714, 10058, 10714, 12339, 186466, 282601, 323756]","[27, 9648]",PG-13,1,2019,6296863.988092742,12,US
tt8972256,104.0,"[6705, 163, 63520, 5, 58]",en,"[1200, 10594, 1202, 10910]","[35, 18]",R,0,2019,6926550.386902017,9,US
tt4840206,103.0,"[84522, 101955]",ar,"[380, 177695]","[28, 35, 80]",,0,2015,1858494.4160538898,7,EG
tt8096832,111.0,"[2, 12441]",en,"[6089, 18035, 170089, 209220, 245230]","[10751, 10749, 35]",PG,0,2019,75562367.85711291,11,US
tt2586118,96.0,"[72900, 7115, 72899, 6461]",nl,"[657, 6149, 128, 1385, 3398, 3725, 2334, 1690, 9826, 10794, 12653, 15148, 15234, 156401, 167186, 173383, 217489, 226285]","[80, 18, 53]",,0,2015,2988653.881247712,10,BE
tt10696896,139.0,"[6735, 7, 154740, 10039, 123420, 38399, 10146, 181992, 171888]",en,"[916, 11860, 240303]","[18, 80, 53]",R,0,2021,23763357.531633083,7,US
tt30645201,89.0,"[10146, 10163]",en,"[1415, 2149, 10123, 11168, 14765, 158718, 172504, 207268, 211197, 264386]","[35, 80, 9648, 53]",R,0,2025,20000000.0,8,US
tt6987770,87.0,"[36109, 14055, 59462]",en,"[387, 2045, 1274, 11865, 18093, 202371, 244910, 276775, 309422, 309974, 324886, 325786, 325793, 325834]","[10749, 35, 18]",R,0,2018,8975459.384173857,8,US
tt17491040,126.0,"[119754, 147139, 7819]",ko,"[1454, 9663, 232421]","[28, 12, 35, 14]",,0,2022,21561996.8622564,1,KR
tt1772288,106.0,"[33603, 6831, 192716]",en,"[6029, 4048, 2570, 9672, 12670, 325782, 326020]","[10402, 35, 18]",R,0,2015,13584790.369307783,3,US
tt10168670,131.0,"[46344, 153090, 64061, 128344, 118025, 162193, 181743]",en,"[818, 1335, 2981, 6782, 7312, 9673, 10194, 10809, 11736, 14895, 33720, 41260, 157303, 158606, 162521, 167043, 183573, 193282, 208289, 214388, 216734, 232208, 235134, 240485, 244886, 283085, 292593, 314730, 319319, 332598]","[27, 10749, 18]",R,0,2022,17603983.27715758,11,US
tt2049403,105.0,"[174, 360, 81, 8601, 228708, 216687]",en,"[6155, 3358, 9663, 9853, 10809, 33505, 34079, 41393, 162846, 230250, 240315, 293198, 351332, 356378, 373208]","[35, 14, 27]",PG-13,1,2024,101607954.35527463,9,US
tt3263904,96.0,"[174, 171, 41624, 65359, 862, 79]",en,"[10084, 242, 3800, 5340, 3203, 9672, 4811, 8044, 10168, 10812, 14641, 14660, 33536, 179431, 325842]","[18, 36]",PG-13,1,2016,80488660.68837146,9,US
tt1712192,102.0,"[28275, 3984, 81794, 69850, 2262]",en,"[331, 10326, 9856, 10594, 12670, 14964, 33780, 200574, 232766, 256473]","[28, 9648, 53]",,0,2017,13134815.421400415,5,US
tt13560574,105.0,"[41077, 126587]",en,"[4580, 445, 798, 1543, 1420, 1366, 1228, 1556, 3184, 7344, 10714, 12339, 14690, 158436, 160963, 161196, 178848, 181324, 195997, 220389, 292593, 306600, 325786]",[27],R,1,2022,1100248.9548223487,3,US
tt5649108,92.0,"[76901, 50499, 6831]",en,"[2231, 6054, 213, 2123, 6981, 12545, 12565, 13112, 14632, 15208, 33424, 156294, 178034, 180173, 181834, 212649, 325790]","[18, 53]",R,0,2018,6411042.417267041,3,US
tt3521164,107.0,[6125],en,"[544, 658, 2041, 83, 270, 6513, 2035, 3289, 4344, 10683, 10541, 41599, 157155, 179430, 180548, 180803, 181240, 206828, 207372, 220234, 234183, 236465, 347753]","[12, 35, 10751, 16]",PG,1,2016,201221651.72092864,10,US
tt1801552,112.0,"[76991, 80896, 10405, 7406, 85562, 261352, 36109, 88606, 283871]",en,"[242, 3149, 1228, 1797, 5565, 10085, 10291, 15405, 190636, 231149]","[80, 18, 36, 53]",R,0,2018,12822084.834534083,6,US
tt4263482,92.0,"[79436, 6531, 30666, 34456, 41641, 57430, 61011, 79434, 79435]",en,"[616, 1533, 2343, 9712, 4252, 7476, 6018, 9720, 10947, 10223, 11001, 12544, 14783, 40931, 41393, 164346, 207941, 209568, 231398, 267241, 325780]",[27],R,1,2016,5365910.712558097,2,US
tt11762114,112.0,"[26402, 1756, 4]",en,"[6270, 4344, 1245, 5248, 6733, 10181, 9895, 11870, 10266, 10809, 12399, 14518, 18453, 40920, 41203, 41368, 155722, 165317, 170418, 179430, 187056, 188237, 189964, 206720, 229802, 230113, 233016, 240462, 256669, 259426, 269719]",[35],PG-13,1,2024,36948347.03828169,1,US
tt1959563,118.0,"[48738, 94235, 74795, 23011, 491, 1020, 342, 197838, 1632, 72441]",en,"[782, 6148, 392, 2708, 3088, 9935, 10562, 15009, 15127, 33519, 165301, 167541, 179430, 193415]","[28, 35, 80, 53]",R,1,2017,39404446.264201246,8,US
tt6423362,100.0,"[10067, 21, 174]",en,"[242, 2428, 9673, 231519, 246466, 272877]","[10749, 18]",PG-13,0,2019,11334355.178566936,5,US
tt4463894,111.0,"[1302, 12]",en,"[9663, 10950, 18026, 161184, 255665]","[28, 80, 35, 9648]",R,0,2019,37781183.92855646,6,US
tt3289956,86.0,"[7437, 53247, 84988]",en,"[970, 6152, 2452, 4715, 10326, 9826, 9995, 13092, 18171, 156179, 162716, 171416, 188960, 234402, 262826]","[27, 9648]",R,0,2016,5365910.712558097,12,GB
tt4645330,109.0,"[288, 6735, 8299, 28473]",en,"[212, 818, 3012, 1739, 2446, 2450, 5565, 9672, 214780, 259137]","[18, 36]",PG-13,0,2016,13414776.781395243,9,US
tt15334488,93.0,"[6626, 107108]",en,"[567, 3446, 1902, 2754, 5914, 9663, 9673, 9872, 10818, 13027, 15208, 18047, 34136, 176834, 181053, 209792, 226325, 239969, 246466, 253056]","[10749, 18]",R,0,2023,14792984.405380737,9,US
tt7599146,131.0,[90508],en,"[1930, 6019, 9672, 7105, 170865, 222529, 227948, 279542, 285275, 325775, 367758, 372498, 374114, 374115, 374116, 374117]","[28, 18]",PG-13,1,2023,15321305.277001478,7,US
tt6017942,102.0,"[2575, 35846, 1632, 491, 17393, 100640]",en,"[5301, 4377, 3688, 15232, 18021]","[878, 28, 12, 53]",PG-13,0,2018,38466254.503602244,8,US
tt2906216,134.0,"[8147, 4]",en,"[3200, 3882, 9713, 12554, 18360, 166726, 177438, 177912, 179431, 210730, 240303, 314844, 364081]","[12, 14, 35]",PG-13,0,2023,159552903.22946367,3,US
tt5340300,121.0,"[10441, 6705]",en,"[643, 708, 1896, 2673, 3525, 40879, 166097, 167043]","[18, 12]",R,0,2018,10257667.867627265,4,GB
tt9639470,116.0,"[10146, 6705, 10163, 131464, 10338]",en,"[212, 3030, 1663, 4379, 5609, 7024, 9826, 161693, 163070, 170620, 177040, 197582, 200234, 208992, 211659, 249379, 285576, 314730, 325765, 325773, 325813, 325854]","[27, 9648]",R,0,2021,51091218.69301113,10,GB
tt4912910,147.0,"[4, 11461, 82819, 21777]",en,"[2546, 4776, 212, 591, 720, 90, 3713, 1419, 470, 1825, 3864, 5452, 5572, 3637, 1191, 9663, 9679, 12347, 14555, 14735, 15127, 157252, 160381, 173594, 174915, 188955, 195295, 217415, 228545, 229620, 269769, 322496]","[28, 12]",PG-13,1,2018,228233110.05470666,7,US
tt6265828,92.0,"[14634, 49471, 104741]",en,"[1647, 6095, 6203, 9872, 11011, 33496, 34079, 162846, 207592]","[18, 14, 10749]",R,1,2017,131348.15421400414,4,US
tt11348232,89.0,"[100121, 89269, 76992]",en,"[2988, 15097, 15098, 168683, 300722]","[27, 9648, 53]",R,0,2022,9352116.115989963,1,US
tt4341582,124.0,"[21864, 252]",en,"[316, 818, 6075, 5565, 9672, 187056, 229684, 239275]",[18],PG,0,2016,20122165.172092866,9,US
tt9340860,113.0,"[69686, 10146]",en,"[818, 697, 680, 2299, 2673, 9409, 9872, 158019, 159138, 168713, 208992, 212643, 220195, 240456, 253222]","[53, 80, 37]",R,0,2020,26119566.943786614,11,US
tt4555426,125.0,"[10163, 214539, 10146]",en,"[1956, 5565, 9672, 7033, 33847, 33848, 159862, 185018, 197413, 207883, 243503, 328926, 340972]","[18, 36]",PG-13,1,2017,39404446.264201246,11,GB
tt2848292,115.0,"[12365, 12026, 33]",en,"[9663, 10229, 33928, 155939, 179431, 186120, 187056, 209838]","[35, 10402]",PG-13,1,2015,39395892.07099257,5,US
tt9484998,90.0,"[128360, 53808, 215031]",en,"[567, 1964, 4379, 3521, 8181, 11494, 10538, 10854, 12612, 13027, 39833, 185863, 205735, 220046, 228069, 375047]","[35, 10749, 878]",R,0,2020,6218944.510425384,7,US
tt15678738,109.0,"[30216, 206626, 165435, 223271]",en,"[2879, 3036, 4344, 11001, 11222, 161678, 178107, 186756, 247589, 255868, 276977, 281237, 302678, 309288, 321416, 348322, 365430, 371404, 371405]","[16, 18, 10751, 36]",PG,0,2025,60900000.0,12,US
tt7069210,112.0,"[12, 11565, 76907]",en,"[6152, 2626, 6981, 9663, 15043, 208289, 239680, 321464]","[27, 9648, 53]",R,1,2021,46338547.18668451,5,US
tt12851324,130.0,[145170],te,[],"[27, 35]",,1,2021,650078.7258104907,2,IN
tt11418452,109.0,"[42877, 127641, 99796, 3419, 76049]",ru,[],[35],,1,2019,3274369.273808226,11,RU
tt8847712,107.0,"[9350, 23449, 264]",en,"[3660, 736, 1415, 254, 351, 1228, 917, 4222, 2679, 2883, 437, 2187, 9706, 4620, 10960, 13112, 18293, 156181, 160224, 170865, 172417, 211225, 238192, 240119, 288816, 324713, 325856]","[18, 35]",R,0,2021,29704196.914541353,10,US
tt3316948,96.0,"[45358, 1632, 39707, 23921, 7493, 1785, 24277]",en,"[1415, 591, 8631, 11469, 54169, 164698, 173303, 175056, 175357, 196078, 199932, 295809, 312038]","[28, 35]",R,0,2015,38037413.03406179,8,US
tt3540136,90.0,"[65444, 65442, 65443]",zh,[],"[28, 10752]",,1,2015,16301748.443169339,4,CN
tt15671028,103.0,"[117188, 86647, 5, 194285]",en,"[6054, 7476, 9799, 13088, 40865, 155722, 155808, 157296, 176454, 182204, 208275, 231544, 234042, 244229, 255406, 259376, 288816, 318606, 325765]","[35, 10749]",R,0,2023,47548878.44586665,6,US
tt4258698,84.0,"[7437, 53215]",en,"[520, 5565, 184783, 208289]","[10749, 18]",PG-13,1,2016,2012216.5172092866,8,US
tt5989218,117.0,"[7493, 11068, 12292, 112031]",en,"[3725, 10235, 155225, 162904, 165576, 174089, 188341, 208370, 228933, 229679]","[18, 10749]",R,0,2018,12822084.834534083,9,US
tt1711525,105.0,"[13778, 78984]",en,"[520, 65, 1441, 14522, 177926, 179431, 180764, 188659, 207317, 208156, 210605, 232229, 240485, 291153, 306070, 320420, 325765]",[35],R,1,2016,60366495.516278595,11,US
tt6811018,120.0,"[10163, 443, 22213, 25]",en,"[2343, 1938, 2250, 8079, 10466, 161257, 169350, 173010, 177128, 207031, 207372, 248087, 266753]","[28, 12, 14, 10751]",PG,0,2019,74302995.05949436,1,US
tt9419884,126.0,"[420, 176762]",en,"[2343, 9715, 9717, 175629, 179430, 179431, 180547]","[14, 28, 12]",PG-13,1,2022,319072196.89848113,5,US
tt8430054,89.0,"[29062, 118108, 12430, 130146, 21979, 94, 239, 149332, 73068, 149331]",da,"[972, 2754, 3541, 40952, 220492, 248870, 255805, 258533, 322980]","[99, 16]",PG-13,0,2021,4039770.780377624,6,DK
tt4218572,129.0,"[25, 508, 6705, 10104, 7217, 113380, 22213]",en,"[520, 6078, 4129, 2383, 6083, 10051, 9856, 9714, 10594, 10085, 166462, 207268, 269769, 355372, 366259, 371191]","[18, 80, 53]",R,0,2018,53852756.305043146,11,US
tt2224026,94.0,[521],en,"[1612, 3289, 9951, 9882, 14909, 179430, 179431, 197194, 235972, 235974, 325770, 325856]","[14, 35, 16, 878, 10751]",PG,1,2015,183394669.98565507,3,US
tt4400058,93.0,"[1115, 13319, 49194]",fr,"[1964, 5091, 2604, 163053]",[35],PG-13,1,2015,12849494.571862482,12,FR
tt2126357,103.0,"[47729, 1620, 33, 26638, 3393]",en,"[242, 2751, 11833, 12392, 34004, 163167, 172411, 220831, 224339, 246911, 279433, 295809, 315228, 325596]","[10749, 35]",PG-13,1,2018,20515335.73525453,11,US
tt17024450,109.0,"[5, 10400, 1423, 44967]",en,"[131, 5340, 7303, 10291, 266013, 367895, 373745, 373746, 373747, 373748, 373749, 373750, 373751, 373752, 373753]","[28, 53, 80]",R,1,2023,73964922.02690369,8,US
tt3065204,134.0,"[12, 11565, 76907, 41624]",en,"[212, 392, 1228, 13153, 14768, 15001, 15043, 161261, 162846, 207317, 210162, 228935, 325825]",[27],R,1,2016,53659107.125580974,6,US
tt6685538,99.0,"[106008, 116025, 21652, 61460, 130164]",uk,"[818, 2710, 18330, 178856, 185343, 235607, 235608, 281237, 296736]","[16, 12, 10751, 14]",PG,1,2023,5283208.716207406,3,UA
tt5312232,174.0,[150130],mr,"[4232, 34136, 209792, 259376, 292593, 319319, 320420, 324429, 325775, 325776, 325786, 325787, 325791, 325851]","[18, 10749]",,1,2016,804886.6068837146,4,IN
tt21815562,123.0,"[8880, 216687]",en,"[242, 9730, 5565, 10391, 33722, 191600, 192279, 208611, 285398]","[80, 18, 36]",R,0,2025,45000000.0,3,US
tt7068946,132.0,"[187968, 106178, 5357, 12425]",en,"[2708, 1646, 9663, 10410, 12570, 202798, 207697, 211197, 243959, 291153, 315323, 325811, 325826]","[9648, 80, 53]",R,0,2025,80000000.0,4,US
tt5827916,174.0,"[264, 84765, 211266, 100125]",en,"[1157, 2652, 1956, 1201, 5565, 9672, 8997, 18091, 18396, 41610, 154846, 157681, 195541, 195897, 196630, 198923, 237131, 273060, 312133, 316125]","[36, 18, 10752]",PG-13,0,2019,11334355.178566936,8,US
tt26229612,130.0,"[3522, 160468, 203686, 255348, 19143]",hi,"[9672, 7021, 11534, 15049, 204242]","[53, 18]",,1,2025,2352000.0,3,IN
tt10944760,108.0,"[49934, 94, 49473, 11797, 24430]",fr,"[3725, 2754, 11429, 9844, 10714, 13063, 187056, 192094, 194226, 208591, 213295, 227428, 252577, 269898, 278015, 283085]","[18, 53, 27]",R,0,2021,7841907.985438917,7,FR
tt14905854,125.0,"[122908, 1522, 56, 197107]",en,"[818, 9872, 12995, 146946, 176227, 187056, 208244, 211659, 251613, 328926, 370792, 370793]","[18, 10749, 36]",PG-13,1,2025,30000000.0,11,US
tt3714720,88.0,"[29312, 14319, 4205, 75354]",en,"[879, 10041, 10235, 11612, 156872, 189401, 225686, 262325, 283118, 289848, 369397]","[18, 35]",PG-13,0,2016,5097615.176930193,8,US
tt23638614,113.0,"[198118, 198120, 198122, 75818, 144002, 182197, 243643]",en,"[5657, 2356, 5565, 9672, 18035, 208289, 210608, 247715, 253695, 273060]","[18, 10402, 10751]",PG,1,2024,6158057.839713614,4,US
tt15268244,95.0,"[1632, 16615, 195015]",en,"[5248, 185927, 187056, 280028]",[35],R,0,2023,21132834.864829622,6,US
tt3332064,111.0,"[20478, 27711, 41624, 174, 118865, 15357]",en,"[334, 2343, 3205, 5938, 12988, 170362]","[14, 12, 10751, 28]",PG,0,2015,203771855.53961673,9,US
tt13238346,105.0,"[41077, 1422, 158407, 128404]",en,"[242, 2356, 6054, 5609, 7439, 10188, 10855, 10965, 148540, 160246, 165402, 187056, 231519, 234212, 248870, 261264, 272877, 280028, 281237, 290327]","[18, 10749]",PG-13,0,2023,12679700.918897774,6,US
tt4776998,133.0,"[20656, 61018, 61019, 10427]",en,"[736, 128, 2504, 2679, 5733, 14900, 184996, 187675, 214410, 232916, 335802]","[36, 10749, 18]",PG-13,0,2016,120732991.03255719,12,US
tt10375106,77.0,"[34780, 11773, 5162, 11797, 24430, 95061]",fr,"[7035, 181304]","[35, 14]",,0,2021,5822022.5952501055,5,FR
tt3622592,109.0,"[711, 12292]",en,"[6270, 1196, 6054, 818, 2803, 160243, 209792, 210597, 212737, 246466, 281445, 311315, 325761, 325762, 325765, 325806, 325807, 325814]","[9648, 18, 10749]",PG-13,1,2015,16301748.443169339,6,US
tt2820852,137.0,"[333, 1225, 33]",en,"[830, 3428, 9666, 9748, 40870, 286354, 314730, 325761, 325811, 325853]","[28, 80, 53]",PG-13,1,2015,258111017.01684785,4,US
tt10473036,93.0,"[50163, 129669, 90827, 129670, 129671, 115965, 823, 62277, 100886, 117455]",en,"[818, 11187, 15284, 186811, 189359, 250914, 309269, 310034]","[16, 12, 35, 10751, 14]",PG,0,2022,18704232.231979925,12,GB
tt3181776,96.0,"[20243, 12372, 65734]",en,"[779, 782]","[28, 80, 53]",NR,0,2015,27169580.738615565,10,US
tt5822536,106.0,"[73025, 238886, 113521]",en,"[10084, 9663, 10468, 15101, 158199, 158431, 179430, 179431, 209220, 210246, 266995, 267848, 269710, 275266, 303310, 315709, 325832]","[12, 35, 10751]",PG,0,2024,92370867.59570421,11,GB
tt20916568,84.0,"[150179, 18609, 117747, 106786, 75355]",en,"[10738, 3544, 10292, 9663, 9748, 9826, 13015, 15162, 284439]","[28, 27, 53]",R,0,2023,210807.42426887818,5,US
tt3387266,111.0,"[7981, 65927, 95966, 6570, 91030, 104, 10611, 288, 290, 43, 7281]",en,"[818, 409, 6038, 4106, 5565, 9672, 8028, 10188, 12425, 13084, 187056, 263815]","[18, 36]",PG-13,0,2016,18780687.49395334,11,GB
tt1361336,101.0,"[25120, 8922, 77061, 174]",en,"[179430, 209220]","[35, 10751, 16]",PG,1,2021,59408393.829082705,2,US
tt3567288,94.0,"[3172, 12236]",en,"[4932, 897, 380, 904, 9229, 9826, 14768, 160841, 163053, 172664, 200283, 202371, 207082, 276164, 309974, 311315, 325798, 365784, 365923]","[27, 53]",PG-13,1,2015,6792395.184653891,9,US
tt6774786,119.0,"[114814, 76992, 135020]",en,"[5657, 9739, 14909, 246197, 246198, 246199]","[28, 878, 18]",R,0,2018,7693250.900720449,7,US
tt5662932,133.0,[7435],hi,"[1803, 4110, 9672, 10714, 161982, 229684]","[53, 80]",,0,2016,700080.980323708,6,IN
tt12844910,146.0,"[1569, 206374, 233919, 236036, 145770, 129205]",hi,"[470, 155750, 217282]","[28, 12, 53]",NR,1,2023,31984545.567919634,1,IN
tt9013340,98.0,"[73118, 35849, 194285]",en,[],[35],R,0,2023,3169925.2297244435,5,US
tt1121948,126.0,"[33, 507, 172860, 8147]",en,[],"[28, 53, 80]",R,0,2024,30790289.198568072,8,US
tt3787590,96.0,"[10163, 694, 20664]",en,"[12670, 166947, 179431, 186117]","[18, 10402, 10749, 35]",R,0,2015,8150874.221584669,8,GB
tt7745068,96.0,"[2849, 11727, 2918, 6755, 1778, 648, 3466, 882]",ja,"[233, 1701, 9715, 10873, 14955, 18233, 33637, 207826, 210024]","[16, 28, 12, 14]",PG-13,0,2018,15386501.801440898,8,JP
tt3397884,121.0,"[1632, 33681, 3528]",en,"[10364, 782, 591, 534, 417, 258, 1812, 919, 1556, 2286, 2887, 5627, 9748, 9826, 11719, 14707, 14964, 15218, 15271, 18034, 18420, 34136, 160194, 164881, 198423, 207268, 208397, 217064, 276605, 277607, 312898, 335962]","[28, 80, 53]",R,1,2015,40754371.107923344,9,US
tt2404435,132.0,"[21, 5, 34034, 79, 79566, 1423]",en,"[6054, 75, 5331, 2673, 9714, 33344, 154846, 155291, 188296, 200918]","[12, 28, 37]",PG-13,0,2016,120732991.03255719,9,US
tt4285496,125.0,"[72691, 44391, 2586, 72692, 72694, 51949]",es,"[1551, 10062, 5968, 9672, 10706, 12337, 18070, 18330, 158217, 210856, 215162, 347548]","[18, 12]",,0,2015,1901870.6517030895,5,CO
tt1856080,123.0,"[1782, 143790, 210099]",en,"[6075, 2070, 9672, 171459, 214548, 325795, 325824]","[18, 36]",PG-13,0,2023,42265669.729659244,12,US
tt4996328,118.0,"[144002, 829, 118472]",en,"[1415, 186, 3373, 5890, 9672, 7464, 10614, 11612, 15120, 18035, 169725, 181834, 210608, 228067, 254747, 273060, 273868, 278247, 320420, 325761, 325762, 325824, 325840]",[18],PG,0,2024,13342458.652712831,2,US
tt33014583,214.0,"[212774, 115477]",hi,"[5265, 6084, 6078, 1293, 1627, 1628, 9701, 10292, 7021, 13006, 13015, 14636, 158774, 163656, 181117, 181659, 210608, 217282, 232682, 240424, 252104, 298577, 316362, 319497, 322496, 324109, 348699]","[28, 80, 53]",NR,1,2025,14330000.0,12,IN
tt5442430,104.0,"[5, 82819]",en,"[839, 4862, 9882, 14626, 156039, 160097, 191586, 194486, 301826, 301827, 316832, 325783]","[27, 878, 9648]",R,0,2017,76181929.4441224,3,US
tt29313285,77.0,"[27350, 42210, 591, 271840, 156201, 94752]",fr,"[233, 818, 715, 17997, 18330, 158023, 173323, 180498, 181205, 214887, 240422, 326222, 349947]","[16, 18, 10751]",PG,0,2025,11100000.0,6,FR
tt4530422,110.0,"[11461, 4]",en,"[254, 2652, 5331, 1956, 4299, 9156, 10124, 14601, 158778, 194402, 207883, 240435, 253063, 314730]","[27, 10752, 878]",R,0,2018,48723922.371229514,11,US
tt3530978,122.0,"[26261, 3110, 14016, 20644, 197649, 155990, 231766]",it,[],"[18, 10749]",NR,0,2016,13414776.781395243,1,IT
tt10128846,138.0,"[70, 236562]",en,"[613, 1326, 236, 4129, 11327, 4565, 1919, 2013, 2301, 2887, 3182, 3376, 3469, 6083, 9887, 2187, 3667, 7464, 10131, 10617, 11869, 157769, 164193, 164829, 181324, 186766, 191600, 208397, 233934, 237462, 240315, 325854]","[878, 18, 14]",R,0,2024,123161156.79427229,9,US
tt4326444,99.0,"[49, 2147, 7493, 22311]",es,"[894, 6054, 744, 4320, 6038, 5248, 6683, 9673, 9957, 10937, 11612, 14768, 33720, 34079, 157955, 181109, 240315]","[18, 10749]",R,1,2016,1998801.7404278913,4,ES
tt5177120,122.0,"[130, 22146, 2900]",en,"[585, 818, 2652, 1956, 9672, 6165, 9358, 10026, 14618, 33848, 175056, 181325, 191726, 207883, 208878, 233857, 234980, 243503, 256877, 306275, 341871, 348114, 359247, 364079, 365236, 367984]","[28, 35, 10752]",R,0,2024,61580578.397136144,4,US
tt21188080,101.0,"[10146, 80970, 212923]",en,"[6270, 1227, 10123, 10683, 9826, 10809, 11322, 13092, 14901, 157213, 174413, 187056, 208289, 259376, 325762, 325784, 325810, 325856]","[27, 35, 10749]",PG-13,0,2024,13752995.842027072,2,US
tt1464335,116.0,"[5, 507, 125281, 14439]",en,"[8562, 6956, 11088, 41645, 169953, 179431, 253869, 376057]","[28, 12, 9648]",PG-13,1,2022,132029874.57868184,2,US
tt33372494,151.0,[127162],ml,"[272493, 272742, 290492, 359731]","[28, 12, 14]",NR,1,2025,3379386.0,8,IN
tt3410834,120.0,"[10227, 491, 1632, 14440]",en,"[818, 2020, 4565, 9663, 12375, 193005, 246466, 290903, 309974, 325783, 366088]","[12, 878, 28, 9648]",PG-13,0,2016,147562544.59534767,3,US
tt3291150,103.0,"[1020, 48738, 1632, 74795, 126013, 342, 221429]",en,"[9663, 12551, 158022, 189093]","[28, 12, 53]",R,0,2023,105664174.32414812,9,US
tt3402138,85.0,"[8789, 4, 216687]",en,"[9663, 9253, 11931, 161184, 179430, 179431, 247799]","[28, 35, 80]",PG-13,0,2025,42000000.0,7,US
tt7098658,138.0,"[19146, 63187]",hi,"[818, 18117, 230926]","[53, 18, 36]",,1,2018,5769938.175540337,5,IN
tt5001754,94.0,"[27049, 85563, 51526, 76991, 97412, 101838]",en,"[2231, 2150, 4010, 13209, 156019, 240303]","[18, 28, 53]",R,0,2018,6411042.417267041,2,US
tt0810819,119.0,"[8875, 10163, 11773, 23200, 73536, 73538, 221513]",en,"[90, 818, 509, 792, 2679, 437, 12995, 14893, 34115, 157959, 158718, 159103, 207876, 232076, 311315, 325783, 325794]",[18],R,1,2015,20377185.553961672,11,US
tt2261287,89.0,"[91331, 6623, 7038, 76742, 9, 1115, 308]",en,"[2199, 1691, 90, 334, 1436, 7393, 10551, 13014, 159716, 164889, 207928]","[16, 12, 35, 10751]",PG,1,2016,40244330.34418573,12,CA
tt6394270,109.0,"[91390, 3574, 13240, 13184, 53152, 1632, 100640]",en,"[5565, 9672, 10850, 195279, 206075, 225710, 257783, 261286, 294856]",[18],R,0,2019,40299929.52379355,12,US
tt3691740,117.0,"[2, 56, 7294, 10221, 862, 214904]",en,"[212, 392, 2011, 12663, 13014, 14895, 15101, 189099, 209792, 227364, 245230, 325784]","[12, 10751, 14]",PG,0,2016,187806874.9395334,6,US
tt3478962,124.0,"[83, 694, 2612, 19233, 45663, 71885]",fr,"[187056, 311315]","[18, 10749]",NR,0,2015,14399877.79146625,10,FR
tt2034800,103.0,"[33, 507, 48873, 923, 86433, 2270]",en,"[1299, 478, 4393, 11024, 12995, 14601, 15060, 157788, 163403, 213097, 232499, 273967, 325769, 325778]","[28, 12, 14]",PG-13,0,2016,201221651.72092864,12,US
tt5360996,120.0,"[10146, 6705, 7493, 7217, 6237, 19916]",en,"[186, 3575, 3036, 162708, 222185, 230097, 253695]",[18],R,0,2018,25644169.669068165,3,AU
tt4687848,124.0,"[90633, 3407, 36958, 72091, 90634, 90635, 90636, 79046]",zh,"[478, 18044, 207883, 235515, 235516, 235517]","[28, 12, 35, 10751, 10752]",NR,0,2016,67073883.906976216,12,CN
tt24871974,106.0,"[1020, 48738, 12142]",en,"[310, 14544, 328072, 329707, 340171, 350231, 350730, 372139, 372140, 372141, 372142, 372143, 372144, 374181, 374182, 374183]","[878, 27, 53]",R,0,2024,4515909.08245665,8,US
tt1881002,95.0,"[52924, 1632, 3604, 74208, 12075, 68506, 52925, 10393]",en,"[4565, 4458, 12377]","[27, 18, 878]",PG-13,0,2015,5433916.147723113,5,US
tt5540188,111.0,"[94864, 2801, 35210, 29062, 50804, 2999, 108533, 73539, 2302, 850, 118, 26398, 3555, 122446]",en,"[612, 1160, 487, 3581, 11734, 229194, 247381]","[53, 18, 80]",,0,2017,5582296.554095176,6,FR
tt6217926,141.0,"[75055, 48663, 94, 51696, 26608, 148044, 122617, 581, 11199, 73369, 19771]",fr,"[378, 1009, 793, 3485, 4344, 6300, 9887, 6562, 9826, 12670, 12990, 33630, 155482, 156326, 164920, 168683, 190102, 193537, 207240, 276162, 342582]","[18, 10749]",R,0,2021,18416602.08701564,7,FR
tt12550376,87.0,"[85170, 290]",en,"[2988, 15097, 15098, 50009, 283882, 301836, 301837, 301838, 301839]","[27, 53, 28, 12]",,0,2022,5501244.774111743,5,GB
tt6791096,110.0,"[4022, 6626, 33, 47729, 3393]",en,"[2246, 6262, 6350, 188474]","[35, 10749]",PG-13,1,2018,41030671.47050906,4,US
tt5472374,117.0,[1569],hi,[5914],"[18, 10749]",,0,2017,3959844.7487975326,5,IN
tt29644189,114.0,"[3172, 162439, 33]",en,"[2546, 516, 1566, 380, 1442, 1468, 6152, 2805, 1981, 9663, 9826, 10303, 10714, 10794, 11663, 12339, 156866, 170865, 208289, 208611, 234025, 240485, 241732, 256183, 273060, 295907, 301004, 309060, 315058, 322744]","[27, 53]",R,1,2025,30000000.0,10,US
tt10855768,111.0,"[11341, 146929, 109501, 3287]",en,"[1930, 1735, 1812, 7707, 9663, 10085, 10809, 12670, 18239, 155888, 159472, 163053, 176834, 226344, 226747, 240315, 272745, 285275, 295809, 332656, 350143, 365923]","[18, 9648, 53]",PG-13,1,2023,7396492.2026903685,1,US
tt13145534,74.0,"[744, 22784, 102468, 94]",fr,"[4379, 309974]","[35, 14, 9648]",,0,2022,4775080.463928993,6,FR
tt35521922,72.0,[256132],en,"[6152, 2526, 3358, 6564, 9720, 10114, 10541, 15162, 34079, 162846, 163053, 190821, 207082, 256183, 281237]",[27],PG-13,1,2025,70000.0,10,US
tt5822564,102.0,"[12, 11370, 165407, 13240]",en,"[242, 1228, 9717, 8442, 187056]","[28, 80, 18]",R,0,2019,47856166.309504844,8,US
tt19864802,113.0,"[174474, 168294, 76991, 41958, 194918, 219466, 147011, 179983, 185127]",en,"[3156, 3779, 14643, 158778, 195908, 222529, 288773, 371051, 372198, 372338, 372339, 372340, 372341, 373695, 374025]","[28, 10752, 53]",R,0,2024,18474173.519140843,2,AU
tt3471098,98.0,"[41659, 41660, 33769, 6404, 67258, 90445]",en,"[242, 1992, 1788, 6258, 6038, 3356, 10983, 12392, 13160, 14720, 41523, 163758, 171808, 177820, 187056, 207185, 212795, 250164, 258593, 288423]","[18, 10749, 35]",R,0,2016,2682955.3562790486,4,US
tt26927452,105.0,"[201732, 81368]",en,"[6029, 4048, 1803, 4142, 11363, 12565, 12670, 14602, 155582, 245408, 309029, 313704, 341242]","[10402, 53, 18]",R,0,2025,15000000.0,5,US
tt30988739,93.0,"[877, 10146]",en,"[212, 1157, 470, 6038, 3301, 12997, 190981, 209673, 274497, 325837, 348956]","[18, 9648, 53]",R,0,2025,50000000.0,3,US
tt3173594,95.0,"[48860, 80783, 21199, 174103]",en,"[2157, 2449, 1812, 2348, 9672, 204204, 234814, 234816, 325765]","[80, 18, 53]",R,0,2016,2682955.3562790486,9,US
tt22866358,129.0,"[923, 214512]",en,"[3571, 3575, 5626, 222185, 237181, 237589, 322219]","[12, 35, 18]",PG-13,0,2024,41053718.931424096,1,US
tt9812474,106.0,"[157143, 2801, 3555, 94865, 41077]",is,"[4048, 5301, 1262, 4232, 5746, 9872, 11175, 11093, 17985, 33494, 41329, 197582, 210162, 210434, 211659, 219906, 225219, 237379, 239797, 261264, 269808, 271944, 286926, 309974, 325763, 325764, 325787, 325801, 325839]","[18, 14, 27]",R,0,2021,5940839.382908271,8,IS
tt6966692,130.0,"[6735, 7, 88582, 181849]",en,"[6054, 531, 9672, 7312, 12425, 14743, 155963, 158718, 167043, 204236, 208992, 240484, 258533, 304995]","[18, 35, 36]",PG-13,1,2018,29490795.11942839,11,US
tt5580036,119.0,"[82968, 101831]",en,"[6075, 271, 2070, 1896, 5565, 9672, 9823, 10671, 11925, 12987, 14646, 157168, 210608, 220840, 222314, 236377, 240315, 365778]","[18, 35]",R,1,2017,14448296.963540455,12,US
tt26439764,165.0,[111627],kn,[],"[28, 18, 14]",,1,2025,14000000.0,10,IN
tt1478839,109.0,"[333, 121671, 711, 1708]",en,"[6054, 521, 818, 830, 6075, 5484, 14725, 15162, 18165, 208152, 240303, 258733]","[18, 10749]",PG,0,2019,22668710.357133873,8,US
tt8080204,93.0,"[77863, 52180, 290, 158413]",en,"[9678, 970, 703, 11426, 10051, 156835, 162300, 197430, 210730, 227975, 355123, 374099, 374100, 374101]","[9648, 878, 53]",R,0,2023,73964922.02690369,5,US
tt23770030,95.0,"[15780, 215840]",en,"[894, 2467, 10201, 10121, 17984, 161919, 170135, 193319, 197065, 240485, 289590, 325762]","[16, 35, 18]",R,0,2024,4464591.93379237,10,AU
tt4967094,134.0,"[63482, 72626, 233188, 105845]",zh,"[6270, 9840, 10873]","[10749, 35]",,1,2015,3667893.3997131013,8,CN
tt20420628,110.0,"[20782, 141391, 212984, 96310, 212985, 39043, 88565, 39004, 1898]",en,"[1956, 9672, 10818, 12995, 18071, 159313, 207883, 214548, 264386, 281237, 372208]",[18],PG-13,0,2023,10566417.432414811,12,US
tt8097306,110.0,"[114117, 3096, 96540]",en,"[894, 9799, 5483, 5625, 15232, 18298, 33479, 155936, 156121, 168220, 186507, 190161, 214514, 220314, 229188, 232738, 237816, 241738, 246126, 254097, 280352, 303756, 333209]","[35, 10749]",R,0,2018,24361961.185614757,10,US
tt3531824,96.0,"[1632, 47706, 19671, 72441]",en,"[242, 1576, 11615, 12361, 18249, 201871, 212562, 235098, 246466, 325765]","[9648, 12, 80]",PG-13,1,2016,25488075.884650964,6,US
tt8178634,187.0,[68594],te,"[10084, 2020, 2434, 2831, 3230, 3538, 4107, 10194, 12995, 15060, 15126, 207876, 209365, 212864, 273967]","[28, 12, 18]",R,0,2022,75917177.88274206,3,IN
tt1798603,92.0,"[290, 49389, 14]",en,"[603, 65, 1991, 3289, 6490, 15094, 33451, 33656, 170499, 207317, 232431, 259376]","[35, 80, 9648]",R,0,2016,34878419.631627634,11,US
tt9883996,113.0,"[6705, 23949, 12177, 290, 99366]",en,"[1209, 6075, 2673, 3525, 9672, 155759, 209673]","[35, 18]",PG,0,2021,23763357.531633083,5,GB
tt2976182,146.0,"[166526, 3522]",hi,[],"[10749, 28, 18]",,1,2015,679.2395184653891,2,IN
tt3381008,83.0,"[5, 34034, 79, 10163, 443, 34620]",en,"[380, 1419, 470, 5653, 8132, 11724, 13042, 179430]","[28, 35]",R,0,2016,46951718.73488335,2,US
tt11214558,123.0,"[41077, 73669, 215974, 260754]",en,"[6075, 1803, 5565, 9672, 9917, 156306, 210608, 294708, 305168, 319799, 321464, 340972]","[18, 36, 28]",R,0,2025,50000000.0,10,US
tt22048412,103.0,"[41077, 225614, 103376]",en,"[445, 10292, 9663, 9826, 10232, 12339, 12396, 12570, 12670, 34053, 166323, 206191, 207046, 208289, 220378, 220389, 246926, 266244, 306600, 308664, 308773, 310396, 312271, 316332, 325811, 325847]","[27, 53]",R,0,2024,10263429.732856024,7,US
tt1609486,90.0,"[1302, 5, 22213]",en,"[15101, 209220, 220815, 230454, 275041, 325378]","[10751, 35, 12, 14]",PG,0,2024,41053718.931424096,7,US
tt13391708,103.0,"[11778, 5125, 856, 109756, 89695]",fr,"[4379, 9833, 10131, 187056, 217348, 229455, 235205, 299509]","[18, 14, 10749]",NR,0,2022,3707838.977751315,8,FR
tt1527793,139.0,"[199265, 34725, 123220]",ko,"[818, 10123, 9714, 9826, 156052, 191247, 198673, 199228, 208508]","[35, 80, 53]",R,1,2025,12200000.0,9,KR
tt2126235,99.0,"[1885, 84988, 7625, 10289, 56832]",en,"[10562, 14964]","[53, 28]",PG-13,0,2016,28841770.079999775,6,US
tt21317634,105.0,"[193159, 106810, 63369, 239194, 249368, 177499, 215935]",en,"[3070, 4289, 5248, 237463, 247799, 309422]","[28, 35]",R,0,2025,20000000.0,6,US
tt4939066,111.0,"[3965, 7036, 88607, 11590, 113206, 77994, 136989, 74238]",ko,"[3264, 9672, 12995, 213974, 231846, 231847, 231848, 231849, 260251]","[36, 18, 10752, 28]",R,1,2016,17036766.512371957,7,KR
tt2283336,114.0,"[56, 49325, 5, 81620]",en,"[212, 90, 3271, 7041, 9717, 9663, 14522, 14909, 41523, 164889, 167316, 197194, 222719, 257227]","[35, 878, 28, 12]",PG-13,0,2019,138531007.73804033,6,US
tt7159382,144.0,[14464],te,[220994],"[18, 10749, 35]",,1,2017,2758311.238494087,7,IN
tt2674426,110.0,"[12, 5219, 21]",en,"[894, 1415, 818, 392, 2679, 2564, 9840, 9673, 10241, 155209, 158558, 160404, 169152, 187056, 207819, 323809]","[18, 10749]",PG-13,1,2016,26829553.562790487,6,US
tt10039344,90.0,"[73118, 33, 47729]",en,"[428, 1825, 6152, 11001, 10980, 14999, 179431, 197582, 260780, 322255]","[27, 53]",PG-13,1,2019,8185923.184520565,10,US
tt28288786,156.0,"[148370, 54205, 113530]",ml,[9799],"[10749, 35]",,1,2024,390010.3298485289,2,IN
tt1034415,152.0,"[46344, 138012, 34982, 53085, 64061, 50498]",en,"[220, 1346, 292, 1475, 1228, 1755, 11627, 5086, 9714, 10551, 11322, 15001, 33934, 40931, 156174, 157351, 162745, 163129, 163210, 165244, 176561, 186747, 197582, 203360, 210162, 238137, 269233, 316832]","[27, 9648, 18]",R,0,2018,25644169.669068165,10,US
tt8772262,148.0,"[39407, 123620]",en,"[697, 4720, 2340, 1192, 6158, 11528, 9696, 10983, 10864, 11083, 18514, 164698, 172291, 177923, 185718, 208298, 209568, 224845, 241804, 243370, 246313, 253709, 253807, 312898]","[27, 18, 9648]",R,1,2019,11334355.178566936,7,US
tt15090124,83.0,[18616],en,"[782, 258, 9887, 4759, 10121, 161919, 199524, 202335, 273967, 298636]","[16, 14, 27, 878]",NR,0,2021,297041.96914541355,9,US
tt1697800,92.0,"[144803, 76629, 1632]",en,[],"[28, 35, 10749]",R,0,2021,4752671.506326617,7,US
tt7888964,92.0,"[121470, 86647, 123230]",en,"[782, 848, 1599, 8045, 3271, 9727, 13116, 14903, 18035, 174244, 179431, 285712, 290757, 372413, 373663]","[28, 53]",R,1,2021,19010686.025306467,3,US
tt1490785,123.0,"[13240, 41624]",en,"[727, 4344, 5565, 6782, 207883]","[10402, 18]",R,0,2016,17439209.815813817,2,US
tt8236336,119.0,"[122253, 149332, 99366, 150316]",en,"[591, 521, 1399, 5340, 5565, 9672, 13006, 161304, 179521, 188507, 209817, 214463, 262522]",[18],R,0,2019,10074982.380948387,9,US
tt6475714,103.0,"[7220, 47, 81620, 882, 265714]",en,"[11100, 11024, 12446, 18101, 41645, 196068, 196984, 211659, 325763, 325778, 325813, 325838, 325856]","[28, 14, 12]",PG-13,0,2020,74627334.1251046,12,CN
tt23561236,117.0,"[2531, 37871, 787, 221959]",en,"[380, 1680, 1731, 3060, 10123, 8201, 5903, 10041, 8802, 12279, 158718, 163178, 203322, 210434, 222186, 239797, 240237, 241927, 276605, 281585, 284182, 293649, 325761, 325772, 325773, 325778, 325787, 325795, 325806, 325831, 325847, 325857]","[35, 18]",R,0,2023,16906267.8918637,11,US
tt5463162,119.0,"[104228, 28788, 25, 7505]",en,"[1701, 9715, 1852, 3070, 9717, 9663, 11687, 179430, 179431, 325832]","[28, 35, 12]",R,1,2018,141042933.1798749,5,US
tt10986222,109.0,"[41077, 160472]",en,"[242, 2411, 4434, 12670, 12999, 15025, 157955, 164193, 176227, 220448, 240485, 322204]",[18],R,0,2021,9861793.37562773,11,US
tt1628841,120.0,"[25, 22213, 347, 86561]",en,"[9663, 9951, 14909]","[28, 12, 878]",PG-13,0,2016,221343816.89302152,6,US
tt7095482,132.0,"[29566, 5125, 67412, 7680, 117221, 91991, 117222, 117223, 61358]",es,"[514, 417, 4373, 6083, 10202, 44042]","[53, 9648, 18]",,0,2018,5837510.562618332,9,ES
tt3922818,120.0,"[85283, 30131, 47729, 61241, 3393, 33]",en,"[2964, 839, 3388, 11860, 14760, 18425, 232225]","[10749, 12, 878, 18]",PG-13,0,2017,39404446.264201246,1,US
tt5078852,119.0,"[153438, 137373, 5113, 171436, 96310, 142122, 6626]",en,"[3149, 9730, 6220, 10291, 178895, 190636, 265594, 265595, 282151, 282152, 325771, 325790, 325808]","[80, 18, 53]",R,0,2021,5940839.382908271,6,US
tt8649252,84.0,"[58085, 7281, 288, 52352]",en,"[212, 9872, 14604, 157213, 187056, 240303]","[35, 18]",NR,1,2023,88.75790643228441,8,GB
tt1502407,106.0,"[33, 3172, 15822, 20848, 14]",en,"[447, 2754, 3335, 4728, 1245, 9663, 9826, 10059, 10714, 12339, 13112, 202371, 207159, 323756]","[27, 53]",R,1,2018,12822084.834534083,10,US
tt1684562,126.0,"[121470, 78984, 33, 144037]",en,"[5656, 886, 5956, 156091, 179430, 179431, 247799, 269769, 373350, 373351, 373352, 373353, 373354, 373355, 373356]","[28, 35, 10749]",PG-13,0,2024,128292871.6607003,4,US
tt0437086,122.0,"[10807, 574, 25, 22213]",en,"[779, 801, 2660, 4565, 2006, 9715, 12190, 12375, 13141, 239110, 245230, 248862, 325851, 367457]","[28, 878, 12]",PG-13,0,2019,214093375.59515324,1,US
tt29567915,148.0,"[86382, 10221, 166380, 34982, 282266]",en,"[818, 1956, 4172, 9672, 4441, 160224, 192772, 207883, 362860]","[36, 18]",PG-13,1,2025,11800000.0,11,US
tt20222166,83.0,[97],en,"[8201, 9663, 11800, 9824, 18001, 190069, 240462, 252201, 259376, 296093, 322268, 331381]","[35, 10402]",R,0,2025,22600000.0,9,US
tt6316138,125.0,[94806],tr,"[2468, 3264, 11029, 13014, 208400, 239170, 239171, 239172, 239173]","[18, 10752, 36]",PG-13,1,2017,5516622.476988174,10,TR
tt4575576,104.0,"[2, 23644]",en,"[5774, 18035, 18165, 156597, 157955, 209220, 240303, 245230, 246361]","[12, 35, 10751, 14]",PG,1,2018,96165636.25900562,8,US
tt7054636,109.0,[3096],en,"[3739, 2495, 6625, 9663, 15378, 18035, 18187, 246126]",[35],PG-13,1,2019,25187455.952370968,3,US
tt3722070,104.0,"[288, 559]",en,"[4580, 212, 818, 392, 2981, 5565, 9672, 9181, 12987]","[35, 18]",PG-13,1,2015,8150874.221584669,10,GB
tt5540992,90.0,"[97, 100460, 68413, 6626]",en,"[736, 15087, 161304, 206515]","[36, 18, 53]",R,0,2017,20358963.90317064,12,US
tt4614612,154.0,"[6705, 9987, 10100, 7281]",en,"[9672, 14546, 15060, 159862, 192772, 207928, 298625, 353839]","[36, 18]",PG-13,0,2018,23079752.70216135,11,GB
tt2660888,122.0,"[82819, 4, 11461, 34530, 83644]",en,"[1612, 9663, 9743, 158449, 161176, 195114]","[28, 12, 878]",PG-13,0,2016,248173370.455812,7,US
tt1524575,91.0,"[1632, 126, 20851, 58399]",en,"[2626, 2470, 8685, 159940, 197776, 298080, 301391]","[53, 27]",R,0,2015,17660227.480100118,7,US
tt9894470,92.0,"[53472, 29366, 123740, 6626, 108781, 49471]",en,"[2231, 1543, 10292, 10726, 14964, 162199, 162914, 256550, 262826]","[28, 80, 27, 53]",NR,0,2019,1259372.7976185484,9,US
tt11655202,116.0,"[8288, 76, 2801]",da,"[6009, 4619, 9748, 13008, 240303]","[28, 35, 18, 53]",NR,0,2020,6592081.181050907,11,DK
tt11466222,96.0,"[4, 6329, 6328]",en,"[5452, 5956, 50244, 157434, 168701, 188472, 202371, 255178, 281445, 291807, 297139, 309974, 331791]","[28, 35, 99]",R,1,2022,11002489.548223486,2,US
tt3678782,134.0,"[86699, 3653]",hi,[9748],"[80, 53, 28, 18]",,1,2015,5026372.436643879,2,IN
tt4972582,117.0,"[12236, 3172]",en,"[516, 276, 1930, 10292, 9663, 10333, 10809, 33637, 41329, 156761, 169411, 208370, 212803, 295907, 324886, 325791, 325818]","[27, 53]",PG-13,1,2017,11821333.879260372,1,US
tt0475290,106.0,"[10163, 2092, 33]",en,"[736, 1336, 977, 1930, 5049, 9732, 10941, 12396, 12570, 15060, 33490, 162262, 208611, 227561, 325815, 325819]","[35, 9648]",PG-13,1,2016,29512508.919069536,2,US
tt4981966,164.0,"[12630, 55821]",ta,[4379],"[28, 878, 53]",,0,2016,13414776.781395243,5,IN
tt1086064,91.0,"[100640, 106754, 20658, 8854, 11131, 32554, 267168]",en,"[953, 4379, 9663, 179430, 240303, 256328]","[35, 878, 12, 10402]",PG-13,0,2020,31094722.552126918,8,US
tt2762506,131.0,"[53727, 94, 13969, 8997, 13573, 7764, 9171, 2433]",pt,"[571, 836, 4970, 158217, 186823, 258228, 266014]","[9648, 37, 53]",,0,2019,1800903.1005945243,8,BR
tt2114504,91.0,"[33, 17009, 5556]",en,[178298],"[35, 10751, 16]",PG,0,2017,13134815.421400415,10,US
tt6850820,101.0,"[47729, 126, 3393, 33]",en,"[732, 4129, 1227, 772, 1812, 992, 2968, 7464, 9856, 9748, 9826, 7002, 10175, 11734, 11612, 13006, 165314, 186718, 202371, 241737, 249157, 249159]","[28, 53]",R,0,2018,32055212.086335205,9,US
tt4823776,91.0,"[8921, 2348, 24955, 4, 2531, 8649, 199314]",en,"[9977, 269769]","[12, 16, 35, 10751, 14]",PG,0,2020,74627334.1251046,8,US
tt35222590,95.0,"[882, 39804, 128616, 11849, 270390, 145105, 270391, 270392]",ja,"[6502, 41645, 163053, 181165, 197062, 266753, 267876, 269808, 272553, 281917, 288061, 295907, 306411, 325777, 325839, 332022, 367082, 371388]","[27, 9648]",PG-13,1,2025,1400000.0,8,JP
tt31193791,88.0,"[149330, 168240, 76629, 52053]",en,"[5248, 11322, 14570, 33928, 156221, 187056, 240315]",[18],R,1,2024,2052685.9465712048,12,US
tt5816374,91.0,"[72725, 50080]",en,"[5625, 10226, 187056]","[35, 18, 10402]",R,0,2017,13134815.421400415,6,US
tt10403420,138.0,"[84591, 114220, 15157, 213025, 215195]",en,"[3335, 3199, 10292, 6506, 9663, 12339, 15127, 162810, 176691, 179431, 191327, 232795, 257285, 281237, 306196, 311315]",[27],NR,1,2022,275062.23870558717,10,US
tt1895587,129.0,"[6735, 10039, 42421, 75807, 10427]",en,"[2337, 1196, 918, 736, 516, 6148, 934, 1680, 917, 2943, 4399, 9672, 9665, 10093, 10410, 10909, 12995, 15208, 18396, 157008, 158718, 161207, 161304, 165615, 172683, 195240, 204357, 276605, 309426, 316832, 325842, 325854]","[18, 36]",R,1,2015,27169580.738615565,11,US
tt6931658,131.0,"[27133, 213755]",ko,"[782, 5265, 470, 2051, 4289, 208289, 254325, 261681, 267761, 283712, 325252]","[28, 9648, 18]",,0,2022,18704232.231979925,8,KR
tt20234774,100.0,"[2376, 167259, 6705, 165934, 113521]",en,"[240422, 320420, 325761, 325782]","[35, 18, 9648]",R,0,2024,12931921.46339859,2,GB
tt14883538,88.0,"[172827, 157532, 591, 169960, 149522]",fr,"[2803, 4379, 10235, 11208, 211158, 238508, 244256, 250049, 281237, 291888, 298517, 324016, 325786, 325856, 342549]","[12, 16, 10751, 878]",PG,0,2025,10000000.0,10,FR
tt12908150,111.0,"[1224, 230188, 210819, 7493]",en,"[9914, 10163, 34079, 156866, 229787, 298758, 323248, 342815]","[14, 18]",R,0,2025,25000000.0,6,US
tt9150192,116.0,"[118475, 219295, 218150, 166120, 22146, 181874, 253169]",en,"[818, 1930, 7002, 156091, 175056, 188326, 298582]","[28, 80, 53]",R,0,2025,40000000.0,3,US
tt3312830,124.0,"[1533, 6246, 101485, 7981, 11752, 6663, 83, 6705]",it,"[612, 596, 110, 1233, 1223, 888, 2317, 2803, 6876, 4995, 8181, 14530, 157187, 160175, 164920, 201008, 235736, 241930, 244229, 261264, 265547, 309974, 325761, 325762]","[35, 18, 10749]",R,0,2015,18149279.933395196,5,IT
tt1014763,137.0,"[491, 9015, 1632, 221347]",en,"[818, 1468, 2111, 9826, 10714, 162365, 191543, 208611]","[80, 53]",R,0,2015,67923951.84653892,3,US
tt6857166,104.0,"[76901, 197937, 100640]",en,"[1605, 934, 4129, 5248, 7567, 18293, 180778, 242454, 313129]","[10749, 35, 18]",PG-13,1,2018,12822084.834534083,5,US
tt7286966,82.0,"[92109, 87067]",en,"[3800, 585, 10051, 10184, 11061, 273612]","[28, 80, 53]",R,0,2020,707023.0948679473,9,US
tt10701074,167.0,"[35124, 3118, 243878]",ta,"[818, 5515, 12995, 189092, 209365, 235499, 239118]","[28, 12, 36]",,0,2022,32457344.167259283,9,IN
tt18926098,154.0,[35124],ta,"[9714, 163221, 186827, 208331, 209993, 312949, 323982, 337284, 346408]","[28, 18, 9648, 53, 80]",,0,2025,21700000.0,2,IN
tt8652728,135.0,"[41077, 13240, 27543, 251611]",en,"[6270, 1196, 802, 3446, 5970, 6203, 10683, 9872, 10614, 10131, 14602, 34059, 162928, 205734, 226344, 237105, 240119, 240303, 240485, 256015, 262144, 265586, 269736, 292860, 328096]","[10749, 18]",R,0,2019,7556236.785711291,11,US
tt8266310,118.0,"[7620, 290, 83024, 119595, 118715, 12, 100640]",en,"[9672, 10683, 187056, 208289, 266601, 296608]","[18, 35]",PG-13,0,2019,10452794.220233953,8,GB
tt4833824,135.0,[57599],kn,[],[53],,1,2015,991689.6969594681,8,IN
tt3462710,100.0,"[813, 41624]",en,"[387, 931, 447, 5625, 155778, 156279, 163758, 165547, 172274, 187056, 198694, 224876, 238144, 253507, 295809, 306894, 307891, 311280, 321464, 326268, 336438, 336440, 336442, 336443, 336447, 336448]","[18, 53]",R,0,2017,15761778.505680498,3,US
tt28996126,89.0,"[33, 121470, 86647, 123230]",en,"[10123, 4553, 9663, 13116, 14724, 214652, 349450, 364481, 369549, 372503, 372504, 372508, 372509, 373664, 373665]","[28, 53, 35]",R,0,2025,25000000.0,8,US
tt12810074,99.0,"[13184, 153856, 140323, 41640]",en,"[818, 4232, 8201, 156597, 158276, 170189, 176227, 259376, 283085]","[35, 27]",R,0,2024,20526859.465712048,12,US
tt32304349,94.0,"[10039, 218254, 171993, 831, 146684, 107356]",en,"[6150, 1200, 2365, 45141, 162706, 182550, 228290, 230097, 256183, 282071, 288870, 325776, 325829, 329866, 348144, 362031]","[27, 14]",R,0,2025,10000000.0,11,GB
tt33022710,95.0,"[67660, 261689, 96496, 7521, 233430, 261690, 234219, 261691, 261694, 261695, 234221, 261696]",en,"[270, 2210, 14756, 18330, 182147, 210624, 221355, 232412, 238329, 239155, 240075, 247510, 248757, 254028, 257318, 268809, 274947, 311826]",[99],,0,2025,5100000.0,5,GB
tt21807222,118.0,"[2061, 6680, 299164]",en,"[534, 1547, 4426, 483, 10292, 9663, 10453, 10163, 11454, 10714, 13006, 14964, 50009, 179431, 234766, 280009, 295702]","[27, 9648]",R,1,2023,13736342.662139256,9,US
tt8155288,100.0,"[96377, 3172, 1778, 33]",en,"[6259, 3616, 9663, 9826, 10854, 12339, 13160, 179430, 238142]","[35, 27, 878]",PG-13,1,2019,11334355.178566936,2,US
tt6566576,107.0,[7076],en,"[616, 818, 6490, 9826, 10541, 10809, 12339, 14964, 40931, 158718, 201456, 202371, 210608, 251667, 311315, 325821]","[27, 9648, 18]",R,1,2021,11881678.765816541,6,US
tt23177868,88.0,"[11652, 37209, 152416, 152417, 58323, 29566]",es,"[1160, 212, 2598, 2904, 3339, 4344, 7578, 41586, 157894, 179430, 189092, 220475]","[16, 12, 14, 10751]",PG,1,2023,12679700.918897774,1,ES
tt9051908,102.0,"[11752, 6705, 187663, 9987, 52059, 2680, 18230, 2801, 187664]",en,"[212, 6564, 9714, 15060, 160224, 208611, 309426]",[18],PG-13,0,2022,11002489.548223486,11,GB
tt4537896,111.0,"[77863, 7503, 75017, 5, 47169]",en,"[1601, 2149, 1812, 9672, 14856, 18021, 208289]","[80, 18]",R,0,2018,37184046.020148836,9,US
tt31945132,168.0,"[55821, 95823]",ta,"[3149, 4238, 9748, 200918, 202371, 210608, 226753, 234110]","[10749, 28, 18, 80]",NR,0,2025,7600000.0,4,IN
tt4481514,88.0,"[79, 12, 4740, 17393]",en,"[585, 10594, 10226]","[35, 80]",R,0,2017,52539261.68560166,6,US
tt5580390,123.0,"[101082, 43, 81023, 22213]",en,"[6086, 3205, 2106, 6152, 2672, 10124, 13014, 14760, 156597, 156702, 188953, 208992, 209673, 212760, 239797, 241941, 241942, 325830, 359767]","[18, 14, 10749]",R,1,2017,25612890.071730807,12,US
tt17527468,91.0,"[12365, 267168]",en,"[6270, 2920, 5248, 6733, 10683, 10809, 15301, 33910, 155722, 158718, 170827, 179431, 184239, 197083, 213120, 239553, 259376, 293649, 297139, 319397, 325765, 325791, 325813]",[35],R,0,2023,11940051.698628737,8,US
tt6902676,98.0,"[25838, 17761, 112609, 94694, 67260, 290, 19037, 19332, 67258, 294]",en,"[1701, 1527, 6614, 10978, 12371, 14901, 157376, 170195, 224393, 230061, 246238, 250200, 259403, 283874, 295702, 312898]","[28, 35, 80, 53]",R,0,2020,18656833.53127615,2,US
tt21232992,92.0,"[77152, 99366, 123244]",en,"[6054, 732, 5767, 4344, 11663, 14529, 40865, 187056, 209792, 259376, 268132, 284103, 285695, 288816, 290395, 319319, 319397, 320420, 325781, 325804, 325813]",[35],PG-13,0,2023,5283208.716207406,7,US
tt15380630,163.0,[69125],te,[],"[10749, 35, 18]",NR,0,2023,6656842.982421331,8,IN
tt6511932,95.0,"[76314, 149332, 230259, 52059, 78780, 10039, 47169]",en,"[1196, 966, 416, 5933, 11678, 13027, 13028, 13063, 33457, 54169, 176127, 217421, 240303, 281585, 302399, 337161]","[35, 18]",R,0,2019,6296863.988092742,3,US
tt6003368,91.0,"[22213, 5420, 711]",en,"[7312, 15101, 18035, 325800, 325803]","[12, 35, 10751]",PG,0,2017,28896593.92708091,5,US
tt3628584,111.0,"[12, 2780, 21, 3356]",en,"[520, 542, 9663, 33905, 158192, 163096, 189368, 197361, 315310, 325806]","[35, 18]",PG-13,1,2016,26829553.562790487,4,US
tt9411972,125.0,"[130405, 105382, 137357]",en,"[818, 2679, 6733, 7464, 10683, 10349, 10303, 157303, 162775, 164698, 171556, 179014, 182662, 207046, 207240, 208992, 211044, 214780, 233361, 252051, 304917, 325773]","[18, 9648, 10749]",PG-13,1,2022,26405974.915736366,7,US
tt4731136,146.0,"[508, 10104, 10262]",en,"[3762, 2726, 1223, 1262, 5409, 6021, 3721, 14781, 14791, 14964, 158169, 160176, 160929, 180443, 207819, 232505, 232837, 232844, 287274]","[27, 9648, 878]",R,0,2017,52539261.68560166,2,US
tt5690360,93.0,"[12199, 34982, 3287]",en,"[1415, 1700, 6152, 5774, 9955, 11615, 13073, 156091, 215303, 325798]","[27, 9648, 53]",PG-13,1,2018,12822084.834534083,5,US
tt5535276,129.0,"[56, 89312, 23243, 201152]",en,"[1157, 837, 2317, 6038, 5565, 9672, 9673, 15126, 158718, 207883, 287648, 292593, 360934]","[18, 10749, 10402]",R,0,2023,84531339.45931849,11,US
tt3272066,116.0,"[7493, 11370, 103490, 174]",en,"[416, 1803, 2411, 9856, 9826, 10937, 178657, 187056, 202760, 207268, 323809, 325787, 325843]","[9648, 878, 53]",PG-13,0,2021,80795415.60755248,8,US
tt5941692,104.0,"[5, 1719, 11581]",en,"[534, 417, 9714, 10291, 10175, 15354, 156661, 166462, 369549, 369550, 371709, 372070, 372492, 372494, 372495, 373564]",[28],PG-13,0,2019,18890591.96427823,1,US
tt8637428,100.0,"[188, 1473, 118246, 146336]",en,"[1158, 10235, 13027, 14534, 14988, 18187, 164039, 179485, 182657, 185740, 187056, 209121, 224394, 264784, 273297, 280028, 311315]","[35, 18]",PG,1,2019,315221.0112439227,7,US
tt7740496,150.0,"[127929, 101082]",en,"[1326, 818, 128, 2591, 1310, 2348, 2251, 6152, 3473, 10453, 9826, 10718, 33457, 159607, 163186, 163964, 207268, 207545, 207883, 210530, 239559, 312898]","[80, 18, 53]",R,0,2021,71290072.59489925,12,US
tt8305806,95.0,[136527],en,"[616, 9678, 9712, 9720, 10226, 11399, 156174, 162521, 163963, 229863, 256183, 293381, 323345, 326714, 338361, 367716, 367731, 367732, 367733, 367734]","[27, 9648, 53]",NR,1,2019,83118.6046428242,12,US
tt11456054,109.0,"[148930, 123740, 117747, 120143]",en,"[6270, 1701, 1543, 627, 2803, 9826, 10950, 14601, 171676, 192241, 208156, 210434, 225219, 281659, 314730, 325776, 325791, 325802, 325814, 325816, 325817, 325818, 325825, 325829]","[28, 80, 53]",R,0,2021,2376335.7531633084,6,US
tt8093700,135.0,"[559, 64469, 8147, 173612, 207837]",en,"[409, 2692, 3389, 9672, 163120, 179431, 187056, 191316, 202371, 207928, 208556, 221137, 229607, 234980, 265270, 294348, 315310, 325761, 325781, 325785, 325812]","[28, 18, 36, 10752]",PG-13,0,2022,55012447.74111743,9,US
tt6710474,139.0,"[93105, 106544, 114130, 161506, 41077]",en,"[456, 779, 780, 1541, 490, 2200, 3292, 9887, 6183, 13159, 14988, 15160, 18035, 158718, 167888, 179321, 227943, 239797, 240315, 247799, 280028, 281585, 293750, 295011, 299365, 319319, 321464, 325775, 325816, 325844]","[28, 12, 878]",R,1,2022,27506223.870558716,3,US
tt1517451,136.0,"[174, 81368, 21, 16774, 975, 83036]",en,"[6029, 727, 828, 3490, 1824, 837, 2276, 6782, 7464, 6562, 9714, 10228, 10229, 10232, 10283, 13072, 15320, 33457, 169333, 227510, 233607, 255059, 258828, 324429, 325761]","[10402, 18, 10749]",R,1,2018,46159505.4043227,10,US
tt2837574,93.0,"[51513, 1205, 2870, 14634, 316, 168181]",en,"[974, 1812, 1556, 9672, 10051, 15363, 159422, 177071, 191047, 207268, 208289, 208747, 214388, 239275, 250366, 250367, 250368]","[35, 80, 18]",PG-13,0,2018,20258894.03856385,9,US
tt13751694,204.0,"[3522, 94245, 215410]",hi,"[5572, 10950, 18320, 156650, 188955, 219404, 226774, 233083]","[28, 80, 18]",R,1,2023,13736342.662139256,12,IN
tt3811906,111.0,"[12, 76907, 141525, 206855]",en,"[1566, 1299, 879, 703, 2350, 10292, 9826, 10629, 10714, 11612, 17986, 177185, 207046, 241738, 282933, 283085, 323449]","[27, 9648]",R,0,2021,47526715.063266166,9,US
tt10314450,93.0,"[75355, 18609, 75357, 130900, 65649, 130899]",en,"[1468, 4058, 10292, 7118, 9826, 3623, 13006, 14903, 15234, 158176, 159803, 164555, 196759, 245835]","[53, 27, 28]",R,0,2020,6218944.510425384,7,US
tt7401588,118.0,"[8537, 4, 8536]",en,"[3012, 2438, 2393, 9672, 15025, 17984, 155582, 158718, 185974, 192555, 325784]","[35, 18]",PG-13,1,2018,61546007.20576359,11,US
tt4400994,111.0,"[84955, 33556, 15455, 2830]",en,"[33457, 34042, 184975, 292651, 292652, 292656, 372295, 372296, 372297, 372298, 372299, 372300, 372301, 372302, 373998]",[37],R,0,2017,10507852.337120332,12,US
tt9208444,92.0,"[21213, 121893]",en,"[9864, 193532]",[35],PG-13,1,2020,3731366.70625523,2,US
tt9231040,122.0,[1976],en,"[2356, 818, 6536, 1897, 207928, 210810, 217452, 282253, 305941, 308993, 360488]","[18, 37]",PG-13,0,2020,2487577.8041701536,3,US
tt3721936,163.0,"[7281, 19640, 6705, 6531, 57430]",en,"[612, 4580, 2407, 7312, 9840, 9727, 9789, 10776, 10809, 11016, 156117, 170869, 187056, 188237, 195268, 214388, 325787]",[18],R,0,2016,4695171.873488335,9,US
tt18382850,113.0,"[41077, 243162, 208363, 247337]",en,"[612, 2726, 9398, 11322, 169725, 176227, 187056, 244298, 309029, 339760, 358985]",[18],R,0,2025,1500000.0,10,US
tt1638355,116.0,"[23202, 1302, 41624, 174]",en,"[591, 470, 2106, 3278, 9714, 164246, 167316, 190654, 197822]","[35, 28, 12]",PG-13,0,2015,101885927.76980837,8,US
tt5606664,152.0,"[829, 1224, 174]",en,"[612, 818, 6152, 3358, 4232, 9663, 9815, 225219, 316832, 325786]","[27, 14]",R,0,2019,56671775.89283468,10,US
tt3315342,137.0,"[91797, 431, 28788, 25, 7505, 22213]",en,"[2964, 1706, 4978, 1824, 679, 4565, 9715, 1852, 7312, 9717, 9663, 33637, 168713, 181053, 207372, 215540, 233820, 311315, 325811]","[28, 18, 878]",R,1,2017,127407709.58758402,2,US
tt27489557,109.0,"[130448, 126588, 33, 19367]",en,"[1336, 3133, 1930, 3335, 10123, 9668, 15032, 18508, 187256, 223252, 261274, 301444]","[27, 53]",R,0,2024,28737603.251996867,4,US
tt9032400,156.0,[420],en,"[83, 9715, 6152, 9717, 9951, 33637, 158718, 179430, 180547, 187056, 188953, 189119, 244445]","[878, 28, 12]",PG-13,0,2021,237633575.31633082,11,US
tt1679335,92.0,[521],en,"[6054, 1899, 3289, 4344, 10542, 11173, 179430, 179431, 208349, 286529]","[10751, 16, 14, 12, 35, 10402]",PG,1,2016,167684709.76744056,10,US
tt9742794,118.0,"[122844, 10128, 90562, 21632, 67412, 120257, 2674]",en,"[744, 1477, 10051, 155445, 215470, 239663]","[18, 28, 53]",R,0,2021,17822518.148724813,3,FR
tt9071322,126.0,"[6735, 212767, 1422, 10146]",en,"[6305, 2968, 5565, 9672, 7335, 8232, 10163, 10909, 15208, 154846, 163212, 182058, 197582, 201456, 210162, 210608, 211659, 239275, 251667, 254459, 270021, 270023, 270813, 314730, 315053, 325817, 325839]","[18, 53]",PG-13,0,2019,25187455.952370968,11,US
tt3236120,92.0,"[52738, 52739, 8714]",en,"[6054, 4129, 1422, 2702, 6203, 6563, 9673, 10229, 155939, 163512, 166256, 218099, 240315, 243248, 273867, 278462, 297289, 308996]","[18, 35]",PG-13,1,2015,1358479.0369307783,5,US
tt12753120,104.0,"[3079, 35212, 38072]",no,"[6939, 41500, 181011, 188351]","[28, 53, 18]",PG-13,0,2021,9861793.37562773,10,NO
tt1502397,124.0,"[5, 84792, 10288, 907]",en,"[534, 416, 703, 5424, 9663, 9777, 9826, 10175, 11148, 15167, 167316, 217452, 219404, 224876, 225219, 311315]","[53, 28, 80]",R,1,2020,111941001.18765691,1,US
tt28671344,98.0,"[175756, 9987, 229418, 200342, 1632]",en,"[1546, 9663, 11612, 12339, 161184, 358773]","[27, 53]",R,1,2025,8000000.0,9,US
tt1850457,118.0,[26402],en,"[380, 33574, 210597]",[35],R,1,2015,40754371.107923344,12,US
tt9844522,88.0,"[333, 5, 41032]",en,"[9663, 221867, 240252, 295702]","[27, 53, 9648]",PG-13,1,2021,17822518.148724813,7,US
tt3735246,158.0,"[3653, 95250]",hi,"[1157, 9672, 9840, 9673, 14643, 15060, 160279, 192913, 240237]","[36, 10749, 18]",,1,2015,26490341.220150176,12,IN
tt1799516,87.0,"[3172, 103536]",en,"[15162, 161184, 191591]","[18, 10751, 12, 80]",PG,0,2018,7693250.900720449,3,US
tt3172532,102.0,"[41640, 3916, 178404]",en,"[582, 1228, 9717, 10683, 10809, 14669, 18712, 156777, 184924, 187056, 197758]","[18, 10749, 35]",R,0,2015,2716958.0738615566,8,US
tt4630562,136.0,"[333, 1225, 33]",en,"[242, 339, 11107, 9663, 9666, 10085, 18023, 155755, 286354, 325778]","[28, 80, 53]",PG-13,1,2017,328370385.53501034,4,US
tt8244784,90.0,"[3172, 33]",en,"[10123, 10292, 8201, 10349, 9826, 50009, 264792, 295702]","[28, 53, 27]",R,0,2020,17413044.629191075,3,US
tt9224288,94.0,"[7625, 70, 135278, 190403, 116265]",en,"[236, 128, 8201, 187056, 253419, 293658]","[35, 18]",R,0,2021,5940839.382908271,5,US
tt8267604,126.0,"[54268, 103361, 2280, 547, 77154, 10443, 8469, 137905]",ar,"[516, 100, 972, 2233, 7925, 7335, 12423, 12987, 229684, 235085]",[18],,1,2018,5128833.9338136325,9,LB
tt6218010,120.0,"[318, 74107, 130900, 136871, 90658, 136872, 136873, 136874, 136875, 2270, 76049]",ru,"[2803, 9663, 173971, 208327, 225012, 259376, 281585, 293649, 324713, 325761, 325765, 325770, 325771, 325781, 325786, 325807, 325813, 325814, 325853, 325856]","[28, 12, 10751, 14]",PG-13,0,2019,61709267.083308876,8,RU
tt10098288,134.0,"[86699, 115477]",hi,[],"[27, 35]",,0,2021,4871488.293984782,3,IN
tt3702652,96.0,"[65607, 65608, 65609, 65610, 9987, 85653]",en,"[4720, 14636, 34079, 172291, 204959]","[27, 53]",R,1,2016,6707388.390697622,2,US
tt4925292,94.0,"[93105, 258, 78984]",en,"[6054, 11254, 10683, 10049, 11710, 10809, 12392, 14549, 33910, 34125, 157303, 165402, 172112, 187056, 240303, 240315, 240736, 252104, 281585]","[18, 35]",R,1,2017,13134815.421400415,9,US
tt8376234,93.0,"[5, 7291, 8089, 2531, 84792]",en,"[15101, 15199]","[35, 10751, 12]",PG,1,2021,53467554.446174435,3,AU
tt6044910,123.0,"[109465, 76473, 30148, 25660, 20542, 5548]",zh,"[478, 1422, 1261, 156117, 208841, 229231]","[28, 12, 80, 10752]",R,1,2016,40512625.879813634,9,CN
tt18069420,89.0,"[24955, 95063, 152873, 216687, 267222, 267223, 4]",en,"[4344, 7939, 9717, 200234, 209220, 223232, 235261, 325765, 325836]","[16, 10751, 14]",PG,0,2025,58000000.0,6,US
tt8333746,125.0,"[53334, 11561, 5125, 155990, 176106]",it,"[818, 15101, 209673, 225219, 324713, 376005]","[18, 10751, 14]",PG-13,0,2019,15616222.69047,12,IT
tt9100018,88.0,"[16615, 829, 1632, 221429]",en,"[3030, 3335, 10041, 12198, 9866, 14999, 15001, 170378, 234125]",[27],R,0,2023,13736342.662139256,7,US
tt6107548,102.0,"[7493, 104363, 215160, 787, 81121]",en,"[3741, 837, 4427, 7271, 183126, 187056, 188305, 190179, 221296, 228676, 235220, 242216, 247152, 295809, 322210]","[35, 18]",R,1,2019,5037491.190474194,1,US
tt1462764,154.0,[1],en,"[4232, 6956, 5049, 9663, 9856, 18109, 41586, 175428, 208992, 279911, 325778, 325811]","[12, 28]",PG-13,0,2023,311392321.7332645,6,US
tt5956100,161.0,"[1569, 13016, 145770]",hi,"[1562, 18233, 185684]","[28, 12, 53]",,1,2017,24956149.300660785,12,IN
tt5970844,164.0,"[1569, 19108, 6854, 15357]",hi,[],"[12, 28]",,0,2018,39748462.98705565,11,IN
tt11245972,114.0,"[4, 130448, 126588, 143790]",en,"[2546, 2013, 3298, 9663, 9826, 11870, 10714, 11612, 12339, 12570, 17987, 155808, 161184, 177695, 185201, 207046, 210772, 220266, 220455, 226344, 234906, 241738, 260905, 283118]","[27, 9648]",R,1,2022,26405974.915736366,1,US
tt5525650,173.0,"[170875, 120159, 218091, 111629]",ml,"[818, 9672, 156091, 178097, 323600]","[18, 12]",,0,2024,10058161.138198903,3,IN
tt20465746,124.0,"[115535, 18156, 64061, 128102]",it,[],"[53, 80]",,0,2023,10038096.560794072,3,IT
tt22050754,91.0,"[200342, 175756, 9987, 229418, 1632]",en,"[2546, 9714, 9826, 12339, 14903, 161184, 325783]","[27, 53]",R,1,2024,8723915.272927621,5,US
tt2441982,110.0,"[9, 9053]",fr,"[2652, 3098, 4379, 227888]","[35, 14]",,0,2016,34702452.63867536,3,FR
tt1285009,85.0,"[102836, 102837, 32554, 134, 36109, 179335, 290]",en,"[7312, 8181, 9663, 9826, 10714, 12339, 14903, 33472, 156104, 170587, 173594, 232556, 240485, 241732, 295907]","[27, 53]",R,1,2018,16027606.043167602,3,US
tt4633694,117.0,"[5, 77973, 84041, 2251, 14439, 7505]",en,"[9715, 9717, 179430, 245157]","[16, 28, 12, 878]",PG,1,2018,115398763.51080674,12,US
tt4566758,115.0,"[2, 103698, 89254]",en,"[779, 1701, 478, 3864, 9812, 14988, 156525, 185343, 209220, 238631, 245230, 325761, 325791, 325856]","[12, 14, 28]",PG-13,0,2020,248757780.41701534,9,US
tt6054758,159.0,"[86211, 78100]",kn,"[221135, 256330]","[35, 18]",,1,2016,754822.6599355475,12,IN
tt4486986,109.0,"[23644, 20613, 59824, 99435, 108353, 33]",en,"[1157, 107, 2587, 3432, 3434, 6946, 157572, 209574, 213833]","[9648, 53, 18]",R,0,2017,39404446.264201246,8,US
tt7394816,97.0,"[77079, 101890, 5218, 125094, 125066, 1632]",en,"[782, 2803, 5968, 33424, 181385, 202371, 224121, 238405, 325761, 325762, 325765, 325769, 325770, 325772, 325785, 325787, 325804, 325845, 325853]","[28, 12, 53]",,0,2019,11334355.178566936,12,US
tt6513120,108.0,"[10339, 11581, 73669, 6705, 28275, 21]",en,"[392, 6075, 5970, 5565, 9672, 12279, 18035, 180546]",[35],PG-13,1,2019,13853100.773804033,2,US
tt3262342,94.0,"[6550, 22153, 257534, 71114, 96220]",en,"[2679, 5340, 2968, 3344, 4232, 437, 6733, 161919, 181328, 197582, 207928, 210434, 211197, 211659, 232244, 239187, 269808, 281659, 311315, 325786, 325854]","[16, 18, 36]",PG-13,1,2017,7224148.481770228,6,PL
tt7329656,90.0,"[36109, 103529]",en,"[534, 269, 5566, 2988, 5160, 4578, 7994, 9663, 10809, 10503, 13031, 14785, 15097, 15098, 162715, 212430, 214517]","[27, 53]",PG-13,1,2019,15112473.571422582,8,US
tt2072233,95.0,"[829, 7493, 76314, 10427]",en,"[642, 1930, 3149, 11578, 10291, 11199, 11734, 14570, 321464, 325778]","[28, 80, 53]",R,0,2017,39404446.264201246,1,US
tt2347285,99.0,"[144002, 75470, 1632, 239573, 221429]",en,"[818, 65, 6733, 10041, 10683, 14857, 15101, 18071, 196953, 203322, 207317, 240862, 269672, 281237, 325762]","[35, 18, 10751]",PG,1,2024,10263429.732856024,11,US
tt4434004,148.0,"[3750, 7435, 5567]",hi,"[6149, 2570, 1803, 10229, 13005, 14964, 159299]","[80, 18]",R,0,2016,8022036.515274355,6,IN
tt5439812,86.0,"[1422, 91934, 7499]",en,"[1196, 828, 2398, 6593, 9672, 9834, 156478, 166678, 167043, 187056, 190178, 214985, 325810]","[35, 80, 18]",R,0,2021,5940839.382908271,6,US
tt12618926,123.0,"[49, 981]",es,"[456, 1003, 3725, 5509, 10937, 14768, 176227, 182711, 184595, 252639, 264386]",[18],R,0,2021,13069846.642398195,10,ES
tt9134216,96.0,"[8000, 2348, 96540, 10221, 4]",en,[192094],"[10751, 35]",PG,0,2019,37655246.6487946,11,US
tt7946836,132.0,"[175784, 81620, 48778, 162558]",zh,"[395, 3149, 295702]","[18, 28, 12, 53]",R,1,2018,160276.06043167601,6,CN
tt4196848,104.0,"[82598, 39644, 19456, 6626]",en,"[6054, 18035, 211659, 225219, 281585, 294348, 325820, 325824]",[18],PG-13,0,2016,10731821.425116194,9,US
tt10627720,110.0,"[17818, 121042, 153486, 167789]",zh,"[1721, 2343, 12554, 15001, 177895, 185343, 278823, 290656, 315535]","[16, 14, 12]",NR,1,2019,27706201.547608066,7,CN
tt7349662,135.0,"[923, 72725, 3172, 88934, 4319, 214539, 10146]",en,"[818, 529, 1228, 4243, 5565, 9672, 11199, 12425, 14641, 163079, 209044, 210434, 325791, 336291, 336995]","[80, 35, 18, 36]",R,1,2018,19233127.251801122,8,US
tt3319730,112.0,"[288, 2376, 113521]",en,"[392, 1436, 9672, 10596, 187294, 208992, 239441, 239682, 239683, 249144]","[18, 12]",PG-13,0,2018,23079752.70216135,2,US
tt3792960,114.0,"[2699, 9066, 11797, 15433, 45015, 71711, 71712, 78298, 792, 24430, 11997]",fr,"[3307, 9649]","[35, 14]",,0,2015,11818767.621297771,9,BE
tt1619029,100.0,"[8533, 7503, 21546, 8186, 856, 729, 261361]",en,"[441, 840, 4129, 4170, 5565, 5720, 8570, 9872, 11033, 165042, 170548, 175421, 192279, 208992]",[18],R,0,2016,12073299.103255719,12,US
tt6791350,150.0,"[420, 176762]",en,"[1701, 9715, 10125, 9717, 9663, 155030, 161176, 162881, 179430, 179431, 180547, 231295, 252634, 267488, 325806]","[878, 12, 28]",PG-13,1,2023,264160435.8103703,5,US
tt23137390,89.0,"[22146, 184023, 216431]",en,"[745, 131, 3725, 10093, 11322, 14765, 165470, 193282, 200234, 220815, 239680, 283085, 325811]","[27, 9648, 53]",R,1,2024,9237086.759570422,3,US
tt28142896,100.0,"[6896, 18626, 229487]",en,[],"[28, 12, 53]",R,0,2024,30790289.198568072,9,FR
tt1785635,91.0,"[59794, 5218, 7579, 52738, 54391, 66864, 86523, 96310]",en,"[236, 642, 974, 2492, 6152, 10224, 15363, 155445, 162846]","[27, 53]",,0,2017,6567407.710700207,9,US
tt22022452,96.0,[3],en,"[1647, 3444, 9663, 10159, 10809, 13073, 18047, 155624, 179430, 179431, 211269, 241752, 277029, 280263, 319397, 325772, 325782]","[16, 12, 35, 10751]",PG,1,2024,205268594.6571205,6,US
tt6320628,129.0,"[420, 84041, 5]",en,"[110, 1308, 9715, 6273, 1295, 9717, 9663, 9935, 179430, 179431, 180547, 180734, 196413, 213104]","[28, 12, 878]",PG-13,1,2019,201499647.61896774,6,US
tt17526714,141.0,"[10163, 233939, 221513]",en,"[613, 592, 1421, 2449, 1284, 10123, 3258, 8201, 4995, 6562, 11322, 12670, 157774, 163405, 170383, 172382, 187056, 202550, 214664, 228429, 233689, 251961, 283085, 287516, 293194, 295902, 325798]","[27, 878, 53]",R,1,2024,17961002.032498043,9,US
tt1321510,143.0,"[1785, 150841, 122645, 150842, 100640]",en,"[242, 1900, 2173, 2583, 2815, 12335, 4258, 4344, 10181, 9856, 9673, 9749, 11687, 10194, 12423, 18453, 34042, 162710, 163082, 167925, 168346, 171068, 174089, 179430, 186589, 190019, 196953, 223215, 240119, 240303, 240315, 296789, 311259, 312038, 338444, 352292]","[18, 10749]",PG-13,0,2021,65349233.211990975,6,US
tt5091612,110.0,"[356, 12686, 91331, 9, 7038, 133977, 92187, 31660, 12406, 12407]",fr,"[11489, 207883, 221285, 243959]","[10752, 18]",,0,2017,28108505.001796886,1,FR
tt10003008,88.0,"[22146, 91934]",en,"[1896, 1925, 1941, 6844, 9826, 10714, 178649, 209404, 230225, 233380, 237061, 321299, 331167]","[27, 53]",R,0,2020,4353261.157297769,7,US
tt2231253,92.0,"[59490, 45980, 972, 1632, 24049, 49969, 59488]",en,"[395, 3088, 9714, 14570]","[53, 80, 28]",R,0,2015,40754371.107923344,1,US
tt6212478,116.0,"[6705, 23949, 32300, 51860]",en,"[242, 3660, 295, 904, 2679, 3291, 4666, 5638, 9672, 10051, 9935, 13160, 14604, 18118, 174089]","[18, 80, 99]",R,0,2018,3846625.4503602246,6,US
tt5052448,104.0,"[88934, 3172, 72725]",en,"[1930, 2586, 2887, 10123, 3363, 3453, 8201, 7856, 9748, 10131, 10941, 12425, 12565, 155583, 156091, 168567, 189401, 225012, 232495, 251667, 281445, 325774, 325775]","[9648, 53, 27]",R,1,2017,5910666.939630186,2,US
tt24577462,84.0,"[3172, 1473]",en,"[310, 10041, 176834, 231185, 237646, 267689, 323910, 325841]","[27, 878, 53]",PG-13,0,2024,12316115.679427229,8,US
tt7074886,113.0,"[13240, 32157, 53152]",en,"[6078, 2944, 1981, 6083, 5565, 9672, 3692, 14720, 187306, 208289]","[18, 36]",R,0,2018,32055212.086335205,11,US
tt2637294,93.0,"[4, 21]",en,"[4563, 4379, 5455, 6410, 9663, 11830, 15111, 179431, 212784, 288422]",[35],R,0,2015,48905245.329508014,2,US
tt7541720,107.0,"[55120, 146398, 146399]",en,"[2231, 1646, 162810, 325781, 325800]","[10402, 18]",PG-13,0,2021,19010686.025306467,1,US
tt3766354,121.0,"[41096, 8151, 1423, 34, 44967, 2767, 5]",en,"[2231, 591, 570, 1930, 1562, 2215, 9663, 9748, 9826, 10726, 14546, 221233, 266013]","[28, 53, 80]",R,1,2018,79496925.9741113,7,US
tt3717490,124.0,"[1632, 11305, 76992, 12292, 72441]",en,"[1612, 2803, 6733, 33637, 155030, 158718, 161184, 166726, 173577, 269769, 325781, 325784]","[28, 12, 878]",PG-13,0,2017,137915561.92470434,3,US
tt4944596,127.0,"[7680, 50813, 281730]",es,"[744, 207268]","[53, 80, 18]",,0,2016,5365910.712558097,10,ES
tt3402236,114.0,"[1557, 28788, 25, 221347]",en,"[7376, 818, 110, 1992, 703, 5340, 3279, 4728, 1295, 9714, 9826, 10794, 12570, 13008, 14831, 160175, 207046, 214548, 234673, 335802]","[9648, 18, 80]",PG-13,1,2017,72241484.81770228,11,US
tt10640346,189.0,"[4, 2527, 184518, 187221, 224269]",en,"[2857, 395, 5305, 886, 1817, 2150, 4232, 5165, 7464, 12396, 33457, 33490, 162262, 188647, 207876, 227561, 233607, 267122, 291153, 325763, 325765]","[18, 35]",R,0,2022,85819418.4761432,12,US
tt8085790,109.0,"[49968, 33, 923, 114690, 214539]",en,"[6054, 1566, 4021, 6733, 174038, 210540, 229871, 246126, 303756, 325189, 342414]","[35, 14, 10749]",PG-13,0,2019,25187455.952370968,4,US
tt2112096,91.0,"[41115, 43, 22213, 5654, 288, 67242]",en,"[212, 919, 5248, 9813, 12392, 15479, 40879, 158718, 164039, 173277, 179430, 187056, 219984, 234902, 236227, 240315, 269769]",[35],R,1,2016,13414776.781395243,7,US
tt4975920,100.0,"[22876, 6573]",en,"[798, 9672, 160799, 188924, 207928, 221091, 239924, 240485]","[37, 18, 28]",R,0,2019,10074982.380948387,3,US
tt2865120,94.0,"[30786, 143508, 102897]",en,"[1612, 83, 1603, 3289, 9951, 12392, 14544, 41645, 179430, 179431, 187056, 206586]","[28, 12, 16, 10751]",PG,0,2016,26829553.562790487,4,US
tt5001718,96.0,"[10067, 16322, 21, 174]",en,"[818, 428, 1533, 9673, 10226, 10809, 13152, 18425, 40895, 224963, 235098, 246466]","[18, 10749]",PG-13,1,2017,13134815.421400415,5,US
tt10098448,120.0,"[1632, 144002, 243643]",en,"[458, 1228, 9672, 179430, 186219, 319319, 325824]","[18, 36]",PG-13,1,2023,15849626.148622219,2,US
tt6208148,109.0,"[2, 2527]",en,"[7376, 604, 3205, 351, 4344, 33673, 165317, 169343, 179411, 245230, 293198, 323305, 325761, 325762, 325765]","[10751, 14]",PG,0,2025,271600000.0,3,US
tt1137470,100.0,"[17888, 810, 24972, 6626]",en,"[9799, 2864, 223162]","[10749, 35]",PG-13,0,2015,35320454.960200235,2,US
tt10648342,118.0,"[420, 176762]",en,"[1701, 1595, 9715, 2036, 9717, 9663, 173125, 179101, 179430, 179431, 180547, 230105, 240145, 262626, 265839]","[14, 28, 35]",PG-13,1,2022,275062238.70558715,7,US
tt14539740,115.0,[923],en,"[11100, 9663, 12616, 15149, 161791, 170362, 196425, 257384, 293178, 325765, 325778, 325783]","[28, 12, 878]",PG-13,1,2024,153951445.99284035,3,US
tt26584495,97.0,"[18609, 12, 829, 240675, 216687]",en,"[803, 310, 3623, 14544, 164698, 179431, 213882, 233380, 241609, 241804, 280688, 287324, 291207, 323910, 326348, 334786, 340171]","[27, 878, 53]",R,1,2025,10000000.0,1,US
tt3819668,94.0,"[5542, 5822, 207355, 2918, 3341, 155586, 9200]",ja,"[779, 6506, 9663, 179430, 192962, 207826, 210024, 322942]","[28, 16, 878]",NR,1,2015,6792395.184653891,4,JP
tt3469046,89.0,"[6704, 33]",en,"[378, 3289, 7375, 9663, 9890, 278823]","[28, 16, 35, 10751, 12]",PG,1,2017,105078523.37120332,6,US
tt9347730,91.0,"[21, 88934, 13240, 33]",en,"[9663, 9826, 9955, 18379, 156075, 232469, 249379]","[27, 53]",R,1,2021,29704196.914541353,8,US
tt2719848,121.0,"[10246, 10163, 10221, 62693, 33, 40106]",en,"[486, 1262, 5827, 3373, 9672, 8624, 10794, 34079, 156783, 159212, 192779, 291153, 316832]","[12, 18, 36]",PG-13,1,2015,74716347.0311928,9,US
tt11068094,121.0,"[6735, 10227, 23644, 144002, 1632, 221429]",en,"[254, 2652, 1739, 1956, 3551, 6733, 4446, 10683, 13519, 15120, 18712, 170560, 206923, 207883, 210094, 267659, 274288]","[18, 10752]",PG-13,0,2023,21132834.864829622,10,US
tt32223398,158.0,"[69125, 106829, 86347]",hi,[],"[80, 28, 53]",R,0,2025,11764705.0,4,IN
tt6167894,132.0,[44839],ml,"[6149, 258, 395, 2987, 9840, 9748, 9826, 232658]","[28, 35, 53]",,1,2017,801223.7407054253,3,IN
tt6772950,100.0,[3172],en,"[534, 2858, 3616, 3298, 4951, 10085, 15001, 18249, 155939, 158054, 161891, 170539, 233026, 245240]","[53, 27]",PG-13,1,2018,4487729.6920869285,4,US
tt7798634,95.0,"[34982, 19367, 43, 126588, 22213]",en,"[10685, 4720, 6038, 3099, 10292, 5810, 10329, 9826, 13027, 18249, 18508, 155049, 163055, 201864, 295702, 325812, 325844]","[27, 35]",R,1,2019,7556236.785711291,8,US
tt32916440,149.0,"[41077, 243162]",en,"[242, 6075, 592, 2348, 5857, 5526, 184302, 208611, 240461, 247776, 276964, 325765, 325777, 370792]","[18, 53]",R,1,2025,65000000.0,12,US
tt27056012,135.0,"[3522, 160468, 234598]",hi,"[9714, 165317, 325783]","[35, 18]",,0,2024,12069793.365838684,8,IN
tt14362112,91.0,[521],en,"[3490, 5301, 4344, 9663, 10542, 11173, 179431, 235585, 241738, 243959, 286529]","[16, 10751, 10402, 14, 35, 12]",PG,0,2023,100380965.60794072,10,US
tt9185206,106.0,"[18, 1632]",en,"[1525, 704, 586, 818, 186, 1228, 5248, 10683, 11001, 15320, 187056, 190531, 240315, 273297, 274920, 311196, 325782, 325832]","[35, 18]",PG-13,0,2023,31699252.297244437,3,US
tt1823672,120.0,"[5, 2531, 34034, 28788, 3045]",en,"[2964, 803, 310, 4565, 4339, 14544, 187019, 218132]","[80, 28, 878]",R,0,2015,66565472.80960813,3,US
tt27852049,156.0,"[86347, 124042]",hi,"[9714, 165317]","[28, 53, 9648, 80]",,0,2025,5882000.0,1,IN
tt10698680,166.0,"[111627, 79395]",kn,"[1568, 9663, 13116, 219404]","[28, 53, 12, 80]",PG-13,1,2022,14303236.412690531,4,IN
tt7959026,116.0,"[81121, 13240, 171, 174]",en,"[534, 2151, 1556, 2235, 9672, 10938, 10175, 156805, 158606, 169977, 197794, 239275, 252104]","[80, 18]",R,1,2018,64110424.17267041,12,US
tt32204858,92.0,"[5485, 42145, 12431, 86278]",de,"[11612, 325769]",[18],,0,2025,4600000.0,2,DE
tt5848272,112.0,[6125],en,"[282, 6513, 9663, 11615, 14675, 179430, 179431, 192210, 325761]","[28, 12, 16, 35, 10751, 878]",PG,1,2018,224386484.60434642,11,US
tt15352542,91.0,[2785],en,"[3899, 12377, 14909, 167541, 179431, 202621, 259376, 269769, 320420, 325783, 356825]","[10751, 35, 12, 16, 878]",PG,0,2024,15395144.599284036,8,US
tt27503384,124.0,"[197904, 197905]",ja,"[3352, 7307, 9914, 10756, 11935, 12369, 164186, 165913, 172717, 190742, 227331, 257412, 259376, 288816, 323962]",[18],PG,0,2023,14792984.405380737,11,JP
tt5109784,121.0,"[4, 7503]",en,"[1157, 3030, 1541, 4630, 3725, 3036, 6095, 2016, 6158, 9887, 13028, 18330, 34079, 41410, 156104, 202621, 212045, 213784, 223198]","[27, 18]",R,0,2017,39404446.264201246,9,US
tt9354944,84.0,"[598, 24049, 188451, 8147, 7036]",en,"[310, 582, 1576, 9840, 15156]",[35],R,0,2019,6296863.988092742,10,US
tt5834426,130.0,"[347, 114885, 1632, 110799, 89488, 204641]",en,"[305, 4631, 3801, 3528, 4190, 4862, 6669, 10150, 10617, 12026, 12332, 12654, 14626, 161289, 189411, 191586, 277021, 325811, 326804]","[878, 12, 28]",PG-13,0,2022,160636347.4040629,2,US
tt12672620,115.0,"[7981, 1115, 47, 4606, 123175, 19037, 20339]",fr,"[14577, 288304, 317660]","[12, 28, 18]",PG-13,0,2023,41209027.98641776,12,FR
tt5813916,135.0,"[33602, 33601, 168085]",tr,[219404],"[10752, 18]",,1,2016,898790.0443534813,11,TR
tt12412888,122.0,"[333, 10644, 77884, 4, 113750, 168701]",en,"[10125, 9663, 9748, 41645, 179431, 208927, 209220, 267876, 303310, 325782]","[28, 12, 10751, 35]",PG,1,2022,121027385.03045835,3,US
tt26445483,147.0,[2934],hi,[],"[35, 18]",,1,2023,3169925.2297244435,9,IN
tt27131358,108.0,"[6705, 92346, 28473, 113521]",en,"[6038, 5905, 10235, 9840, 9673, 11093, 14534, 18035, 156924, 208349, 227918, 244886, 245026, 253823, 276222, 278730, 287476, 332577]","[10749, 18]",R,0,2024,20526859.465712048,10,GB
tt1431045,108.0,"[25, 431, 28788, 7505]",en,"[9715, 2095, 3070, 9717, 179430, 179431]","[28, 12, 35]",R,1,2016,77805705.33209242,2,US
tt32558992,97.0,"[143790, 89115, 3287, 294055]",en,"[1459, 1004, 65, 703, 2350, 4230, 5248, 5483, 10339, 10714, 12339, 15321, 17987, 33494, 160404, 207046, 301117, 323756, 325773]","[27, 10749, 35]",R,0,2025,18000000.0,2,US
tt0376479,108.0,"[72441, 126, 1632]",en,"[2957, 1157, 818, 970, 1228, 2339, 10958, 159793, 208992, 210026, 240103]","[80, 18]",R,0,2016,13414776.781395243,10,US
tt1757678,197.0,"[127928, 574, 22213]",en,"[616, 402, 3386, 10148, 9663, 9951, 12375, 18035, 195114, 196544, 205734, 237104, 261264, 370793]","[878, 12, 14]",PG-13,1,2025,350000000.0,12,US
tt1137450,107.0,"[21, 102500]",en,"[642, 818, 6149, 1419, 1930, 703, 9714, 7002, 10950, 15002, 15009, 202371, 208397, 240303, 266013, 293649]","[28, 80, 53, 18]",R,0,2018,38466254.503602244,3,US
tt15153532,93.0,"[33, 77973, 123244, 162500]",en,"[11478, 9696, 9964, 33432, 179431, 194137, 197705, 216734, 238184, 241804, 267848]","[35, 12]",R,0,2023,48605520.18910813,8,US
tt32299316,98.0,"[8533, 212408, 167684, 85465]",en,"[2988, 5160, 5619, 10714, 13031, 15097, 15365, 50009, 154904, 158108, 162745, 223059, 269484, 295907, 315058]","[27, 53]",R,1,2025,2000000.0,6,US
tt8242084,99.0,"[47729, 36209, 103698]",en,"[470, 325765, 325832]","[10751, 28, 35]",PG-13,0,2020,22388200.237531383,1,US
tt9663764,124.0,"[174, 11565, 76907, 128064, 216687]",en,"[9715, 2908, 6231, 9663, 9748, 226325, 229266, 229863, 232412, 232766, 243959]","[28, 12, 14]",PG-13,0,2023,216611557.36450365,12,US
tt12261776,93.0,"[122323, 133303, 13240, 5, 22213]",en,"[1299, 1423, 1964, 11100, 10506, 12616, 15140, 160879, 163252, 169725, 193083, 239821, 240303, 251829]","[28, 12, 878]",PG-13,0,2023,47548878.44586665,3,US
tt5074352,161.0,"[2140, 2320, 89347]",hi,"[1415, 2660, 6075, 970, 2386, 2299, 2383, 5970, 4613, 5565, 6683, 10303, 14955, 33372, 155395, 157203, 191731, 207999, 209384, 229447, 240303, 325782, 325811]","[18, 10751, 35]",PG,1,2016,13951367.852651054,12,IN
tt4073790,104.0,"[2575, 25]",en,"[818, 4565, 33637, 155437, 187056, 246466]","[28, 12, 18]",PG-13,0,2018,43595088.437415875,7,US
tt12921446,111.0,"[33, 3172, 10210, 20848]",en,"[6150, 2626, 9712, 9663, 10093, 10941, 15001, 157008, 157213, 159940, 161184, 161261, 239680, 240303, 256183, 325775, 325818, 325825, 338361]",[27],R,1,2023,31699252.297244437,10,US
tt8999762,216.0,"[237811, 236171, 153971, 19194, 9987, 215964, 236172, 171436, 242541]",en,"[242, 2356, 1157, 276, 110, 592, 904, 1803, 2301, 2355, 2804, 10939, 12436, 15060, 160224, 164877, 190327, 198782, 207883, 208289, 208611, 220947, 247909, 277551, 302755, 309029]",[18],R,1,2024,9852892.543541783,12,US
tt27487934,183.0,[5907],ta,"[18073, 163129, 196911, 281358]","[28, 18, 53]",,0,2024,36948347.03828169,9,IN
tt1489887,102.0,"[13184, 77152]",en,"[6270, 10683, 10275, 15214, 33910, 158718, 187056, 210281, 226344, 296608]",[35],R,1,2019,7556236.785711291,5,US
tt14668630,106.0,"[10400, 5]",en,"[3185, 4344, 15101, 170356, 209220, 267848]","[35, 10751, 10402]",PG,0,2022,55012447.74111743,10,US
tt1292566,110.0,"[12, 21, 19813]",en,"[242, 818, 2864, 9457]","[35, 10749]",R,1,2016,50976151.76930193,2,US
tt10272386,97.0,"[180147, 6705, 11778, 22153, 2564]",en,"[212, 1565, 1439, 2689, 10325, 5903, 10181, 10938, 11469, 218099, 227191, 240303, 251667, 270073, 292939, 298930, 325821]",[18],PG-13,1,2020,7462733.41251046,12,GB
tt13651794,117.0,"[77152, 1422, 157532, 87067, 173619]",en,"[1326, 739, 10123, 9672, 11262, 14576, 157321, 157799, 181324, 203322, 209792, 211778, 224875, 225219, 235152, 239797, 240119, 291153, 293016, 293649, 295902, 316832, 325773, 325829, 325835, 325847, 325857]",[18],R,0,2023,21132834.864829622,11,US
tt7958736,99.0,"[3172, 118666]",en,"[585, 1930, 6259, 11696, 9748, 9826, 12339, 12565, 14831, 34134, 41329, 167104, 206800, 243046, 258308, 295907, 315058]","[27, 53]",R,1,2019,6296863.988092742,5,US
tt12672536,121.0,"[7981, 20339, 1115, 47, 4606, 19037, 123175]",fr,"[1938, 14577, 288304, 317660]","[12, 28, 18, 36]",NR,0,2023,29057647.939140733,4,FR
tt4731148,132.0,"[89458, 3451]",ru,"[1603, 9951, 9738, 9739, 10349, 18454, 33556, 208571, 234845, 234846, 278644, 278645, 278646]","[18, 10749, 878, 12]",,1,2017,6603221.098428197,1,RU
tt4535650,158.0,"[2343, 80908]",hi,[10391],"[80, 28, 35]",,0,2015,35320454.960200235,12,IN
tt9114286,161.0,[420],en,"[1701, 697, 9715, 4833, 9717, 9663, 9920, 14785, 41282, 146946, 163764, 179431, 180059, 180547, 195394, 233184, 317138]","[28, 12, 878]",PG-13,1,2022,275062238.70558715,11,US
tt6217804,101.0,[3096],en,"[3335, 9663]",[35],PG-13,0,2017,32837038.553501036,10,US
tt0783640,116.0,"[21897, 145719, 65649, 111793, 145720, 108353, 145721, 145722, 145723]",en,"[2957, 2803, 9672, 210162, 281585, 293649, 325762, 325769, 325786, 325795, 325799, 325831, 325839, 325854]","[18, 28, 10752]",R,0,2020,24875778.041701537,1,US
tt6906292,91.0,"[99132, 23513, 106689, 356, 264]",en,"[220, 441, 258, 9714, 15160, 179431, 191527]","[53, 28, 12]",R,0,2023,21132834.864829622,8,US
tt26233598,145.0,[7135],ta,[248338],"[28, 18, 53]",,0,2024,12213481.38209867,7,IN
tt22543326,163.0,[176831],ta,"[417, 100, 6083, 12987, 181659, 202399, 227655, 236354, 290492]","[18, 28, 35, 14]",,1,2023,4226566.972965925,7,IN
tt4103724,108.0,[8533],en,"[727, 2411, 14600, 34004, 155808, 157213, 209941, 222318, 240303, 312664]","[10749, 18]",PG,1,2018,4487729.6920869285,1,US
tt3268668,97.0,"[16322, 30531, 56736, 56735, 65927]",en,"[1562, 1803, 9672, 9826, 14768, 14964, 155936, 169498]","[80, 18, 53]",PG-13,0,2015,2716958.0738615566,9,US
tt2798920,115.0,"[4, 82819, 284, 258]",en,"[894, 1196, 6898, 732, 818, 2766, 1824, 1992, 1718, 1963, 4375, 3184, 9410, 4551, 5404, 9872, 8012, 10163, 11469, 11268, 14760, 41603, 156091, 159103, 161271, 161281, 161294, 161348, 184392, 190531, 197056, 201137, 208364, 238997, 242920, 243655, 261264, 283085, 287274, 295907, 309974, 325763]","[878, 27]",R,0,2018,51288339.33813633,2,US
tt3881784,119.0,"[1632, 2266, 10227, 89261, 72441]",en,"[818, 1680, 2367, 2564, 9672, 11612, 14601, 33702, 158774, 179569, 229773, 240282]",[18],R,0,2017,39404446.264201246,9,US
tt3152624,125.0,"[10105, 33]",en,"[567, 3262, 4434, 9799, 2864, 10050, 13005, 13072, 15111, 155208, 209223, 220613, 220713, 233318, 238070, 241738, 243090, 287038, 297946, 325765]","[35, 10749]",R,1,2015,47546766.29257724,7,US
tt10327252,103.0,"[3172, 2481, 33, 138783, 214539]",en,"[1556, 9663, 9675, 9826, 18034, 50009, 168713, 235742, 317534, 317535]","[28, 27, 53]",R,1,2021,21387021.778469775,6,US
tt2140379,117.0,"[11092, 1205]",en,"[4978, 2251, 6564, 10124, 10163, 12375, 13005, 33721, 34079, 187008, 189748, 196682, 205852, 218102, 218105, 227385]","[878, 28, 53]",PG-13,0,2015,35320454.960200235,7,US
tt19623240,84.0,"[155744, 69347]",en,"[7942, 9825, 11034, 12339, 15101, 206673, 237771, 279729, 281237, 282174, 285961, 325665, 325819, 354302]",[27],NR,1,2023,105664.17432414812,1,US
tt2531318,106.0,"[23, 3797, 53972, 4183, 121427]",en,[],"[99, 10402]",NR,1,2016,6.707388390697622,9,US
tt6535880,92.0,"[8000, 110723, 24049]",en,"[2546, 1366, 2158, 3335, 3358, 4506, 10292, 1245, 12339, 13073, 155939, 186268, 193217, 208370, 209870, 240252, 280688, 312898]","[27, 53]",R,0,2019,6296863.988092742,9,US
tt5867314,137.0,"[122178, 6834, 25]",en,"[1706, 703, 1964, 5900, 5340, 3450, 6158, 9717, 8440, 11612, 18712, 33457, 33499, 156091, 156174, 209568, 215959, 221376, 287274]","[27, 9648]",R,0,2020,19900622.43336123,10,US
tt12731980,99.0,"[118155, 74808, 84465, 23688]",en,"[33456, 292560, 292561, 292562, 292563, 292564, 325814]","[37, 28, 18]",NR,0,2021,1782251.8148724812,10,US
tt5120640,131.0,"[95252, 3522]",hi,"[5565, 320927]",[18],,0,2016,4561024.105674383,5,IN
tt7545266,83.0,"[106497, 4]",en,"[160483, 188474]",[35],R,0,2020,36069878.16046722,1,US
tt3501632,130.0,[420],en,"[9715, 10201, 9717, 9663, 10158, 166726, 179101, 179430, 179431, 180547, 197582, 230105, 325814, 325839]","[28, 878, 35]",PG-13,1,2017,236426677.58520746,10,US
tt10308928,91.0,"[290, 121423, 138238, 138239, 3604, 24513, 85562, 65649, 138240, 10405]",en,"[642, 6149, 2124, 2215, 3882, 10051, 9826, 11258, 14527, 33347, 156031, 208156]","[28, 12, 80, 53]",R,0,2020,18656833.53127615,7,US
tt1392190,120.0,"[174, 79, 28382, 41624]",en,"[10084, 5657, 1965, 4458, 10349, 10562, 190954, 212516, 321464, 350338, 367714, 371492, 371773, 373544, 373545, 373546, 373547, 373548]","[28, 12, 878]",R,1,2015,203771855.53961673,5,US
tt14230458,141.0,"[127929, 6705, 22213, 3353, 72597, 138287]",en,"[3799, 212, 1706, 90, 818, 1523, 1902, 7340, 9673, 10303, 11322, 13005, 13059, 14624, 14760, 33451, 157676, 162804, 189464, 190178, 191731, 194998, 197758, 203836, 214655, 228558, 234119, 245317, 252596, 257258, 258464, 283085, 325765, 325835, 325857]","[878, 10749, 35]",R,1,2023,36982461.013451844,12,US
tt1160419,155.0,[923],en,"[11195, 2964, 6092, 818, 530, 4565, 2280, 5789, 6074, 4238, 6410, 10202, 9552, 9748, 10170, 10085, 9882, 10489, 13031, 18034, 18109, 40850, 158144, 161176, 178080, 194063, 240237, 286709, 325787, 370131, 370792, 370793]","[878, 12]",PG-13,0,2021,196047699.63597292,9,US
tt4778988,98.0,"[11958, 68413, 97, 111475, 27497]",en,"[840, 833, 4098, 5720, 14548, 33483, 193533, 208992]","[18, 36]",R,0,2017,26269630.84280083,11,US
tt4680182,109.0,"[90622, 1063, 7344, 80834, 6626, 88607, 108869]",en,"[242, 1415, 1299, 4280, 13031, 14549, 33457, 157701, 160246, 161791, 188351, 200918, 202371, 290327, 325766, 325780, 325798, 325834]","[18, 14, 878]",R,0,2017,19702223.132100623,4,US
tt22004344,112.0,"[37871, 111866, 2531]",en,"[128, 395, 3230, 4552, 4232, 8181, 10683, 10624, 9986, 11616, 13088, 160961, 163963, 165402, 188237, 191008, 210608, 222174]",[35],R,0,2024,3079028.919856807,3,US
tt5764096,132.0,[86699],hi,[206225],"[35, 18]",NR,1,2017,4221253.845314244,5,IN
tt6203702,157.0,[60536],hi,[],"[28, 10749, 53]",NR,0,2025,8733004.0,9,IN
tt5308322,96.0,"[23592, 3172, 96377, 33]",en,"[3616, 9826, 10854, 12339, 206298, 207844, 238142, 325769, 325856]","[35, 27, 9648]",PG-13,1,2017,6304711.402272199,10,US
tt15339456,90.0,"[12219, 3173, 169139, 173277, 187404]",en,"[736, 11800, 10121, 18035, 160517, 183732, 194258, 197349, 208349, 230225, 254730, 267659, 268132]","[16, 35, 18, 10751]",PG,0,2022,6601493.7289340915,6,US
tt2378507,127.0,"[1632, 32555, 72441, 22842]",en,"[10041, 14641, 202371, 239797, 240303, 319319, 325787, 325814]",[18],PG-13,0,2017,11821333.879260372,8,US
tt6294822,116.0,"[25, 7, 7294, 6735, 56, 84041, 22213, 27497]",en,"[2957, 918, 736, 521, 6078, 1228, 917, 2968, 5565, 9672, 9376, 11771, 162300, 188994, 209817, 315310]","[18, 36]",PG-13,1,2017,65674077.10700207,12,US
tt27657135,109.0,"[5, 32157, 22213]",en,"[242, 4630, 1228, 5565, 9672, 156203, 160424, 164246, 251667, 254572, 259376, 319397, 325773, 325778, 325812, 325856]","[35, 18]",R,0,2024,25658574.332140062,9,US
tt17505010,181.0,[150069],en,"[680, 1551, 1411, 1508, 179585, 187321, 192945, 207928, 245727, 260872, 261264, 273293, 278700, 308216, 309974, 325771, 325783, 325800]","[37, 18]",R,0,2024,51317148.664280124,6,US
tt17676734,107.0,"[13240, 53152, 194285, 37504, 147591]",en,"[10123, 9854, 15208, 185456, 195405, 325764, 325765, 325781]","[80, 37, 35]",R,0,2025,9000000.0,8,US
tt3077214,106.0,"[7981, 6705, 7281, 290, 2054]",en,"[212, 5565, 11718, 15060, 187056, 210184, 214831]","[18, 36]",PG-13,0,2015,19018706.517030895,10,GB
tt4516162,129.0,"[76923, 46111, 7306, 9021, 162, 155990, 201]",it,[818],"[10749, 18]",,0,2019,4785616.630950484,9,IT
tt1700841,89.0,"[5, 13184, 16615, 46875]",en,"[1545, 1817, 9755, 11477, 9956, 10144, 10637, 12425, 158718, 161919, 168867, 217311, 228646, 346769]","[12, 16, 35, 14]",R,1,2016,25488075.884650964,7,US
tt21235248,115.0,"[84042, 5]",en,"[242, 6152, 3093, 9663, 10809, 162846, 179431, 191881, 231398, 323404, 373370, 373371, 373372, 373373, 373374]","[14, 12, 35]",PG-13,0,2024,102634297.32856025,3,US
tt6257174,91.0,"[56403, 40486]",en,"[1013, 186, 2754, 10683, 11001, 158718, 161217, 163037, 187056, 197758, 210608, 236377, 238832, 246466, 296608]",[18],NR,0,2018,1153987.6351080674,7,US
tt2321405,70.0,"[4621, 7034, 42171, 77154, 13668, 12431, 109756, 591, 92773]",fr,"[6783, 9727, 10121, 15090, 33457, 161919]","[16, 35, 18]",PG-13,0,2016,10731821.425116194,9,FR
tt27688034,129.0,"[147142, 199265, 223561, 223562, 103323, 7036]",ko,"[305, 1533, 10349, 9882, 9743, 14626, 15354, 179431]","[18, 12, 878]",,0,2023,21132834.864829622,8,KR
tt4120176,102.0,"[94, 48663, 51696, 109756]",fr,"[490, 41525, 286925]",[18],PG-13,0,2016,2817103.1240930012,4,FR
tt7278824,123.0,"[86177, 112442, 127815, 155990, 11797, 11924, 115736]",la,"[588, 131, 768, 3035]","[36, 18]",,0,2019,10074982.380948387,1,BE
tt6998518,121.0,"[34519, 12142, 19037, 108869, 22309, 12352]",en,"[10084, 3030, 1930, 5857, 10123, 5498, 9887, 6410, 9748, 9872, 9826, 10580, 11321, 12394, 13209, 14735, 34079, 156019, 159028, 162766, 176342, 202371, 206576, 208251, 208289, 210162, 232766, 234555, 241827, 281237, 284439, 307886, 321464, 322255, 325801, 325842]","[14, 28, 27]",NR,0,2018,7693250.900720449,9,US
tt11083552,119.0,"[14, 2900]",en,"[642, 2803, 9730, 9714, 9748, 10950, 12548, 12670, 14604, 41180, 162380, 191045, 240119, 251667, 268293, 325761, 325762, 325763, 325764, 325766, 325785, 325804]","[53, 80, 18]",R,1,2021,47526715.063266166,4,US
tt4846340,127.0,"[711, 83024, 7076]",en,"[1432, 6009, 4411, 5565, 6984, 12425, 12995, 14760, 156836, 186782, 208992, 229169, 251436, 325768, 325771, 325774, 325780, 325789, 325800, 325819]","[18, 36]",PG,1,2016,33536941.953488108,12,US
tt4257926,109.0,"[5, 10156, 16314, 61377, 34]",en,"[818, 970, 6157, 186, 2618, 9672, 10226, 11612, 187056, 189150, 207819, 211349, 221057]","[10751, 18]",PG,1,2016,21463642.85023239,3,US
tt5672290,119.0,"[423, 127928]",en,"[588, 745, 530, 131, 1228, 3099, 4084, 4087, 8685, 9675, 10093, 11322, 14765, 193282, 200234, 239680, 314730]",[27],R,0,2024,30790289.198568072,4,US
tt10409498,117.0,"[703, 591, 726, 104, 10611]",fr,[],"[18, 80]",,0,2019,6296863.988092742,12,FR
tt4560436,94.0,"[47729, 8537, 20153, 103673, 3393, 96082, 8536]",en,"[779, 591, 11665, 167444, 175056, 181659, 190981, 202371, 221233, 246148, 266307, 325843]","[28, 53]",R,0,2018,44877296.92086929,8,US
tt1262426,160.0,"[33, 2527]",en,"[616, 246, 818, 3205, 3616, 4896, 4344, 5248, 6733, 10181, 6562, 9675, 10229, 12990, 156024, 170135, 170362, 177912, 180466, 186782, 196630, 196785, 240462, 241738, 250819, 266753, 293198, 309974, 323305, 324713, 325834]","[18, 10749, 14]",PG,1,2024,153951445.99284035,10,US
tt8589698,99.0,"[4, 2348, 16615, 75234, 199314]",en,"[242, 380, 390, 853, 9715, 6362, 9717, 10278, 179431, 259376, 261392, 269710, 288816, 319319, 324713, 325809, 325856]","[16, 35, 28, 878]",PG,0,2023,79248130.74311109,7,US
tt4126476,105.0,"[107107, 107108, 2378, 103330, 6626, 140519]",en,"[818, 9673, 10791, 188237, 196047, 197582, 200918, 325763]","[18, 10749]",PG-13,1,2019,17631219.16665968,4,US
tt7126948,151.0,"[174, 114152, 128064, 507]",en,"[9715, 9717, 187056, 208289, 219404, 229266]","[28, 12, 14]",PG-13,0,2020,248757780.41701534,12,US
tt2032572,128.0,"[85374, 831, 2373, 8692, 37580, 82513]",en,"[1956, 2988, 9672, 195862, 206828, 207883, 253770, 306194, 370660, 372994, 372995, 372996, 374279, 374311, 374312, 374313]","[28, 10752]",R,0,2016,53659107.125580974,9,US
tt12818328,108.0,[184319],en,"[2042, 9253, 12999, 33688, 207928, 275983, 334483]","[35, 12, 28]",NR,1,2024,153951.44599284037,1,US
tt26671996,95.0,"[220749, 192895, 194918, 55446, 249834, 121204, 157114, 107037, 249836, 2623, 122323, 185127, 77317]",en,"[4776, 9714, 12565, 226106, 240303, 301541, 349813, 367835, 372306, 373604, 373605, 373606, 373607, 373608, 373609]","[27, 53]",R,0,2025,20000000.0,3,US
tt2818654,122.0,"[7306, 8469, 11034, 11237, 13537, 15507, 19055, 59665, 61201, 76905, 310, 24372]",th,"[1227, 1261, 13065, 40895, 161290]","[18, 14]",NR,0,2015,1331309.4561921626,9,TH
tt1365050,137.0,"[6735, 16945, 120371, 23318, 14635, 128226]",en,"[1008, 393, 818, 409, 972, 3544, 11494, 10787, 190337, 234980, 241982, 332598]","[18, 10752]",R,0,2015,8150874.221584669,9,US
tt2039338,109.0,"[11565, 5, 10246, 33433, 415]",en,"[6733, 9714, 14540, 34079, 187675, 189931, 199686, 237778, 240435]","[18, 27, 53]",PG-13,0,2017,24956149.300660785,9,US
tt2402927,118.0,"[1422, 11752, 6705, 2607]",en,"[612, 613, 520, 242, 818, 970, 965, 65, 2081, 6025, 7312, 9833, 15160, 33998, 158718, 160500, 178364, 187547, 208611, 264386, 281659, 325762, 325763, 325786, 325813]","[10749, 18]",R,1,2015,16030052.635783182,11,US
tt3068194,90.0,"[9225, 12398, 37812, 46421, 94]",en,"[6054, 818, 160279]","[18, 10749, 35]",PG-13,1,2016,4024433.034418573,5,IE
tt3775086,112.0,"[74686, 155990, 14016, 274774]",it,"[588, 2095, 7303, 15011, 157677, 161520, 179569, 180734, 197670, 207921, 212430, 225976, 237652, 259639]","[878, 28, 18]",,1,2016,2548807.5884650964,2,IT
tt1995390,108.0,"[694, 20664, 28275, 6705, 834]",en,"[818, 187056, 230908]",[53],R,0,2016,5365910.712558097,5,GB
tt6450186,110.0,"[100855, 54927, 49945, 100854, 8533]",en,"[4048, 1556, 2299, 11436, 9672, 163133, 240119, 253695, 273060, 281237, 325783, 339193, 340972]","[10402, 18]",PG,1,2018,8975459.384173857,2,US
tt3778644,135.0,[1],en,"[1612, 6212, 9675, 15285, 161176]","[878, 12, 28]",PG-13,0,2018,320552120.86335206,5,US
tt1340138,126.0,"[4, 82819]",en,"[2964, 310, 83, 679, 1373, 4565, 4379, 9663, 14544, 179431, 202371, 321464, 325765]","[878, 28, 53]",PG-13,1,2015,210564250.7242706,6,US
tt3794028,120.0,"[2612, 694, 11794, 591]",fr,"[818, 11322, 160224, 187056]","[18, 10749]",R,0,2016,13817220.084837101,10,FR
tt7740510,99.0,"[127929, 423, 101082, 135164, 22213]",en,"[798, 6156, 2754, 10322, 1897, 13031, 15484, 154842, 156018, 156866, 193167, 209568, 227686]","[18, 27, 9648]",R,0,2021,20198853.90188812,10,US
tt1974420,127.0,"[15383, 2265, 10104, 13241, 86420, 86421, 86422, 86423, 41624, 9015]",en,"[10483, 12547, 155963, 232626]","[10749, 35, 18]",PG-13,0,2016,33536941.953488108,11,US
tt14208870,151.0,"[56, 190543]",en,"[6270, 1157, 1859, 6733, 10235, 10683, 18068, 33490, 157955, 165402, 178210, 181329, 240119, 240237, 269808, 325762, 325784, 325786, 325806, 325853, 348184]",[18],PG-13,0,2022,44009958.192893945,11,US
tt12680684,130.0,[128344],it,"[131, 4648, 11254, 10235, 10683, 12987, 18068, 157302, 165402, 208289]",[18],R,0,2021,15505590.789390586,11,IT
tt4154756,149.0,[420],en,"[2858, 2343, 9715, 9717, 9882, 10141, 14900, 15252, 33637, 155030, 179430, 180547, 231295]","[12, 28, 878]",PG-13,1,2018,384662545.0360225,4,US
tt24950660,114.0,"[41077, 27497]",en,"[6155, 4129, 6038, 9799, 7439, 157303, 175421, 188290, 219801, 225219, 237216, 248870, 254167, 293198, 315310, 321294]","[10749, 35, 18]",PG-13,1,2025,12000000.0,11,US
tt23330554,93.0,"[155744, 69347]",en,"[1852, 9663, 9748, 12339, 12375, 15101, 179431, 206673, 208370, 265839, 281237, 282174, 288586, 325825, 327605, 354302]","[27, 53]",NR,1,2024,425932.333913525,3,GB
tt2631186,159.0,[57946],te,"[4152, 216931, 216932, 237086]","[28, 18]",NR,1,2015,34139162.34405634,7,IN
tt3704428,159.0,"[174, 240, 75060]",en,"[578, 5565, 10229, 10572, 164120, 208611, 302127, 325767, 325797, 345513, 360939]","[10402, 36, 18]",PG-13,1,2022,93521161.15989964,6,US
tt18272208,104.0,"[14, 11395]",en,"[18712, 210434, 269808, 309029, 311315]",[18],PG-13,0,2024,41053718.931424096,10,US
tt1210027,105.0,"[89171, 333, 183234, 9987]",en,[4458],"[28, 878, 35]",R,0,2025,60000000.0,8,US
tt6857112,116.0,"[88934, 33, 214539, 3172, 72725, 3341, 1778]",en,"[2546, 5532, 9826, 12565, 13073, 14724, 14903, 155582, 161891, 184569, 202371, 208289, 252612, 325763, 325801]","[27, 9648]",R,1,2019,25187455.952370968,3,US
tt4003440,152.0,"[76, 73539, 73539, 7777, 2801, 8288, 8556, 8289]",en,"[4580, 4426, 6259, 1228, 1468, 2301, 2679, 11317, 9856, 9622, 9719, 10714, 11036, 13094, 13112, 14624, 208289, 245377]","[18, 27, 80, 53]",R,0,2018,12565643.1378434,10,DK
tt8108274,135.0,"[3522, 6808, 128365]",hi,[],"[28, 18, 36]",,1,2020,20447889.550278664,1,IN
tt1724970,106.0,"[12142, 5056, 14446, 17364, 25954, 78752, 87026, 99444, 99447, 99448, 99449, 5552, 290, 92782, 121063, 172817]",en,"[10084, 9678, 779, 1430, 836, 2340, 4278, 9663, 9951, 9917, 10349, 10141, 240119]","[28, 878, 12]",R,0,2017,18388741.58996058,10,US
tt3682448,142.0,"[22213, 56, 264, 711, 2527, 6735, 7294, 7]",en,"[591, 470, 2106, 2111, 3203, 9672, 10909, 14638, 33519, 190654, 222517]","[53, 18]",PG-13,1,2015,54339161.47723113,10,US
tt24517830,142.0,"[19146, 182244, 181905]",hi,"[612, 128, 9799, 14646, 253419, 274848, 293016, 295190, 305161, 329344]","[35, 10749, 18]",,0,2024,9852892.543541783,7,IN
tt6931414,136.0,"[74844, 106996, 275251]",ko,"[4063, 5511, 33974, 232750, 250187, 251614, 251615, 251616, 251618]","[10752, 36, 28]",R,1,2018,17059783.872347597,9,KR
tt13320622,112.0,"[4258, 123420, 121737]",en,"[1930, 9799, 13028, 14818, 155251, 169953, 179431, 197052, 252256, 275599]","[28, 12, 35]",PG-13,1,2022,81418422.6568538,3,US
tt3569230,132.0,"[10163, 20664, 694, 10246]",en,"[3149, 5565, 9672, 15016, 202371, 266753, 311315, 325817]","[80, 53]",R,0,2015,33961975.92326946,9,GB
tt5699154,117.0,"[9, 59489]",fr,"[90, 2381, 6038, 10955, 180052, 307309]",[35],,0,2017,22591882.524808712,10,FR
tt6108178,114.0,"[21622, 3353, 6705, 131603, 7493]",en,"[3691, 158718, 160246, 187197, 241730, 264386, 283118]","[18, 10749]",R,0,2018,7693250.900720449,4,US
tt13334578,133.0,"[3931, 181775]",hi,"[2964, 4565, 7002]","[28, 53]",,0,2023,23246118.351312585,10,IN
tt6902332,108.0,"[80292, 5357, 94694, 145547, 6626]",en,"[782, 534, 1543, 5616, 9826, 10175, 154846, 156175, 167043]","[28, 18, 53]",PG-13,0,2021,27327861.161378045,1,US
tt9784798,126.0,"[79426, 13240, 6735, 148495]",en,"[520, 441, 4243, 9672, 10085, 171854, 193897, 208992, 251436, 279599, 325775, 325812]","[18, 36]",R,0,2021,30892364.791123006,2,US
tt2436682,110.0,"[13235, 2157, 10227, 26767, 80149, 85885, 94187, 96882]",en,[9826],"[37, 18]",PG-13,0,2016,13414776.781395243,6,US
tt10304142,134.0,"[124433, 19671, 178347, 490, 508]",en,"[5340, 3271, 9672, 9713, 10410, 12425, 15155, 157676, 179431, 180172, 181659, 211197, 214548, 232261, 298532, 308174, 317145, 334537, 351088, 357387, 359610, 360454, 361788, 364701]","[9648, 35, 18]",R,0,2022,88019916.38578789,9,US
tt14444726,158.0,"[10146, 716, 14654]",en,"[1326, 242, 220, 1233, 4048, 5783, 2317, 3537, 6895, 158718, 164186, 185927, 191028, 196751, 200918, 254601, 266753, 305613, 321464]","[10402, 18]",R,0,2022,38508713.418782204,10,US
tt2527338,141.0,"[1, 11461]",en,[161176],"[12, 28, 878]",PG-13,0,2019,616966733.5533268,12,US
tt6774212,157.0,"[80514, 85466, 7294, 86589]",hi,[],"[80, 18, 53]",NR,1,2018,11732207.623598685,2,IN
tt9848626,87.0,"[2251, 34, 2531, 5]",en,"[1299, 3133, 4375, 179430, 179431, 274787]","[16, 35, 10751, 12, 14]",PG,0,2022,82518671.61167614,1,US
tt2217859,109.0,"[2783, 5162, 155, 26995, 56403, 715, 94, 49936]",en,"[242, 380, 970, 697, 4747, 10655, 9872, 13063, 157213, 180574, 181324, 182419, 208397]",[18],R,0,2015,14943269.40623856,10,NO
tt27118357,167.0,"[7202, 63520]",ta,"[818, 2803, 9672, 163165, 191819, 208630, 254167, 257783, 292592, 325761, 325824, 328926, 340924, 340925]","[28, 18, 12, 10752]",,1,2024,15087241.707298355,10,IN
tt10364034,105.0,"[140008, 2902, 200503, 82973, 84713]",fr,"[90, 9715, 4344, 10194, 213104]","[16, 14, 28, 10749, 10751]",PG,0,2023,90871189.91876738,7,FR
tt14039582,179.0,"[4667, 10764, 116589, 159466, 22715, 101877, 3032, 3031, 17227]",ja,"[1326, 233, 697, 4326, 6521, 7312, 7460, 9872, 33557, 33928, 41260, 41389, 155963, 156434, 156866, 188953, 225219, 228988, 237086, 241737]",[18],NR,1,2021,1544618.2395561503,8,JP
tt5619332,105.0,"[87017, 12]",en,"[5600, 3616, 3451]",[35],PG-13,0,2018,38466254.503602244,5,US
tt5537002,206.0,"[194232, 81121, 23243, 562]",en,"[1157, 818, 1543, 1812, 5332, 2493, 2887, 10322, 9672, 9826, 12425, 14676, 14900, 15060, 33519, 33720, 33722, 41500, 157215, 161207, 164193, 175949, 207876, 225548, 232648, 236621, 238192, 256930, 270346, 305941, 354878]","[80, 36, 18]",R,0,2023,211328348.64829624,10,US
tt16366836,110.0,"[5, 84041, 53462, 91797, 14439]",en,"[1701, 9715, 2095, 3289, 4862, 9717, 9663, 179430, 187056]","[878, 28, 12]",PG-13,1,2024,123161156.79427229,10,US
tt32768323,114.0,"[20037, 11752, 173619, 33603, 187664, 215366]",en,"[4563, 4565, 168386, 180508, 227758, 254453, 312645, 325821]","[878, 18, 53]",R,0,2025,8000000.0,3,US
tt4771896,92.0,[78370],es,"[642, 5153, 5905, 9748, 10132, 15095, 15278, 156121, 156237, 188665, 247236, 266115, 325806]",[53],,0,2016,1609773.213767429,9,ES
tt7529298,121.0,"[19143, 103329, 166343]",hi,"[310, 447, 2387, 2569, 7188, 6079, 11469, 10834, 12190, 13065, 158774, 163561, 191819, 206576, 257783, 280687, 298591, 322590, 329574]","[28, 878, 53]",,0,2022,10562389.966294548,4,IN
tt13833688,117.0,"[41077, 7503]",en,"[894, 428, 440, 2347, 3036, 4539, 10181, 9661, 9974, 11001, 13095, 15161, 158086, 158718, 172383, 181834, 184239, 188730, 216734, 229165, 240303, 304337, 310118, 310396, 325787, 325792, 325805, 325842, 330799, 335961, 337238]",[18],R,1,2022,3300746.8644670458,12,US
tt14577300,99.0,"[10405, 3604, 37765]",en,[],"[28, 53, 80]",R,0,2021,23763357.531633083,12,US
tt5774450,105.0,"[1063, 96654]",en,"[6054, 1925, 8015, 10532, 7074, 9866, 9826, 10714, 10791, 33553, 155939, 162502, 208289, 248211]","[18, 27, 9648]",NR,0,2018,1923312.7251801123,8,CA
tt5960374,114.0,"[2266, 19194, 1422, 108497]",en,"[3490, 4463, 171676, 210608, 252104]","[18, 10402]",R,0,2018,8975459.384173857,9,US
tt8864596,104.0,"[24955, 435, 38831, 6734, 114732, 207846]",en,"[10542, 10891, 179430, 179431, 222863, 235583, 242214, 303848]","[16, 878, 12, 10751]",PG,0,2024,76975722.99642017,9,US
tt4196450,120.0,"[53155, 13240, 551, 423, 223983, 18919, 223984, 223985, 8702, 119377, 92455, 223986, 53152, 22213]",en,"[531, 2831, 5565, 9672, 18072, 160977, 207928]",[18],R,0,2016,11402560.264185958,9,US
tt30795948,99.0,"[22385, 109756, 1115, 4696, 140218, 118121, 220513, 256718]",fr,"[791, 6054, 5767, 14534, 167550, 210475, 249237, 310314]","[35, 10751]",,1,2024,6568595.029027856,4,FR
tt1082807,89.0,"[267168, 94218, 11565, 73625]",en,"[1706, 1438, 10349, 9826, 14638, 34079, 41180, 50009, 186527, 188960, 220572, 272553, 286006, 295702, 295907]","[27, 53]",R,0,2017,6567407.710700207,3,US
tt5657856,132.0,"[12142, 11049, 108781]",en,"[378, 1721, 1930, 3725, 2792, 10292, 5643, 9748, 9826, 13005, 15271, 18128, 193309, 202371, 208042, 239108, 256550, 263959, 266543, 316832, 325776]","[28, 80, 53]",NR,0,2017,13134815.421400415,9,US
tt5113044,87.0,"[33, 6704]",en,"[1228, 3289, 9663, 15285, 179431, 194404]","[35, 80, 878, 16, 10751]",PG,1,2022,93521161.15989964,6,US
tt4744086,126.0,"[78597, 3653]",hi,"[193682, 207665]","[35, 10749]",,1,2016,4024433.034418573,4,IN
tt6182908,96.0,"[25120, 47586]",en,"[485, 486, 4344, 8873, 11477, 10794, 13031, 15101, 179430, 179431, 249530]","[10751, 35, 12, 16, 14]",PG,1,2018,102576678.67627266,9,US
tt5322012,90.0,"[49389, 60621, 267168]",en,"[2343, 170731]","[27, 53, 14]",PG-13,0,2017,15761778.505680498,7,US
tt7961060,100.0,"[5822, 2918, 3341, 5542, 155586, 12502]",ja,"[779, 1721, 4375, 2902, 9951, 163252, 207826, 210024, 222243, 322942]","[28, 878, 16]",PG,1,2018,1282208.4834534081,12,JP
tt6574272,87.0,"[39644, 209173, 2995, 221347]",en,"[9951, 163053, 273439, 276164, 365784]","[27, 9648, 878]",PG-13,0,2017,3677748.317992116,4,US
tt8041270,147.0,"[56, 33]",en,"[1719, 11100, 9663, 10349, 12616, 14760, 170865, 242578, 266753, 325783, 325787, 335544, 367280]","[12, 878, 53]",PG-13,0,2022,511615763.9923921,6,US
tt1398426,147.0,"[63924, 33, 923, 2780, 63925, 23921, 49968, 4717]",en,"[2231, 796, 1157, 897, 898, 380, 740, 970, 3149, 4562, 2394, 2334, 6093, 2930, 4108, 2016, 4741, 5626, 9672, 6564, 7312, 9932, 10776, 10726, 11148, 11612, 12425, 12670, 18021, 156158, 160497, 163764, 169213, 169590, 178036, 179431, 195162, 204236, 208289, 217474, 217475, 217482]","[18, 10402, 36]",R,1,2015,38037413.03406179,8,US
tt14407336,146.0,"[7557, 26371, 50488, 94, 225567, 233789]",fr,"[1382, 310, 793, 90, 4048, 2340, 2334, 2754, 2723, 3521, 8201, 4999, 11322, 12670, 14743, 14903, 15060, 34079, 156866, 161166, 173272, 196321, 200407, 202647, 210184, 228945, 243676, 244256, 257783, 272062, 273502, 295902, 304976]","[878, 18, 10749]",NR,0,2024,7697572.299642018,2,FR
tt5080556,148.0,[35124],ta,"[1299, 4474, 9748, 14544, 14760, 220903]","[28, 878, 14]",NR,0,2018,98730053.22591244,11,IN
tt3447364,139.0,[90793],hi,"[703, 10410, 18023, 155790, 211712]","[28, 9648, 18]",R,0,2015,6928243.088346968,4,IN
tt14570440,125.0,"[105116, 173035, 79714, 210842]",es,"[5616, 155500, 193547]",[18],PG-13,0,2023,10566417.432414811,10,MX
tt28083456,121.0,"[127929, 85823, 201152, 22213]",en,"[242, 9716]","[35, 18, 10749]",R,0,2025,15000000.0,12,US
tt4651466,94.0,"[89261, 92455, 100640, 128226, 37504, 89141, 109865, 8537, 147591, 8536]",en,"[6270, 236, 1731, 2920, 4232, 6733, 9672, 9856, 11471, 33910, 156777, 158718, 207525, 209943, 242332, 247821, 258533, 323809, 325806, 325854]",[18],R,0,2020,4353261.157297769,9,US
tt0439572,144.0,"[174, 152809, 170335, 128064]",en,"[1308, 9715, 4379, 9717, 10761, 33637, 179430, 208757, 228795, 229266, 235578, 241739, 245157, 325761, 336874]","[28, 878, 12]",PG-13,0,2023,232461183.51312587,6,US
tt4218696,88.0,"[6831, 20580, 20581]",en,"[1589, 720, 5939, 9826, 13065, 15087, 18029, 18034, 325844]","[10752, 53, 18, 28]",R,0,2017,3940444.6264201244,5,US
tt10151854,130.0,"[11565, 12, 128064]",en,"[9715, 10150, 33637, 179430, 179431, 229266, 296608, 303310, 325765]","[35, 28, 14]",PG-13,0,2023,116230591.75656293,3,US
tt2140465,128.0,"[3653, 93991]",hi,[],"[35, 10749]",,1,2015,8358721.514235078,5,IN
tt4094724,108.0,"[729, 33, 3172, 2481, 141584, 3341, 138783]",en,"[4565, 9663, 50009, 219945, 221958, 235742, 317531, 317532]","[28, 27, 53]",R,1,2016,13414776.781395243,6,US
tt8290698,137.0,"[27133, 88974, 7036]",ko,"[4654, 470, 9672, 18075, 33683, 156767, 181659, 210608, 252104, 267761, 283712]","[18, 36, 53]",PG-13,0,2018,21797544.218707938,8,KR
tt24176060,137.0,"[121813, 128344, 46344]",en,"[1547, 818, 738, 1475, 1803, 1664, 9887, 6782, 11494, 9957, 10787, 15060, 33513, 41260, 157908, 158718, 164186, 168812, 176104, 208611, 234555, 258533, 260426, 265777, 267923, 277050, 282667, 304976, 337238]","[18, 10749]",R,0,2024,54806714.77345117,11,US
tt11145118,116.0,"[21, 148495, 102334, 8880]",en,"[1157, 276, 6075, 1643, 9663, 13014, 41368, 156121, 160246, 174258, 209476, 228041, 321464, 325772, 325773]","[18, 28]",PG-13,1,2023,79248130.74311109,3,US
tt6299040,116.0,"[45098, 12299]",te,"[339, 1228, 230926, 232862]","[28, 10752, 53, 36]",,0,2017,2495614.930066079,2,IN
tt4419684,101.0,"[47, 187303]",en,"[616, 4565, 5147, 10085, 156866, 162810, 199814, 211227, 211659, 261264, 325793, 325835, 325842, 327857]","[28, 14, 37]",R,0,2025,55000000.0,2,DE
tt1620680,109.0,"[51164, 2]",en,"[818, 5561, 9714, 18035, 187056, 227981]","[12, 878, 10751, 14]",PG,0,2018,132067473.79570104,3,US
tt4244998,96.0,"[77863, 5, 102774]",en,"[1994, 2219, 2526, 3593, 10349, 10506, 10794, 158017, 158416, 158591, 208152, 211482, 248901, 248902, 325769, 325806, 367929]","[12, 18]",PG-13,0,2018,65392632.65612382,8,US
tt13452446,110.0,"[121424, 105052, 233919]",en,"[7376, 657, 10685, 3713, 4152, 1938, 1964, 1262, 9748, 10349, 10466, 12554, 15354, 209374, 241883, 329731]","[14, 28, 12]",PG-13,0,2024,61580578.397136144,3,US
tt3296908,120.0,"[22997, 16945, 819, 83, 290686, 87504, 135823, 7561, 11997, 7493, 2147]",en,"[441, 818, 2652, 1956, 226394, 236910, 322300]","[10752, 28, 36, 53]",R,0,2017,42924227.41104634,5,FR
tt27534307,110.0,[3172],en,"[1157, 9714, 233380, 239407, 279542, 295907, 334576, 370665, 370666, 372765, 372766, 372767, 374177, 374178, 374179, 374180]","[27, 53]",R,1,2024,15395144.599284036,9,US
tt8291806,113.0,"[49, 981]",es,"[726, 744, 6026, 886, 2055, 158718, 162804, 194849, 224248, 235736, 240237, 258533, 259285, 325782, 325804]",[18],R,1,2019,13562205.80751891,3,ES
tt31322753,100.0,"[20312, 455, 144185, 1432]",en,"[6054, 931, 825, 1523, 2251, 3230, 6844, 9758, 9468, 9872, 9928, 34079, 158718, 163129, 204353, 210434, 241869, 249654, 258533, 275384, 289844, 312832, 316491, 325806, 325849, 363485]","[35, 18]",R,0,2025,2000000.0,9,US
tt10505918,179.0,"[16401, 35124, 77110]",ml,"[9701, 33424, 193686, 325761, 325809, 325840, 349587]","[28, 80, 53]",NR,0,2025,21035003.0,3,IN
tt22687790,103.0,"[127928, 1645, 28788, 84097, 297110]",en,"[818, 110, 697, 703, 2723, 9872, 12570, 14780, 33720, 155251, 160224, 161982, 162846, 163186, 197582, 207046, 210530, 232795, 256714, 265045]","[9648, 53, 80]",PG-13,0,2023,63398504.594488874,9,US
tt9648672,146.0,"[3522, 2320, 128182, 126727]",hi,[10104],[18],,0,2020,11448815.648023693,1,IN
tt3829266,107.0,"[1302, 22213, 25]",en,"[1297, 9663, 9951, 13031, 14909, 162365]","[878, 28, 53]",R,0,2018,112834346.54389992,9,US
tt4106376,106.0,"[264, 6896, 78298, 243, 101526, 104]",en,"[1454, 3588, 449, 1662, 7492, 11219]","[53, 28, 10752]",PG-13,0,2017,86939343.27424935,8,US
tt2872518,132.0,"[491, 32555, 72441, 1632]",en,"[818, 697, 186, 33720, 164881, 233107, 253695, 258703, 325824, 325851]","[18, 10751]",PG-13,1,2017,26269630.84280083,3,US
tt13923456,101.0,"[151425, 150656, 67285, 290, 9987, 118715]",en,"[131, 6220, 10391, 11663, 18035, 187056, 215490, 251543]","[35, 80, 28]",R,0,2023,43322311.472900726,4,US
tt3963816,107.0,"[3604, 10405, 63075, 76991, 40566]",en,"[6149, 974, 1812, 2052, 1929, 5340, 8057, 10051, 9727, 15127, 15321, 15363, 208847]","[28, 80, 53]",R,0,2016,20122165.172092866,7,US
tt2274648,120.0,"[48738, 552, 1020, 120256, 840, 214913, 342, 491]",en,"[212, 548, 2908, 9717, 161184, 179430, 179431, 202371, 222851, 230022, 240119, 245742, 252153, 255774, 256046]","[14, 27, 28, 12]",R,0,2019,62968639.88092742,4,US
tt2406566,115.0,"[10146, 3574, 23008, 24049, 87733, 92029, 2801]",en,"[220, 4654, 1568, 74, 470, 2106, 1776, 3183, 1988, 3278, 1295, 3637, 9717, 9826, 14555, 161982, 300148]","[28, 53]",R,1,2017,39404446.264201246,7,US
tt4799050,101.0,"[5, 34034, 53462, 76778]",en,"[6054, 416, 10123, 5248, 9713, 14964, 15111, 164865, 165547, 179430, 179431, 181656, 207819, 221023, 221475, 286227]","[18, 35]",R,0,2017,26269630.84280083,6,US
tt3079380,120.0,"[7076, 61791, 22213, 25]",en,"[591, 810, 90, 4654, 588, 470, 6163, 6349, 12551, 18117, 41185, 159560, 179430, 179431, 202296, 230556, 249136, 266855, 323521, 323522, 325836, 325837, 325844]","[28, 35, 80]",R,1,2015,88301137.40050058,5,US
tt4154916,107.0,"[435, 7193, 81985, 76314, 55244, 74208, 4298]",en,"[10124, 13063, 15186, 18035, 161219, 161294, 215131, 250089, 250090]","[878, 53, 18]",PG-13,0,2018,38466254.503602244,10,US
tt31314296,88.0,"[3172, 8840, 33]",en,"[4129, 2803, 13063, 14768, 18035, 34079, 159315, 175421, 178848, 202371, 256183, 288394, 295907, 309974, 315058, 325761, 325762, 325763, 325764, 325818]","[27, 9648]",PG-13,0,2025,12000000.0,3,US
tt10655524,130.0,"[5, 144610, 194285]",en,"[818, 128, 2299, 2754, 2778, 9856, 9673, 10303, 11925, 162810, 209792, 225012, 257139, 280688, 286957, 304976, 309974, 315053, 325766, 325776, 325791, 325856]","[18, 10749]",PG-13,1,2024,56448863.530708134,8,US
tt5221584,146.0,"[8997, 13969, 346, 9171, 2433]",pt,"[2660, 5768, 179867]",[18],NR,0,2016,1022529.2868627491,9,BR
tt9214832,124.0,"[10163, 2376]",en,"[548, 818, 10132, 207928, 210085, 248025, 319397]","[35, 10749, 18]",PG,1,2020,12437889.020850768,2,US
tt2909116,121.0,"[5, 24136, 11413, 2269, 40818, 856, 819, 22840, 243321, 2270]",zh,"[1994, 18165, 188270, 192772, 208992]","[12, 18]",,1,2015,51622203.40336957,2,CN
tt27911000,125.0,"[84591, 114220, 213025]",en,"[1299, 447, 290, 1879, 1468, 1991, 3616, 3199, 3458, 10292, 5984, 9663, 10714, 10809, 12339, 12394, 14546, 41329, 157676, 160174, 164829, 170499, 176691, 179569, 186466, 191327, 193048, 207317, 213134, 236343, 251513, 253411, 256183, 277050, 280075, 281237, 284439, 285961, 306196]",[27],NR,1,2024,2052685.9465712048,10,US
tt2771200,129.0,"[2, 10227]",en,"[254, 2343, 3205, 4375, 6513, 3098, 4344, 9714, 10541, 13031, 160279, 161271, 177895, 209220, 245230, 358931]","[10751, 14, 10749]",PG,1,2017,210157046.74240664,3,US
tt6334354,132.0,"[128064, 507, 11565, 174]",en,"[1299, 3269, 9715, 2095, 11100, 10292, 9717, 9951, 10085, 14909, 15234, 157634, 163074, 176217, 179430, 202371, 229266, 309974, 320420, 321464, 325811]","[28, 35, 12]",R,0,2021,219811057.16760603,7,US
tt20168564,142.0,"[118358, 7036]",ko,"[1563, 1521, 4379, 9951, 12995, 250198, 305493]","[878, 28, 14, 12]",NR,0,2022,26956099.393147543,7,KR
tt18924506,89.0,"[107196, 177482]",en,"[2946, 15134, 181659, 226737, 239902]",[99],NR,0,2022,5501244.774111743,5,US
tt7014006,93.0,"[41077, 258, 93105]",en,"[704, 3394, 10683, 10809, 13035, 165601, 176834, 226344]","[35, 18]",R,1,2018,2564416.9669068162,1,US
tt2283362,119.0,"[53462, 73669, 5]",en,"[282, 6211, 9663, 15299, 157155, 165317, 173374, 207372, 214527, 219404, 237523, 246466, 269958]","[12, 35, 14, 28]",PG-13,1,2017,118213338.79260373,12,US
tt1896747,132.0,"[142310, 27711, 194232]",en,"[9799, 7422, 156836, 208992, 226233, 373085, 373086, 373087, 373088, 373089, 373090, 373091, 373092, 373093, 373094]","[10749, 35]",PG-13,0,2024,102634297.32856025,7,US
tt1655441,112.0,"[126, 737, 1632]",en,"[4978, 582, 9673, 15070]","[10749, 14, 18]",PG-13,1,2015,33961975.92326946,4,US
tt1727824,134.0,"[25, 508, 3281, 22213]",en,"[212, 740, 4048, 1228, 5565, 9672, 10229, 9766, 10180, 10232, 18001, 158718, 208289, 258533, 325811]","[10402, 18]",PG-13,1,2018,66674841.139577225,10,US
tt3276924,93.0,"[67776, 10405, 67777, 67778, 76777]",en,"[8627, 6220, 8038, 10051, 10950, 15011, 18233, 220650, 227945, 371806, 371807, 371808, 371809, 372847, 373447]","[28, 80, 53, 18]",R,0,2015,12090463.428683925,11,US
tt6315524,139.0,"[85772, 16399]",ml,"[822, 428, 11107, 5939, 11612, 158774, 220991, 231942]","[18, 53, 10752]",,0,2017,1707526.0047820539,3,IN
tt5433138,143.0,"[333, 1225, 34530, 33, 105052]",en,"[3428, 10235, 9663, 164246, 179431, 238783, 243959, 286354, 325815]","[28, 12, 80]",PG-13,1,2021,237633575.31633082,5,US
tt4116284,104.0,"[2723, 8089, 9993, 77973, 174, 4081, 25120, 41624]",en,"[9715, 9717, 10542, 15285, 33637, 210090, 259376, 285485, 303310]","[16, 28, 35, 10751]",PG,1,2017,105078523.37120332,2,US
tt16606592,128.0,"[694, 57752, 83, 11773, 95061]",fr,"[2766, 2526, 41538, 198539, 233636, 240119, 274115, 280044, 293303, 310822, 323982]","[12, 18, 878]",,0,2023,16060954.497270513,10,FR
tt2368619,92.0,"[694, 7460, 10039, 20664, 104, 356]",en,"[591, 254, 258, 974, 9846, 13015, 217126, 228545]",[28],R,0,2016,26829553.562790487,4,US
tt2091256,89.0,"[521, 30246]",en,"[6054, 818, 9715, 3508, 3289, 5451, 10873, 12974, 15101, 160247, 250636, 314730, 325811, 325856]","[10751, 35, 16, 878, 28]",PG,1,2017,49912298.60132157,6,US
tt1856101,164.0,"[1088, 5, 1645, 57043, 79529, 101829]",en,"[2964, 803, 801, 310, 4565, 9663, 12190, 12375, 12670, 14570, 178657, 218132, 220903, 233512, 243676, 276605, 277551, 301096, 325830, 348204, 370793]","[878, 18]",R,0,2017,197022231.3210062,10,US
tt3672840,127.0,"[74459, 3407, 19658, 36958, 69484, 74456, 74457, 74458, 3393]",zh,[],"[12, 36, 28, 14]",R,0,2015,88301137.40050058,2,CN
tt8350360,106.0,"[76907, 11565, 12]",en,"[6152, 3335, 2604, 10093, 33630, 212661, 232669, 240764, 251513]",[27],R,1,2019,34003065.535700805,6,US
tt25433734,155.0,[189491],te,[],"[18, 10751, 10749]",,0,2023,8261881.790405141,12,IN
tt2582782,102.0,"[737, 20153, 3263, 8518, 1632, 5490, 24049]",en,"[5301, 1556, 2492, 7312, 10176, 11522, 15009, 18320, 41382, 155291, 168422, 168713, 184432, 188286, 325773]","[37, 80, 18]",R,1,2016,16097732.137674293,8,US
tt3521126,104.0,"[12, 8924, 16615, 17393, 41624, 91934]",en,"[2356, 931, 818, 3734, 5565, 9672, 9817, 10617, 12396, 33513, 179430, 179431, 181050, 187291, 198141, 208275, 220378]","[35, 18]",R,1,2017,13134815.421400415,3,US
tt4731008,91.0,"[8676, 694, 10159, 10160, 491]",de,"[2041, 977, 3478, 6733, 11477, 14527, 193083]","[16, 12, 10751]",PG,1,2016,18109948.65488358,2,US
tt1615160,113.0,"[36958, 47729, 139921, 139922, 116147, 78952, 3393, 13497]",en,"[779, 212, 818, 5167, 14552, 14985, 158431, 182216, 207525, 252204, 285712, 298532, 336325, 372401, 372869, 372870, 374255]","[28, 53, 80]",R,1,2017,45971853.97490145,9,US
tt14537248,97.0,"[3308, 202493]",en,"[2493, 2501, 9774, 10550, 10714, 13040, 15106, 161261, 235847, 256183, 258703]","[27, 18]",R,0,2023,3169925.2297244435,4,US
tt7693316,139.0,"[33681, 47729]",en,"[3264, 9672, 179430, 179431, 273967]","[10752, 18, 28]",PG-13,0,2022,99022405.93401137,11,US
tt3616916,105.0,"[3079, 2801, 10356]",no,"[612, 5747, 6941, 1191, 10617, 14785, 15370, 161281, 162327, 183126, 189411, 204009, 227169]","[28, 53, 18]",R,0,2015,8020551.252134789,8,NO
tt21192142,105.0,"[6705, 2376, 127929, 22213]",en,"[212, 818, 1533, 888, 4569, 9887, 5609, 7464, 9673, 9872, 9957, 10226, 10937, 33574, 34079, 156597, 156640, 156642, 158718, 168857, 188991, 207317, 235487, 240119, 240237, 258533, 281237, 281659, 286239, 319532, 323809, 325762, 325818, 327805, 331697, 337238]","[10749, 18, 14]",R,1,2023,5283208.716207406,12,US
tt6095472,97.0,"[91920, 5, 2251, 18642]",en,"[2041, 9823, 9663, 18035, 41645, 209266, 220815, 276775, 325783, 325805, 325819]","[16, 12, 35, 10751]",PG,0,2019,81859231.84520565,8,US
tt10954984,130.0,"[33, 88934]",en,"[387, 2804, 10201, 9951, 9738, 11479, 14909, 160515, 179430, 197401, 199692, 204173, 240485, 279115, 295907, 323910, 351222]","[27, 878]",R,1,2022,74816928.9279197,7,US
tt6266538,132.0,"[13184, 4740, 81]",en,"[521, 833, 6078, 1242, 5565, 15087, 161304, 193533, 206515]","[18, 35]",R,0,2018,76932509.00720449,12,US
tt8368368,122.0,"[34886, 5056, 25954, 61011, 64293, 23459, 225876, 2801, 1898, 52059, 96310, 108318, 240814, 254741, 290910, 290911]",en,"[242, 570, 417, 740, 3739, 6078, 1936, 1228, 5565, 9672, 10530, 10909, 11061, 159937, 161166, 163764, 164186, 164263, 165038, 171493, 179867, 186782, 200957, 208289, 239239, 240119, 243959, 309974, 330055]","[36, 18, 35]",R,0,2024,16421487.572569638,10,US
tt10806040,178.0,"[131148, 86347]",ta,[],"[28, 80, 53]",,0,2022,21124779.932589095,2,IN
tt2062700,129.0,"[7493, 22842]",en,"[128, 4048, 1556, 4746, 11190, 161188, 197100, 244886, 249626]","[10749, 18]",R,0,2017,13134815.421400415,3,US
tt4334266,118.0,"[13184, 149332, 211620]",en,"[259, 1930, 4565, 4458, 4849, 11494, 14895, 159028, 187056]","[28, 27, 878, 53, 10749]",R,0,2017,7880889.252840249,6,US
tt10370710,128.0,"[113596, 2801, 88231, 39407, 94, 228923, 6274]",no,"[817, 1003, 3725, 5756, 9696, 10163, 14602, 14669, 192687, 232244, 235670, 319397, 324886, 325849]","[18, 10749, 35]",R,1,2021,5940839.382908271,10,NO
tt26342662,120.0,"[3172, 76907, 89115]",en,"[803, 310, 1721, 1373, 1829, 3561, 9663, 9707, 10286, 14544, 33630, 158474, 200055, 202314, 204318, 212661, 231185, 240764, 322496, 335360, 338645, 340171]","[28, 878, 53]",PG-13,1,2025,15000000.0,6,US
tt6951892,110.0,"[6427, 103535, 33]",en,"[934, 3036, 4337, 9649, 179102, 223373, 226499, 237447, 240442, 253695, 302678, 335227, 337330]","[28, 18, 12]",PG-13,0,2018,4487729.6920869285,2,US
tt3758814,109.0,"[33603, 14589, 19456, 33768]",en,"[9276, 155497, 179803, 213913, 246996]","[28, 53]",PG-13,0,2021,47526715.063266166,6,US
tt3554046,115.0,"[25120, 148495, 174, 232733]",en,"[6075, 6513, 6496, 9663, 18249, 209220]","[10751, 35, 12, 16, 878]",PG,0,2021,178225181.48724812,7,US
tt5500218,102.0,"[21, 166120]",en,"[447, 4630, 9715, 5397, 10938, 11336, 10226, 12987, 14768, 15016, 33637, 156052, 157424, 158449, 159707, 160184, 168468, 170212, 188270, 193545, 194998, 269233]","[878, 80, 28]",PG-13,0,2022,110024895.48223487,8,US
tt8115900,100.0,[521],en,"[818, 1585, 1994, 2803, 3986, 3289, 10051, 11477, 15097, 17990, 158045, 179431, 208327, 240422, 309426, 319319, 325782, 325783, 325787, 325806, 325807, 325809, 325810, 325837]","[28, 16, 35, 80, 10751]",PG,1,2022,88019916.38578789,3,US
tt28228231,155.0,"[202426, 208617]",bn,[],"[28, 18, 10749]",,1,2023,243027.60094554067,6,BD
tt6910282,112.0,"[51696, 403, 11199, 8483, 19771, 94, 30666, 122842, 142408, 2250]",en,"[966, 1192, 9732, 13088, 33490, 33494, 187056, 245943]","[18, 10749]",R,0,2021,7723091.197780752,7,FR
tt1472584,92.0,"[53592, 290, 33365, 6220, 10427]",en,[9715],"[28, 12, 878]",PG-13,0,2016,13414776.781395243,10,US
tt8912936,105.0,"[25120, 73669, 231732, 429]",en,"[9715, 3289, 9717, 15162, 33637, 179430, 179431, 189481, 194404, 267848]","[10751, 35, 12, 16, 878]",PG,0,2022,99022405.93401137,7,US
tt7322224,147.0,"[104363, 288, 7970, 6505, 2801, 76888, 81121, 47416, 8483, 2999, 7281, 19771, 94, 20691, 178407, 11237]",en,"[10123, 8201, 10349, 9743, 11095, 14514, 14818, 34221, 178895, 180100, 180798, 188277, 231832, 253419, 266720, 324324]","[35, 18]",R,0,2022,17163883.69522864,9,GR
tt3658772,106.0,"[3604, 85885, 100121, 59367]",en,"[1930, 1595, 3734, 10909, 12565, 34079, 180172, 214652, 219833, 222019, 239954, 241274, 278279, 345605, 345606]","[18, 53]",R,0,2016,14756254.459534768,2,US
tt3581652,156.0,"[127928, 56, 22213]",en,"[242, 246, 1691, 542, 699, 3691, 4344, 10181, 10131, 12425, 164246, 165100, 165241, 208611, 250809, 255632, 324429, 325778, 325854]","[18, 10749, 80]",PG-13,0,2021,118816787.65816541,12,US
tt5215952,156.0,"[7485, 107897, 127877, 112148]",ko,"[5600, 1415, 6149, 5340, 2626, 9712, 9826, 10093, 11004, 10541, 11326, 12377, 15001, 41557, 156174, 162810, 162846, 175681, 208426, 209568, 221728, 233025, 325818]","[27, 9648]",NR,1,2016,14690522.053305931,5,KR
tt7985704,114.0,"[14, 47729, 2900]",en,"[779, 212, 797, 744, 5265, 470, 4289, 10950, 322575]","[28, 35, 53, 12]",R,0,2023,52832087.16207406,1,US
tt5073642,111.0,"[34519, 125049, 112399, 12142]",en,"[4932, 4271, 2766, 3875, 10221, 3623, 11323, 14909, 18035, 41393, 156866, 157466, 172784, 207419, 215959, 234462, 240422, 251524, 287274, 325775, 375719]","[27, 878, 9648, 53]",R,0,2020,7462733.41251046,1,US
tt2397461,96.0,"[4, 8147, 114732, 30246, 7311]",en,"[818, 15162, 162628, 208152, 209220, 275266]","[10751, 12, 35, 14]",PG,0,2021,76042744.10122587,11,US
tt5950044,129.0,"[94218, 11565, 184898, 216687]",en,"[851, 9715, 9717, 33637, 161184, 165212, 179430, 179431, 188270, 194404, 312528, 317466, 325824, 352121, 373623, 373624, 373625, 373626, 373627]","[878, 12, 28]",PG-13,1,2025,225000000.0,7,US
tt10059518,90.0,"[52180, 133831, 290, 19638]",en,"[6259, 2879, 6844, 9826, 11363, 14768, 15295, 18008, 18326, 156661, 158606, 159931, 162388, 191527, 200235, 211661, 239260, 262505, 310491, 321464, 325422, 325423, 325424, 325425]","[28, 53, 27]",R,0,2020,41045033.76880753,7,US
tt3181822,91.0,"[44783, 3172, 1620]",en,"[1326, 6270, 970, 697, 1523, 6255, 1936, 3289, 4513, 6844, 3979, 9740, 10048, 10226, 155532, 157799, 202371, 207767]",[53],R,1,2015,5433916.147723113,1,US
tt3195644,97.0,"[3172, 8147]",en,"[6152, 2723, 9663, 10114, 9675, 15001, 223914, 241161, 256183, 314730, 315058]","[27, 53]",PG-13,1,2015,13584790.369307783,5,US
tt20850406,163.0,"[80065, 104527]",te,"[254167, 287390, 311952, 321464, 324429, 324700, 325761, 325775, 325856, 336395]","[36, 10749, 18]",,1,2022,3740846.4463959853,8,IN
tt15314262,105.0,"[14, 118475, 218150]",en,"[1700, 9679, 181635, 188955, 232766, 272551, 273209, 277712, 306255, 320594, 370688, 372841, 372842, 372843, 372844]","[28, 80, 53]",R,1,2024,35922004.064996086,1,US
tt26439870,147.0,"[100972, 72730]",hi,[],"[18, 28]",PG-13,0,2025,9400000.0,1,IN
tt33549447,125.0,"[10146, 81, 273147]",en,"[10235, 205734, 240119, 243959]",[18],R,0,2025,11000000.0,10,US
tt3859076,125.0,"[34982, 2607]",en,"[840, 818, 2946, 917, 5565, 13424, 14641, 215664, 252104]",[18],R,0,2015,13041398.75453547,10,US
tt24216998,90.0,"[108505, 140114]",fr,"[6054, 236, 1252, 3133, 4197, 1899, 3302, 3356, 4690, 6733, 6719, 10683, 10624, 9748, 14534, 18454, 41351, 154777, 162810, 163182, 166126, 167982, 171411, 176585, 181958, 187056, 190830, 191045, 198423, 202647, 203593, 223612, 224795, 230566, 231729, 236789, 238140, 241662, 253562, 259376, 263851, 268054, 269365, 284439, 296608, 306072, 309974, 311947, 322627, 324713, 325786, 325804]","[10749, 35, 14, 27]",,0,2023,3169925.2297244435,10,CA
tt9419056,99.0,"[768, 3287]",en,"[616, 4232, 15001, 197582, 200234, 208327, 211659, 239680, 240422, 249136, 281585, 325762, 325763, 325766, 325770, 325773, 325835]","[27, 9648]",PG-13,1,2021,11881678.765816541,3,US
tt4513674,96.0,"[12966, 1824]",en,"[613, 1009, 128, 3149, 6038, 3344, 9673, 9826, 10048, 11677, 12396, 12670, 14669, 156037, 164193, 183896, 214548]","[35, 18, 10749]",PG-13,0,2016,40244330.34418573,5,US
tt4123430,134.0,"[174, 437]",en,"[616, 242, 90, 2343, 3884, 4252, 9663, 9777, 33386, 177912, 195269, 207876, 246466, 269233, 294922]","[14, 12]",PG-13,1,2018,256441696.69068164,11,US
tt7515456,107.0,"[5056, 25954, 104517, 21602]",en,"[1956, 219408]","[10752, 18, 28]",R,0,2018,12822084.834534083,9,GB
tt26446278,178.0,"[20339, 7981, 1115, 188578, 209127, 19037, 22127]",fr,"[818, 6932, 9748, 171989, 186378, 207928, 372368, 373407, 373408, 373409, 373410, 373411, 373412, 373413, 373414]","[12, 28, 18]",NR,0,2024,47211776.771137714,6,FR
tt5776858,130.0,"[10146, 13184, 10338, 211621, 178]",en,"[212, 1157, 1523, 6199, 7024, 9304, 13005, 13027, 15479, 167198, 182410, 196751, 208611, 209673, 236197, 240485, 324429]","[18, 10749]",R,0,2017,45971853.97490145,12,US
tt5721088,91.0,"[83397, 49389, 89171, 8147, 975, 69850]",en,[],"[28, 35]",PG-13,0,2017,28896593.92708091,12,US
tt4772188,85.0,"[153335, 12433, 101516, 94, 792]",lv,"[270, 977, 1422, 4565, 10349, 15162, 162715, 173272, 181033, 208349, 211659, 277462, 278823, 285070, 285485, 293198, 309974, 318270, 322942, 325761, 325787]","[12, 16, 10751, 14]",PG,1,2024,3797469.001156729,8,LV
tt20330434,102.0,"[149, 9, 108769, 237221, 11199, 83]",fr,"[90, 207046, 214548, 309270]","[80, 35, 9648, 18]",,0,2023,14475991.882408293,2,FR
tt23055660,140.0,"[81, 8469, 10039, 267168]",en,"[1196, 242, 739, 818, 3184, 3230, 6984, 5835, 9672, 12425, 159959, 171989, 192772, 207691, 208384, 208992, 209476, 239797, 251436, 254391, 256015, 267659, 269808, 270891, 287033, 287803, 308144, 309964, 325773, 325778]","[18, 36]",PG-13,0,2024,23811156.980225977,12,US
tt2382320,163.0,"[7576, 21]",en,"[1865, 818, 970, 3446, 351, 470, 14555, 18035, 156095, 159947, 206959, 211659, 219965, 306278, 325778, 356660]","[28, 53, 12]",PG-13,1,2021,297041969.1454135,9,GB
tt27679608,127.0,"[86347, 88003]",hi,[],"[28, 80, 53]",,0,2025,2940000.0,1,IN
tt7144666,103.0,"[3172, 162439, 33]",en,"[2546, 1415, 516, 1566, 380, 1930, 625, 1228, 6152, 2602, 1981, 6733, 9866, 10714, 12339, 156866, 161545, 170865, 190531, 200918, 256183]","[27, 53]",R,1,2022,17603983.27715758,6,US
tt7510346,94.0,"[7, 829, 7294, 256006]",en,"[818, 3358, 9712, 11323, 165468, 181109, 183126, 187056, 206834, 279542, 305508, 341055]","[27, 53]",PG-13,0,2020,17413044.629191075,1,US
tt6512784,135.0,[95334],hi,"[5565, 13015, 15011, 247884, 247885]","[80, 18]",,0,2017,3152355.7011360996,9,IN
tt4679210,156.0,[32732],ml,"[1691, 3450, 10683, 10508, 9673, 10703, 18425, 156096, 164246, 210304, 290395, 325775]","[35, 10749]",,0,2015,842257.0028970825,5,IN
tt13186482,118.0,[2],en,"[6054, 439, 2043, 4344, 9675, 10787, 171826, 171854, 177973, 245230, 248927, 262419, 309974]","[12, 10751, 16]",PG,1,2024,205268594.6571205,12,US
tt34621892,98.0,"[19916, 155990, 176106]",it,"[131, 9840, 9673, 254464, 335463]","[10749, 35]",,0,2025,8988900.0,2,IT
tt11315808,138.0,"[174, 83036, 216687]",en,"[9717, 9663, 41410, 159315, 163074, 208289, 223044, 223521, 286529, 372070]","[18, 80, 53]",R,0,2024,195005164.92426446,10,US
tt14121726,88.0,"[149897, 6353, 68738, 207899, 254861]",en,[],[27],R,0,2022,5501244.774111743,9,US
tt23778968,98.0,"[215760, 215761, 215762]",en,"[4129, 11454, 11322, 12670, 167608, 179431, 224818, 267659, 273867, 298930, 302138, 309974, 319319, 323099, 325765, 327682, 367033]","[28, 35, 12]",PG-13,1,2024,5131714.866428012,6,US
tt8461224,95.0,"[10246, 118475, 136607, 90761]",en,"[11448, 10235, 9104, 9368, 9748, 10726, 12670, 206594, 283894]","[28, 80, 18]",R,0,2020,37313667.0625523,8,US
tt30274401,104.0,"[3172, 211144, 116736]",en,"[1373, 4733, 9663, 10714, 41180, 41645, 158340, 170309, 179430, 179431, 207400, 214846, 215790, 240764, 256183, 256908, 325665, 340171]","[27, 53]",PG-13,1,2025,36000000.0,12,US
tt2345759,110.0,"[90517, 33, 188646, 19857]",en,"[1160, 1299, 6152, 2904, 3335, 9714, 156081, 163338, 330883]","[14, 53, 28, 12, 27]",PG-13,1,2017,164185192.76750517,6,US
tt2452150,145.0,"[21, 13240, 125590, 256006, 60824, 129446]",en,"[2032, 5565, 251436, 256015, 338547]","[18, 10402, 36]",PG-13,0,2021,65349233.211990975,8,US
tt1731701,96.0,"[46976, 41624, 76991]",en,"[6270, 782, 9679, 33705]","[28, 35, 12, 10749]",PG-13,0,2015,20377185.553961672,4,US
tt19623228,143.0,"[95747, 88231, 96298, 2801, 17317]",da,"[6025, 185718, 243784]",[18],NR,0,2022,5501244.774111743,12,DK
tt13204490,73.0,"[43649, 591]",fr,"[9872, 156597, 157955, 187056, 240315]","[18, 14]",PG,0,2021,3683320.417403128,6,FR
tt16539454,201.0,"[69125, 93335, 258979]",te,"[9663, 346526]","[28, 18, 53, 80]",NR,1,2024,54293543.28680837,12,IN
tt1666185,139.0,"[10210, 96684, 6626, 112794, 491, 1632]",en,"[4562, 5565]","[36, 18, 10402]",R,0,2017,52539261.68560166,6,US
tt27724113,108.0,[3079],no,"[1956, 9672, 15354, 195862, 207883, 248667, 274584, 372830, 372832, 372833, 372834, 372836, 372837, 372838, 374191, 374193]","[10752, 18]",,0,2023,6973835.505393776,12,NO
tt4361050,99.0,"[2481, 33, 57031, 3172]",en,"[6152, 9712, 9675, 13153, 179430, 208992]",[27],PG-13,1,2016,12073299.103255719,10,US
tt11140488,85.0,"[46453, 49959]",en,"[1415, 1994, 5303, 5340, 10123, 4550, 8015, 9826, 10714, 11727, 12564, 207046, 240303]","[27, 53]",R,0,2020,2487577.8041701536,10,US
tt1620935,117.0,"[23243, 1047, 37765, 86096]",en,"[240, 6075, 6211, 2792, 4610, 5565, 5713, 209476, 223064, 281585]",[18],R,0,2016,8048866.068837146,11,US
tt3183660,132.0,"[437, 174]",en,"[616, 242, 642, 10685, 3822, 2343, 4702, 5477, 15285, 159451, 177912, 189094, 195269, 207876, 246466, 362888, 362889]","[14, 12]",PG-13,1,2016,241465982.06511438,11,US
tt3416532,108.0,"[1246, 6735, 8111, 53490, 112286, 2674]",en,"[1566, 1299, 818, 3030, 1158, 6256, 3352, 2679, 6733, 6564, 10624, 10163, 14673, 164039]","[14, 12, 10751]",PG-13,0,2016,57683540.15999955,10,ES
tt8333978,176.0,"[80065, 14464, 12299]",te,"[4480, 4108, 5888, 33626, 163118, 194451, 238508, 254655, 308175, 345457]","[18, 28]",,1,2019,15112473.571422582,5,IN
tt7286456,122.0,"[174, 83036, 79, 13240, 128064]",en,"[3679, 9717, 11479, 12565, 18023, 41329, 41665, 164186, 166235, 170356, 172144, 190823, 196003, 208289, 240237, 242214, 315529, 352649, 370792, 370793]","[80, 53, 18]",R,1,2019,69265503.86902016,10,US
tt12873562,105.0,"[3287, 219856]",en,"[236, 548, 3133, 6038, 12545, 42923, 224795, 255600, 261274]","[27, 53]",PG-13,1,2022,11002489.548223486,8,US
tt4701660,94.0,"[86767, 3477, 170423, 17818, 2270]",zh,[5938],"[35, 14, 10749]",R,1,2016,81454524.61663193,2,CN
tt9052870,143.0,"[12154, 60536]",hi,"[6054, 3616, 263187]","[10749, 35, 18]",,1,2019,8595219.343746593,9,IN
tt4244994,152.0,"[127928, 29313, 221347]",en,"[818, 3098, 3230, 4299, 9672, 11038, 10141, 10466, 12965, 14643, 15126, 18396, 175245, 184352, 192772, 193071, 199812, 222842, 237612, 247681, 258962, 290807, 325788]","[36, 18, 28, 53]",R,0,2021,118816787.65816541,10,US
tt3838992,88.0,"[16301, 23700, 35043, 13642, 16934]",en,"[1329, 2652, 1420, 5828, 9663, 12392, 15285, 164060, 229863]","[35, 14, 27, 28]",PG-13,0,2016,6707388.390697622,7,Unknown
tt10365998,117.0,"[99366, 82552, 51614, 119153, 860, 90733, 806, 850]",en,"[1326, 2041, 1284, 402, 1664, 1817, 3298, 9887, 6876, 5914, 11483, 10131, 13129, 33740, 156277, 283085, 316148]","[27, 878, 53]",R,0,2023,4754887.844586666,1,CA
tt1070874,129.0,"[7, 2527]",en,"[520, 6145, 2339, 4243, 9672, 11550, 12192, 12995, 208647, 208992, 214780, 222517, 315053, 325765, 325772]","[18, 36]",R,0,2020,43532611.572977684,9,US
tt3040964,106.0,"[2, 7297, 20478]",en,"[818, 1585, 2857, 1994, 4809, 5650, 11477, 9714, 10787, 10468, 13014, 14759, 15149, 18165, 167625, 209220, 245230, 270813]","[12, 10751, 14]",PG,1,2016,234758593.67441675,4,US
tt9100054,121.0,"[100640, 129008, 117747, 19246, 24662]",en,"[5600, 456, 966, 818, 1200, 6876, 33630, 176227, 187056]",[18],R,0,2021,5940839.382908271,12,US
tt16277242,144.0,"[207052, 217668, 178464]",es,"[10084, 6054, 818, 6157, 1228, 3156, 9672, 7912, 7992, 15354, 159212, 191446, 191724, 192772, 249530, 259094, 278235, 336210, 349761]","[18, 36]",R,0,2023,69210034.18231702,12,ES
tt9731598,115.0,"[33, 10105, 23876]",en,"[715, 888, 2598, 9799, 158718, 169333, 173662, 183440, 226257, 240305, 247192, 258533, 265777]","[35, 10749]",R,0,2022,24205477.00609167,9,US
tt14439896,124.0,"[169668, 86077]",en,"[9672, 10093, 18396, 210608, 226774, 348125, 361547, 373887, 373888, 373889, 373890, 373891, 373892, 373893, 373894, 373895]",[18],R,1,2022,4400995.819289395,4,US
tt11832046,86.0,"[71738, 2348, 4, 8649, 199314]",en,"[6513, 11107, 15162, 18165, 178898, 208349, 269769, 278823]","[28, 12, 16, 35, 10751]",G,1,2021,30892364.791123006,8,US
tt1727776,93.0,"[8000, 69656, 5698, 4]",en,"[1366, 1890, 2333, 10292, 3688, 12377, 18315, 162521, 169990, 179430, 186565]","[35, 27]",R,0,2015,20377185.553961672,10,US
tt6628394,141.0,"[25, 51964, 22213]",en,"[2957, 447, 585, 458, 2380, 2669, 4431, 9433, 9376, 11737, 14527, 164364, 176516, 184426, 200574, 207268, 208992, 239797, 249977]","[53, 9648, 80]",R,0,2018,41030671.47050906,10,US
tt5897636,97.0,"[63364, 26174]",ca,"[548, 9672, 13088, 18035, 157213, 157955, 187056, 210608]",[18],NR,1,2017,1260942.2804544398,3,ES
tt7818580,107.0,"[5444, 784, 21914, 67412]",es,"[5509, 5882, 3683, 198423, 208250, 211362, 212059, 214548, 217885, 227302, 229481, 258246, 258247]","[18, 36, 10752]",,1,2019,5963991.607717399,9,ES
tt14317880,112.0,"[137610, 50630, 124283, 83, 84048, 107356, 205052]",fr,"[5477, 5569, 9714, 9732, 9817, 11613, 12377, 14529, 33490, 157351, 166323, 235736, 245446, 262989, 284439, 314315, 325286, 326201, 333113, 333233, 338604, 351501]","[27, 35]",NR,0,2022,4731070.5057361,5,FR
tt4701724,89.0,"[694, 297]",en,"[6075, 4428, 6015, 10121, 10506, 159955, 197065, 230385, 234655, 235616]","[10751, 35, 16, 12]",PG,0,2018,64110424.17267041,1,GB
tt32246771,104.0,"[32301, 234094, 150239, 41077, 2806]",en,"[380, 4720, 6152, 10201, 9872, 34079, 164881, 200918, 202371, 209568, 249816, 254844, 256183, 267689, 283085, 315058]",[27],R,1,2025,15000000.0,5,AU
tt2555736,122.0,[2376],en,"[2803, 14636, 163514, 208327, 240422, 325765, 325769, 325772, 325775, 325781, 325782, 325853]","[18, 35]",PG,1,2015,13584790.369307783,2,GB
tt9248972,130.0,"[35063, 12154, 15000]",hi,"[2660, 839, 3376, 155170, 191092, 281585, 328926]","[18, 36]",,1,2019,5756593.057914385,8,IN
tt21692408,94.0,[521],en,"[779, 780, 478, 3289, 9663, 8531, 11477, 14569, 166726, 281445, 325783, 325832, 325843]","[28, 12, 16, 35, 10751, 14]",PG,1,2024,82107437.86284819,3,US
tt1298644,93.0,"[79566, 21, 102500, 115634, 233919]",en,"[622, 271, 2803, 10453, 10454, 9714, 179430, 209095, 209792, 225012, 325769, 325775, 325781, 325782, 325783, 325809, 325810, 325836, 325840]","[35, 80]",PG-13,1,2019,26446828.749989517,5,US
tt3626742,99.0,"[4601, 289486]",es,"[2310, 6559, 9566, 185728, 190271, 206887, 209592, 223558, 223562]","[35, 10749, 10751]",PG-13,1,2015,6113155.666188502,11,ES
tt17277414,117.0,"[729, 1992, 206196, 71885, 206197, 1926, 83, 591, 182170, 222774, 175169]",fr,"[1326, 254, 4833, 5870, 6541, 9840, 9886, 11869, 154794, 160279, 187360, 196513, 261151, 345747]","[18, 36, 10749]",,0,2023,23668775.04860918,5,FR
tt6920084,107.0,"[47, 3287, 266136]",en,"[1865, 6783, 4565, 1852, 4884, 12377, 12545, 15321, 41645, 161184, 166701, 179431, 186523, 210608, 270319, 324886, 325799]","[28, 27, 878]",R,0,2021,29704196.914541353,11,US
tt1413492,130.0,"[79529, 1088, 33681, 130, 101829]",en,"[591, 818, 3541, 9672, 7955, 214463, 321464, 325835]","[10752, 18, 28, 36]",R,0,2018,44877296.92086929,1,US
tt1172049,101.0,"[737, 2130, 33681, 24049]",en,"[1326, 242, 697, 3725, 10123, 4230, 4604, 9844, 11488, 10655, 9872, 10776, 10180, 11612, 13063, 159103, 163037, 172291, 187786, 208397, 226257, 226768, 325791]","[35, 18]",R,0,2016,13414776.781395243,4,US
tt2361317,129.0,"[562, 29313, 174]",en,"[1196, 818, 947, 9673, 9748, 10085, 10291, 207876, 214548]","[80, 18, 53]",R,0,2016,120732991.03255719,12,US
tt4348012,86.0,"[23921, 84301, 99912, 142877, 43808, 123722]",en,"[6898, 6149, 1470, 1435, 1438, 2150, 8632, 9744, 9826, 12377, 14964, 18326, 188957]","[28, 35, 27]",NR,0,2017,3283703.8553501037,11,US
tt5226984,117.0,"[6159, 7048, 84232, 84233]",fi,"[1956, 5565, 10180, 158718, 165614, 241179, 258533, 259285]",[18],,0,2017,5516622.476988174,2,FI
tt6971752,119.0,"[93991, 3653]",hi,[252486],"[10749, 35]",,1,2017,4499823.578179015,8,IN
tt21276958,104.0,"[7493, 167684, 178718]",en,[],[35],R,0,2024,3797469.001156729,3,US
tt3859980,155.0,"[2320, 3119]",hi,"[3185, 14636, 179300, 235616]","[12, 18, 36, 10749]",,0,2016,22805120.528371915,8,IN
tt6499752,100.0,"[6748, 7625, 3172, 107787, 11840, 73625, 14430]",en,"[2964, 310, 2157, 6149, 1576, 679, 4565, 9748, 9826, 11930, 12190, 12375, 14707, 46955, 157959, 184343, 244256, 244751, 283085, 312898, 324068, 340171]","[28, 53, 878]",R,1,2018,3846625.4503602246,5,US
tt6932874,107.0,[521],en,"[1009, 5306, 9663, 10159, 18027, 18035]","[16, 35, 12, 10751]",PG,0,2021,97429765.87969564,7,US
tt7752126,90.0,"[94218, 3287, 11341, 116562]",en,"[1157, 548, 1468, 2755, 7658, 33637, 163074, 240119, 240237]","[27, 878]",R,1,2019,7556236.785711291,5,US
tt31844586,89.0,"[177094, 182028, 62408]",fi,"[9663, 207883, 239094, 353736, 370993, 370994, 370995, 370996, 370997, 370998, 372530, 372706, 373666, 373667]","[28, 10752, 53]",R,0,2025,12200000.0,10,FI
tt1935194,93.0,"[19037, 18626, 78821, 7561, 46352, 252022, 356, 128437, 22127]",en,[],"[53, 28, 9648]",PG-13,0,2017,37053712.288677834,6,US
tt5613484,85.0,"[41077, 22842]",en,"[387, 390, 10041, 10683, 12670, 161166, 204058, 210608, 211510, 258533, 296608, 353179, 363266]","[18, 35]",R,1,2018,2179754.421870794,10,US
tt2704998,100.0,"[12, 37361, 1302, 103376, 444]",en,"[931, 1157, 2587, 2466, 10123, 6060, 9748, 10226, 15162, 18249, 155939, 167830, 176425, 179430, 241752, 243959, 258604, 333185]","[9648, 35, 80]",R,1,2018,47441713.88777611,2,US
tt3986820,111.0,"[7787, 105876, 105877, 105878, 12142]",en,"[236, 380, 5301, 6152, 6158, 5707, 10854, 220800, 225304, 287274]","[878, 27, 53]",NR,0,2017,1313481.5421400415,11,US
tt2446980,124.0,"[711, 13184, 1302, 58907, 22213]",en,"[1382, 2660, 1436, 5565, 9672, 40865, 171068, 187363, 210608, 233558]","[18, 35]",PG-13,0,2015,81508742.21584669,12,US
tt4572514,133.0,"[72441, 8537, 13778, 91797, 8536, 1632, 5490]",en,"[1680, 1700, 2993, 9672, 13015, 225219, 226499, 229773]","[28, 80, 18, 36, 53]",R,0,2016,60366495.516278595,12,US
tt5095030,118.0,[420],en,"[4580, 1566, 332, 334, 3713, 1721, 9715, 3126, 3312, 6380, 9717, 7035, 9663, 9856, 9790, 9820, 10045, 10124, 10718, 10873, 12101, 33896, 158141, 161678, 166726, 179430, 179431, 180547, 189099, 219404, 240303, 240315]","[28, 12, 878]",PG-13,1,2018,179509187.68347716,7,US
tt7504818,107.0,"[121605, 22213, 31922]",en,"[18035, 285795]","[16, 878, 10751, 35]",PG,0,2021,67725568.96515429,10,US
tt29603959,110.0,"[25577, 4, 247121, 216687, 238806]",en,"[4424, 9715, 10123, 15363, 18233, 170217, 209197, 309270, 322496, 347551, 372513, 372514, 372515, 374063, 374064, 374065]","[28, 35, 53]",R,0,2025,18000000.0,3,US
tt2404233,127.0,"[3528, 88715, 491, 908, 72441, 1632, 162558]",en,"[10084, 1160, 1721, 2906, 2035, 9649, 9727, 18034, 157894, 163338, 227686, 362634]","[28, 12, 14]",PG-13,0,2016,187806874.9395334,2,US
tt0859635,99.0,"[2773, 52948, 106322, 43]",en,"[6149, 8015, 9663, 179430, 179431, 190888, 200500, 226825]","[35, 80, 9648]",R,0,2018,17309814.52662101,4,US
tt5140878,109.0,"[76907, 12, 11565, 41624]",en,"[3335, 9675, 9707, 15001, 15285, 161261, 162846, 179430, 179431]",[27],R,1,2017,19702223.132100623,8,US
tt4065552,132.0,"[11199, 77737, 96653]",fi,"[818, 1956, 235767]","[10752, 18]",,0,2017,10507852.337120332,10,FI
tt13453006,130.0,"[7493, 88152]",en,"[1556, 5857, 5625, 7344, 155817, 162219, 163758, 207693, 208156, 209792, 251667, 257783, 283118, 286237, 311315, 323572, 325761, 325762, 325763, 325764, 325766, 325773, 325779, 325783, 325803, 325812]","[18, 35]",R,0,2021,1306984.6642398196,12,US
tt4432480,149.0,[],kn,"[18011, 155251, 158639]","[27, 9648, 53]",,1,2015,665654.7280960813,7,IN
tt4136084,111.0,"[288, 892, 7981]",en,"[242, 5565, 12990, 155493, 156037, 164920, 180399, 190203, 207883, 222079, 235173, 235768, 238082, 251613, 267979, 289471, 309631, 336117]","[35, 18]",PG-13,0,2016,38902852.66604621,5,GB
tt21261712,122.0,"[13089, 113521]",en,"[5565, 6782, 9672, 7464, 41329, 163133, 185974, 208289, 210608, 211044, 252104, 254106, 257783, 325761, 325784]","[10402, 36, 18]",R,0,2024,30790289.198568072,4,GB
tt4513678,124.0,"[5, 13240, 2364, 84042]",en,"[1415, 6155, 3093, 5609, 9663, 162846, 164246, 179430, 179431, 196960, 229863, 245207, 276130, 288025, 325811]","[14, 35, 12]",PG-13,1,2021,89112590.74362406,11,US
tt6543652,89.0,"[6477, 105124, 94, 7281, 5778, 250, 129370, 125737, 54245, 20771, 121048, 228923]",pl,"[220, 90, 2106, 9673, 10703, 12999, 208611, 208992]","[10749, 10402, 18]",R,1,2018,6352701.931269911,6,PL
tt6491178,159.0,"[108781, 89122, 13238, 116266, 36109, 100640, 491]",en,"[1321, 1157, 417, 380, 1562, 10051, 9826, 10950, 14707, 15009, 156121, 166491, 190722, 199072, 210162, 252962, 312898]","[80, 28, 53]",R,0,2019,18890591.96427823,2,US
tt4981636,92.0,"[1632, 5490, 6735]",en,"[10873, 13035, 15101, 207984, 209220, 234125]","[10751, 35]",PG,1,2016,11402560.264185958,10,US
tt7365604,113.0,[8533],en,"[6054, 2726, 2735, 2393, 9840, 12670, 15162, 208152, 237115, 252106, 254114, 328021, 357092]","[35, 10751, 10749]",PG,0,2018,12822084.834534083,8,US
tt3385524,98.0,"[107190, 8147, 1219, 112765, 288, 58, 69850, 24049]",en,"[212, 1786, 3230, 3485, 5565, 9672, 169085, 173687, 208611, 214548]","[35, 18]",PG,0,2018,12822084.834534083,12,US
tt1211837,115.0,[420],en,"[2343, 9715, 4613, 9717, 10821, 13005, 155583, 158591, 177912, 179430, 179431, 180547, 242214, 299365, 325763, 325764]","[14, 12, 28]",PG-13,1,2016,241465982.06511438,10,US
tt4158624,92.0,"[7437, 188]",en,"[14768, 34221, 158718, 187056, 234700]","[35, 18]",,0,2016,13414776.781395243,10,US
tt5362988,107.0,"[100460, 3528, 20153, 68413, 76314, 6626, 76315, 27497, 112050, 36109, 856]",en,"[1016, 1812, 5340, 10322, 9826, 155805, 178895, 197582, 199524, 208251, 266753, 276605, 323809, 325773, 325775, 325816, 367415]","[80, 9648, 18, 53]",R,1,2017,14448296.963540455,8,US
tt3595298,164.0,"[12154, 66728]",hi,"[2505, 4833, 4788, 12653, 202635, 203322]","[10749, 18, 28]",NR,1,2015,31788409.46418021,11,IN
tt10648714,136.0,"[5630, 103131, 3419, 99796, 125613, 76049, 15755]",ru,"[269, 1618, 2803, 4232, 9672, 164246, 192094, 197582, 208251, 210326, 239797, 251667, 266753, 281585, 325762, 325763, 325766, 325770, 325773, 325781, 325784, 325816, 325822, 325825, 325835, 325838]","[18, 36, 28]",PG,0,2021,10812327.676893052,4,RU
tt5669936,90.0,"[23688, 8583, 31787, 89913, 94102]",en,"[9678, 5086, 9739, 12553, 13209, 14909, 50009, 238752, 281237, 285961, 309386, 323910]","[878, 27]",R,0,2017,6567407.710700207,6,CA
tt3766394,90.0,"[16945, 19548, 230647, 112037]",en,"[242, 9835, 10483, 14522, 41406, 157799, 186779, 208275, 220831]","[35, 18, 10749]",R,1,2015,1358479.0369307783,11,US
tt6322922,98.0,"[6735, 18073]",en,"[1824, 2210, 5769, 12332, 14756, 15174, 156388, 178027, 210624, 221653, 238508, 254028, 254781, 270977, 274947, 305898, 311826, 329271]",[99],PG,1,2017,1313481.5421400415,7,US
tt11286314,138.0,[125055],en,"[310, 833, 1423, 2210, 8201, 5769, 4803, 10150, 11479, 11514, 10221, 10222, 10617, 41355, 41596, 161292, 179430, 179431, 225219, 325854]","[35, 878, 18]",R,0,2021,89112590.74362406,12,US
tt3488328,104.0,"[23283, 17161, 56344, 56343]",en,[],[28],R,0,2015,10188592.776980836,5,US
tt14564000,159.0,[69898],te,"[2858, 11436, 10085, 41282, 171989, 240237, 258973]","[28, 18]",,0,2024,24699969.995091308,1,IN
tt2978102,93.0,"[10339, 60266, 24277]",en,"[1419, 9717, 10176, 238144, 301392, 301393]","[53, 18, 28, 9648]",R,0,2016,22134381.68930215,4,US
tt11152168,104.0,"[4, 29312, 104228]",en,"[6054, 7942, 179430, 202322, 209220, 275041]","[35, 14, 10751]",PG,0,2024,112897727.06141627,5,US
tt6760876,127.0,"[51696, 11068, 30666, 11199, 83, 15433, 5162]",en,"[416, 701, 5265, 470, 13015, 168186, 193272, 210608, 238884, 267803, 267884]","[18, 36, 53]",R,0,2020,13097097.138955858,1,FR
